qid,idx_old,question_old,gold_old,pred_old,f1_old,p_old,r_old,time_old,pred_new,f1_new,p_new,r_new,time_new,delta_f1,delta_time,delta_t,category
5a8c7595554299585d9e36b6,2,What government position was held by the woman who portrayed Corliss Archer in the film Kiss and Tell?,Chief of Protocol,Secretary of State,0.33,0.33,0.33,8.7,Shirley Temple,0.0,0.0,0.0,7.92,-0.33,-0.7799999999999994,-0.7799999999999994,实体跑偏/证据跑偏
5a7166395542994082a3e814,11,"What is the name of the fight song of the university whose main campus is in Lawrence, Kansas and whose branch campuses are in the Kansas City metropolitan area?",Kansas Song,Kansas Song,1.0,1.0,1.0,7.9,Kansas Song (We’re From Kansas),0.57,0.4,1.0,7.79,-0.43,-0.1100000000000003,-0.11000000000000032,多余解释/冗余输出（Precision掉）
5ab56e32554299637185c594,14,Are Random House Tower and 888 7th Avenue both used for real estate?,no,no,1.0,1.0,1.0,9.56,yes,0.0,0.0,0.0,8.71,-1.0,-0.8499999999999996,-0.8499999999999996,实体跑偏/证据跑偏
5a75e05c55429976ec32bc5f,16,Brown State Fishing Lake is in a country that has a population of how many inhabitants ?,"9,984","9,984",1.0,1.0,1.0,7.7,United States,0.0,0.0,0.0,7.78,-1.0,0.08,0.08000000000000007,实体跑偏/证据跑偏
5a7cc50e554299452d57ba3e,35,"Which band, Letters to Cleo or Screaming Trees, had more members?",Letters to Cleo,Letters to Cleo,1.0,1.0,1.0,7.94,Screaming Trees,0.0,0.0,0.0,8.05,-1.0,0.1100000000000003,0.11000000000000032,实体跑偏/证据跑偏
5a8ef2a75542995a26add583,37,Seven Brief Lessons on Physics was written by an Italian physicist that has worked in France since what year?,2000,2000,1.0,1.0,1.0,7.73,since 2000,0.67,0.5,1.0,7.92,-0.3299999999999999,0.1899999999999995,0.1899999999999995,多余解释/冗余输出（Precision掉）
5a80721b554299485f5985ef,38,"The Livesey Hal War Memorial commemorates the fallen of which war, that had over 60 million casualties?",World War II,World War II,1.0,1.0,1.0,7.59,World War I and World War II,0.6,0.43,1.0,7.76,-0.4,0.1699999999999999,0.16999999999999993,多余解释/冗余输出（Precision掉）
5ab2d3df554299194fa9352c,44,The battle in which Giuseppe Arimondi lost his life secured what for Ethiopia?,sovereignty,Sovereignty,1.0,1.0,1.0,7.89,secured Ethiopian sovereignty,0.5,0.33,1.0,8.09,-0.5,0.2000000000000001,0.20000000000000018,多余解释/冗余输出（Precision掉）
5a760ab65542994ccc918697,45,Alfred Balk served as the secretary of the Committee on the Employment of Minority Groups in the News Media under which United States Vice President?,Nelson Rockefeller,Nelson Rockefeller,1.0,1.0,1.0,8.03,New York Governor Nelson Rockefeller's Committee on the Employment of Minority Groups in the News Media,0.12,0.07,0.5,7.65,-0.88,-0.379999999999999,-0.379999999999999,多余解释/冗余输出（Precision掉）
5a8e1027554299653c1aa15f,51,Which year and which conference was the 14th season for this conference as part of the NCAA Division that the Colorado Buffaloes played in with a record of 2-6 in conference play?,2009 Big 12 Conference,2009 Big 12,0.86,1.0,0.75,7.96,The 2009 Big 12 Conference football season,0.8,0.67,1.0,7.78,-0.0599999999999999,-0.1799999999999997,-0.17999999999999972,数字/单位格式不一致（值相同）
5ab84bf555429916710eb01f,52,In 1991 Euromarché was bought by a chain that operated how any hypermarkets at the end of 2016?,"1,462",1462,1.0,1.0,1.0,7.7,"with 1,462 hypermarkets",0.5,0.33,1.0,7.95,-0.5,0.25,0.25,数字/单位格式不一致（值相同）
5a77cb335542997042120b3a,76,What American professional Hawaiian surfer born 18 October 1992 won the Rip Curl Pro Portugal?,John John Florence,John John Florence,1.0,1.0,1.0,7.82,"John ""John"" Alexander Florence",0.86,0.75,1.0,8.07,-0.14,0.25,0.25,实体跑偏/证据跑偏
5a8979f4554299669944a52e,77,What is the middle name of the actress who plays Bobbi Bacha in Suburban Madness?,Ann,Ann,1.0,1.0,1.0,7.9,Sela,0.0,0.0,0.0,7.82,-1.0,-0.08,-0.08000000000000007,实体跑偏/证据跑偏
5ae53b545542990ba0bbb23c,93,Where does the hotel and casino located in which Bill Cosby's third album was recorded?,Las Vegas Strip in Paradise,Las Vegas,0.57,1.0,0.4,8.06,"The Flamingo Hotel in Las Vegas, Nevada",0.55,0.5,0.6,7.71,-0.0199999999999999,-0.3500000000000005,-0.35000000000000053,实体跑偏/证据跑偏
5adccd795542990d50227d2c,99,In which city is the ambassador of the Rabat-Salé-Kénitra administrative region to China based?,Beijing,Beijing,1.0,1.0,1.0,7.65,Moroccan Ambassador to China,0.0,0.0,0.0,7.9,-1.0,0.25,0.25,实体跑偏/证据跑偏
5a8b8b3155429949d91db5d7,108,What type of activity does Owner earnings and Warren Buffett have in common?,business,Business,1.0,1.0,1.0,7.9,He stated,0.0,0.0,0.0,8.01,-1.0,0.1099999999999994,0.10999999999999943,实体跑偏/证据跑偏
5ae7eaf65542994a481bbe1d,109,When was the  former Indian cricketer who made his ODI debuts during the 2000 ICC KnockOut Trophy born?,7 October 1978,7 October 1978,1.0,1.0,1.0,8.37,Zaheer Khan (born 7 October 1978),0.67,0.5,1.0,8.05,-0.3299999999999999,-0.3199999999999985,-0.3199999999999985,多余解释/冗余输出（Precision掉）
5a887bc0554299206df2b2b6,116,The Argentine PGA Championship record holder has won how many tournaments worldwide?,230,Over 230,0.67,0.5,1.0,7.99,He won more than 230 tournaments worldwide,0.25,0.14,1.0,7.87,-0.42,-0.1200000000000001,-0.1200000000000001,数字/单位格式不一致（值相同）
5a75f0ea5542994ccc91866c,121,What major truck road is located in Backford Cross?,The A41,A41,1.0,1.0,1.0,7.96,East of the junction the road is single carriageway and crosses the A41 by way of a roundabout at Backford Cross,0.11,0.06,1.0,8.64,-0.89,0.6800000000000006,0.6800000000000006,数字/单位格式不一致（值相同）
5abd01205542992ac4f3819b,126,Mummulgum is a stop on the Bruxner Highway before reaching the town on the banks of which river?,Richmond,Richmond River,0.67,0.5,1.0,8.98,Casino,0.0,0.0,0.0,8.49,-0.67,-0.4900000000000002,-0.4900000000000002,实体跑偏/证据跑偏
5a80071f5542992bc0c4a684,133,Alice David is the voice of Lara Croft in a video game developed by which company ?,Crystal Dynamics,Crystal Dynamics,1.0,1.0,1.0,8.02,"She is the voice of the French dub of Lara Croft in the video game ""Tomb Raider",0.0,0.0,0.0,8.13,-1.0,0.1100000000000012,0.11000000000000121,实体跑偏/证据跑偏
5a87d8215542994775f60800,135,"This American crime film set in South Los Angeles was written and directed by the same director and writer of screenwriter of ""Street Kings"", ""End of Watch"", ""Sabotage"", ""Fury"" and what other film?",Suicide Squad,Suicide Squad,1.0,1.0,1.0,8.35,David Ayer,0.0,0.0,0.0,8.12,-1.0,-0.2300000000000004,-0.23000000000000043,实体跑偏/证据跑偏
5ae4627d5542991a06ce9a4d,141,The author of Sexual Politics attended which British University?,Oxford,Oxford,1.0,1.0,1.0,7.63,Oxford University,0.67,0.5,1.0,8.07,-0.3299999999999999,0.4400000000000004,0.4400000000000004,多余解释/冗余输出（Precision掉）
5ab2a186554299295394677b,147,"When did the English local newspaper, featuring the sculpture and war memorial in the Forbury gardens, change names?",2009,2009,1.0,1.0,1.0,7.74,until 2009,0.67,0.5,1.0,8.25,-0.3299999999999999,0.5099999999999998,0.5099999999999998,多余解释/冗余输出（Precision掉）
5adffe7155429906c02daa9e,154,"The songs from the sountrack to ""When Harry Met Sally"" are performed by a singer that has had how many top 20 US albums?",seven,Seven,1.0,1.0,1.0,7.98,He has had seven top20 US albums,0.25,0.14,1.0,7.81,-0.75,-0.1700000000000008,-0.17000000000000082,多余解释/冗余输出（Precision掉）
5a713a5a5542994082a3e6a9,159,What football club plays in the area between the old tool gates: Brook Bar and Trafford bar?,Manchester United,Manchester United,1.0,1.0,1.0,8.11,Manchester United Football Club,0.67,0.5,1.0,8.07,-0.3299999999999999,-0.0399999999999991,-0.03999999999999915,多余解释/冗余输出（Precision掉）
5ab341f755429969a97a8114,160,"The song ""Chim Chim Cher-ee"" can be heard  in the ""Mary Poppins"" scene of a Disney ride that debuted in what year?",1989,1989,1.0,1.0,1.0,7.8,"May 1, 1989",0.5,0.33,1.0,8.0,-0.5,0.2000000000000001,0.20000000000000018,多余解释/冗余输出（Precision掉）
5a8b987f5542997f31a41d7a,171,"What is the name of the detective novelist parent of the author of '""Q"" Is for Quarry'?",C. W. Grafton,C. W. Grafton,1.0,1.0,1.0,7.92,daughter of detective novelist C. W. Grafton,0.6,0.43,1.0,7.53,-0.4,-0.3899999999999997,-0.3899999999999997,多余解释/冗余输出（Precision掉）
5ae67dba55429908198fa5f0,173,The Memphis Hustle are based in a suburb of a city with a population of what in 2010?,"48,982","48,982",1.0,1.0,1.0,7.9,making Southaven the third largest city in Mississippi,0.0,0.0,0.0,8.03,-1.0,0.129999999999999,0.129999999999999,实体跑偏/证据跑偏
5a7b3f4d5542992d025e67bb,174,"Which songwriting duo composed music for ""La La Land"", and created lyrics for ""A Christmas Story: The Musical""?",Pasek & Paul,Pasek and Paul,0.8,0.67,1.0,8.06,Benj Pasek and Justin Paul,0.57,0.4,1.0,8.04,-0.2300000000000001,-0.0200000000000013,-0.02000000000000135,实体跑偏/证据跑偏
5ac0d83a554299294b219038,182,Randall Cunningham II was a multi-sport athlete at the high school located in what Nevada city?,Summerlin,Summerlin,1.0,1.0,1.0,8.26,Bishop Gorman High School,0.0,0.0,0.0,8.23,-1.0,-0.0299999999999993,-0.02999999999999936,实体跑偏/证据跑偏
5a8ee6915542990e94052bad,186,"What season was the character introduced that becomes the main antagonist in the  following season, from the animated television series created by Bryan Konietzko and Michael Dante DiMartino as a sequel to """", which aired from 2005 to 2008?",third,Third,1.0,1.0,1.0,8.05,Introduced in the third season,0.4,0.25,1.0,8.1,-0.6,0.0499999999999989,0.049999999999998934,多余解释/冗余输出（Precision掉）
5a7997a2554299029c4b5f59,190,Tefik Selim Mborja was a part of a party that held power in Albania until what year?,1943,1943,1.0,1.0,1.0,8.0,from 1939,0.0,0.0,0.0,8.22,-1.0,0.2200000000000006,0.22000000000000064,数字取值错误（值不同）
5a87bada5542994846c1cddc,194,In which city are the headquarters of the American research and scientific development company where Ravi Sethi worked as computer scientist located?,Murray Hill,Murray Hill,1.0,1.0,1.0,7.89,"Murray Hill, New Jersey",0.67,0.5,1.0,8.19,-0.3299999999999999,0.2999999999999998,0.2999999999999998,多余解释/冗余输出（Precision掉）
5a7ed2c655429930675135e5,204,"At the 71st Golden Globe Awards for television in 2013, what achievement did Breaking Bad, police sitcom Brooklyn Nine-Nine and American Hustle attain?",multiple awards,Multiple awards,1.0,1.0,1.0,8.01,Among the films and television shows that received multiple awards,0.36,0.22,1.0,8.18,-0.64,0.1699999999999999,0.16999999999999993,多余解释/冗余输出（Precision掉）
5ac3e0f7554299194317388b,205,Which actor does American Beauty and American Beauty have in common?,Kevin Spacey,Kevin Spacey,1.0,1.0,1.0,7.94,Sam Mendes,0.0,0.0,0.0,7.88,-1.0,-0.0600000000000005,-0.0600000000000005,实体跑偏/证据跑偏
5ac02e31554299294b218f3f,210,Which post DC Extended Universe actress will also play a role in what is intended to be the fifth installment of the DC Extended Universe?,Gal Gadot,Gal Gadot,1.0,1.0,1.0,7.84,Gal Gadot-Varsano,0.8,0.67,1.0,7.77,-0.1999999999999999,-0.0700000000000002,-0.07000000000000028,多余解释/冗余输出（Precision掉）
5a79ea435542996c55b2dc9e,211,Who was the captain of the only battleship to provide gunfire support during the Vietnam War?,Rear Adm. J. Edward Snyder,Rear Adm. J. Edward Snyder,1.0,1.0,1.0,7.79,"Rear Adm. J. Edward Snyder, USN (Ret.)",0.83,0.71,1.0,7.81,-0.17,0.0199999999999995,0.019999999999999574,多余解释/冗余输出（Precision掉）
5ae7ed17554299540e5a56a3,217,Ernest Foot was the best friend of the fighter pilot who had how many victories?,44,44,1.0,1.0,1.0,7.63,with 44 victories,0.5,0.33,1.0,7.94,-0.5,0.3100000000000005,0.3100000000000005,多余解释/冗余输出（Precision掉）
5a791a97554299148911f9f2,221,"Which Netflix series ""Unbreakable"" character is Elizabeth Claire Kemper known for playing?","Kimberly Couger ""Kimmy"" Schmidt",Kimmy Schmidt,0.67,1.0,0.5,8.38,Ellie Kemper,0.0,0.0,0.0,8.2,-0.67,-0.1800000000000015,-0.1800000000000015,实体跑偏/证据跑偏
5a738fe855429908901be2fb,225,What film was written and directed by Joby Harold with music written by Samuel Sim?,Awake,Awake,1.0,1.0,1.0,7.98,Awake is a 2007 American conspiracy thriller film written and directed by Joby Harold,0.14,0.08,1.0,8.29,-0.86,0.3099999999999987,0.3099999999999987,多余解释/冗余输出（Precision掉）
5adf3e355542993a75d26440,228,"How long is the bridge in the Öresund Region that connect Copenhagen, Denmark and Malmo, Sweden?",8 km,8 km,1.0,1.0,1.0,8.26,The bridge runs nearly 8 km,0.57,0.4,1.0,7.88,-0.43,-0.3799999999999999,-0.3799999999999999,多余解释/冗余输出（Precision掉）
5ac2659b55429963665199a1,247,"How many laps did Harry Prowell run during the 10,000 metres race at the 1967 Pan American Games?",25 laps,25,0.67,1.0,0.5,16.73,The event is part of the athletics programme at the Olympic Games and the World Championships in Athletics and is common at championship level events,0.0,0.0,0.0,8.3,-0.67,-8.43,-8.43,实体跑偏/证据跑偏
5ab7f97a5542991d322237ef,252,"What is Opry Mills in Nashville, Tennessee?",super-regional shopping mall,Shopping mall,0.67,1.0,0.5,8.34,"Opry Mills is a super-regional shopping mall owned by Simon Property Group, formerly by its initial owners Mills Corporation and Gaylord Entertainment",0.31,0.18,1.0,8.32,-0.36,-0.0199999999999995,-0.019999999999999574,实体跑偏/证据跑偏
5ae4563e5542996836b02c7f,255,"in 1999, Spirit Halloween LLC was purchased by a mall retailer that has how many stores in the United States and Canada ?",over 600 stores,over 600,0.8,1.0,0.67,9.16,over 600 stores in the United States and Canada,0.55,0.38,1.0,8.01,-0.25,-1.1500000000000004,-1.1500000000000004,数字/单位格式不一致（值相同）
5ac01bb8554299012d1db5a6,267,"Which American character actor who starred on the television series ""Stargate SG-1"" (1997–2007) and appeared in ""Episode 8"" of ""Twin Peaks"" as a guest star?",Don S. Davis,Don S. Davis,1.0,1.0,1.0,10.46,Don Sinclair Davis,0.67,0.67,0.67,8.12,-0.3299999999999999,-2.3400000000000016,-2.3400000000000016,实体跑偏/证据跑偏
5ae3ff575542995dadf242aa,269,What is the population according to the 2007 population census of the city in which the National Archives and Library of Ethiopia is located?,"3,384,569","3,384,569",1.0,1.0,1.0,37.82,"It has a population of 3,384,569",0.33,0.2,1.0,7.87,-0.6699999999999999,-29.95,-29.95,多余解释/冗余输出（Precision掉）
5ab3d69255429969a97a81c9,271,To which aircraft carrier was the VMF-213 Marine Fighting Squadron assigned to durning World War II?,USS Essex,USS Essex (CV-9),0.67,0.5,1.0,58.25,"With its assignment to the USS Essex (CV-9) and ""Air Group 4"",",0.29,0.17,1.0,8.01,-0.38,-50.24,-50.24,实体跑偏/证据跑偏
5ae406245542995dadf242e2,276,"Marion Greene was a health policy analyst for St. Judt Medical company, which had how many principal operations worldwide?",20,More than 20,0.5,0.33,1.0,8.13,The company had more than 20 principal operations and manufacturing facilities worldwide,0.17,0.09,1.0,7.53,-0.3299999999999999,-0.6000000000000005,-0.6000000000000005,数字/单位格式不一致（值相同）
5a88e605554299206df2b39c,292,What is the population of the town at the intersection of Interstate Highways 77 and  the longest Interstate highway within the borders of Virginia?,"8,211 at the 2010 census","8,211",0.4,1.0,0.25,12.73,"Wytheville's population was 8,211",0.25,0.25,0.25,8.14,-0.15,-4.59,-4.59,数字/单位格式不一致（值相同）
5a835c9f5542992ef85e228a,296,What army did the namesake of the ship launched as the München in 1930 fight in during the American Revolutionary War?,Continental Army,Continental Army,1.0,1.0,1.0,8.36,He served as inspector general and major general of the Continental Army,0.31,0.18,1.0,8.38,-0.69,0.0200000000000013,0.02000000000000135,多余解释/冗余输出（Precision掉）
5ae7edee554299540e5a56ad,297,The Church of the Guanche People was founded in the city that is on the most populated island of what larger area?,Macaronesia,Macaronesia,1.0,1.0,1.0,7.81,Canary Islands,0.0,0.0,0.0,8.03,-1.0,0.2199999999999997,0.21999999999999975,实体跑偏/证据跑偏
5adfbca255429942ec259b2c,300,"When did the rock band that sang ""All Join Hands"" rise to prominence?",early 1970s,Early 1970s,1.0,1.0,1.0,8.21,during the early 1970s,0.8,0.67,1.0,8.0,-0.1999999999999999,-0.2100000000000008,-0.21000000000000085,多余解释/冗余输出（Precision掉）
5ae24abc5542994d89d5b3c3,301,Where is the company that owns thanKing Horse pub restaurant chain based ?,"Bury St Edmunds,",Bury St Edmunds,1.0,1.0,1.0,7.84,"Bury St Edmunds, Suffolk, England",0.75,0.6,1.0,7.9,-0.25,0.0600000000000005,0.0600000000000005,多余解释/冗余输出（Precision掉）
5abffc41554299012d1db551,306,"The 1984 film ""Marlene"" is a documentary about an actress born in what year?",1901,1901,1.0,1.0,1.0,8.1,Marlene Dietrich,0.0,0.0,0.0,8.04,-1.0,-0.0600000000000005,-0.0600000000000005,实体跑偏/证据跑偏
5ae1801955429901ffe4aec4,313,Where is the Cocoa Krispies and former Superman sponsor located?,"Battle Creek, Michigan",Battle Creek,0.8,1.0,0.67,7.97,"Battle Creek, Michigan, United States",0.75,0.6,1.0,7.9,-0.05,-0.0699999999999994,-0.0699999999999994,实体跑偏/证据跑偏
5ae68fcb5542992ae0d1635b,316,"""Ew!"" is a song by a television host born where?","Bay Ridge, Brooklyn",Jimmy Fallon Bay Ridge,0.57,0.5,0.67,8.49,"American television host and comedian Jimmy Fallon, featuring American rapper will.i.am",0.0,0.0,0.0,8.02,-0.57,-0.4700000000000006,-0.47000000000000064,实体跑偏/证据跑偏
5a7cf29255429909bec768b8,333,The Ingerophrynus gollum is named after a character in a book that sold how many copies?,150 million copies,Over 150 million,0.67,0.67,0.67,8.44,None (no mention of book sales or copies),0.18,0.12,0.33,7.39,-0.49,-1.0499999999999998,-1.0499999999999998,实体跑偏/证据跑偏
5ab808ea5542991d3222380e,340,"What is the capacity of the Stadium, other than Kauffman Stadium, designed by Charles Deaton ?","76,416","76,416",1.0,1.0,1.0,7.97,"Arrowhead Stadium has a seating capacity of 76,416",0.25,0.14,1.0,7.92,-0.75,-0.0499999999999998,-0.04999999999999982,多余解释/冗余输出（Precision掉）
5add67555542992ae4cec54e,344,Which of these battles occurred earlier--the Battle of Peleliu or the Battle of Belleau Wood?,The Battle of Belleau Wood,Battle of Belleau Wood,1.0,1.0,1.0,8.1,Belleau Wood,0.67,1.0,0.5,8.35,-0.3299999999999999,0.25,0.25,实体跑偏/证据跑偏
5a8085705542992bc0c4a74b,345,Garden Island Naval Chapel is the oldest Chistian chapel of a naval branch of what defence force?,Australian Defence Force,Royal Australian Navy,0.33,0.33,0.33,8.61,Royal Australian Navy (RAN),0.29,0.25,0.33,7.78,-0.04,-0.8299999999999992,-0.8299999999999992,实体跑偏/证据跑偏
5ae7385d5542992ae0d163da,357,Bartlett's Bridge was built by the engineer who worked for the county seat of which Massachusetts county?,Worcester County,Worcester,0.67,1.0,0.5,8.48,city of Worcester,0.4,0.33,0.5,7.99,-0.27,-0.4900000000000002,-0.4900000000000002,实体跑偏/证据跑偏
5a89706055429951533612f9,362,Scott Sandelin grew up in a town in what Minnesota county?,Saint Louis County,Saint Louis,0.8,1.0,0.67,8.1,Hibbing,0.0,0.0,0.0,8.14,-0.8,0.0400000000000009,0.040000000000000924,实体跑偏/证据跑偏
5a80aeff5542996402f6a5eb,368,"For what ""first"" was Ivory Lee Brown's nephew credited for in Heisman Trophy balloting?",first freshman to finish as the runner-up,First freshman runner-up,0.73,1.0,0.57,8.63,He became the first freshman to finish as the runner-up in the Heisman Trophy balloting,0.7,0.54,1.0,7.71,-0.03,-0.9200000000000008,-0.9200000000000008,实体跑偏/证据跑偏
5ac3d9c9554299204fd21ea3,370,Erica Packer was the second wife of what Australian businessman?,James Packer,James Packer,1.0,1.0,1.0,7.53,"Australia's eighth richest man, James Packer",0.5,0.33,1.0,8.43,-0.5,0.8999999999999995,0.8999999999999995,多余解释/冗余输出（Precision掉）
5abc8620554299700f9d78e2,371,What type of media does Bitter Jester and Sicko have in common?,documentary,Documentary,1.0,1.0,1.0,8.48,documentary film,0.67,0.5,1.0,8.0,-0.3299999999999999,-0.4800000000000004,-0.4800000000000004,多余解释/冗余输出（Precision掉）
5a8c66db554299585d9e3683,375,"What year was the film ""Mom"" released, starring the voice of Shashaa Tirupati?",2017,2017,1.0,1.0,1.0,8.14,The film was released on 7 July 2017,0.25,0.14,1.0,8.24,-0.75,0.0999999999999996,0.09999999999999964,多余解释/冗余输出（Precision掉）
5ab7bae95542993667793ff4,382,Who did the Doncaster Belles play in the 1994 FA Women's Cup Final held at Glanford Park?,Knowsley United Women,Knowsley United Women,1.0,1.0,1.0,8.01,Doncaster Belles and Knowsley United Women,0.67,0.5,1.0,7.55,-0.3299999999999999,-0.4599999999999999,-0.45999999999999996,多余解释/冗余输出（Precision掉）
5a7c9f325542990527d554e6,383,What act for Innocent Records achieved Platinum sales and shares its name with a primary color in the RGB color model?,Blue,Blue,1.0,1.0,1.0,7.91,Atomic Kitten,0.0,0.0,0.0,8.18,-1.0,0.2699999999999996,0.2699999999999996,实体跑偏/证据跑偏
5ab48c325542996a3a969f93,394,In which county is the English king Harold Godwinson buried?,Essex,Essex,1.0,1.0,1.0,8.11,Waltham Abbey,0.0,0.0,0.0,8.11,-1.0,0.0,0.0,实体跑偏/证据跑偏
5a7a014a5542996c55b2dccf,397,"""Kapitän zur See"" Ernst Lindemann was the commander of which one of two battleships built for Nazi Germany's ""Kriegsmarine""?",Bismarck,Bismarck,1.0,1.0,1.0,7.68,"Kapitän zur See Ernst Lindemann was the only commander of the battleship ""Bismarck",0.17,0.09,1.0,8.07,-0.83,0.3900000000000005,0.39000000000000057,多余解释/冗余输出（Precision掉）
5a85c3a15542992a431d1b97,399,Snowdrop is a proprietary game engine first revealed with an online-only action role-playing video game developed by who?,Massive Entertainment,Massive Entertainment,1.0,1.0,1.0,8.05,Tom Clancy's The Division,0.0,0.0,0.0,8.09,-1.0,0.0399999999999991,0.03999999999999915,实体跑偏/证据跑偏
5adc094a55429947ff1738c0,403,American Blues included the drummer from which American rock band?,ZZ Top,ZZ Top,1.0,1.0,1.0,7.58,Frank Beard (musician),0.0,0.0,0.0,7.79,-1.0,0.2099999999999999,0.20999999999999996,同义词/别名未规范化
5a88f9555542995153361214,405,The Jeep Cherokee was originally sold as a variant of a Jeep model produced during what years?,1963 to 1991,Wagoneer (1963-1974),0.33,0.33,0.33,8.13,"Originally sold as a variant of the popular Jeep Wagoneer,",0.0,0.0,0.0,7.93,-0.33,-0.200000000000001,-0.20000000000000107,实体跑偏/证据跑偏
5abf44025542993fe9a41def,408,which writer has the highest number of skill  Langston Hughes or  Ian McEwan,Langston Hughes,Langston Hughes,1.0,1.0,1.0,8.07,Ian McEwan,0.0,0.0,0.0,7.68,-1.0,-0.3900000000000005,-0.39000000000000057,实体跑偏/证据跑偏
5ab531cc5542990594ba9d23,409,How large is the shopping mall where KGOT radio station has its studios ?,"728,000 ft²","728,000 ft²",1.0,1.0,1.0,7.78,"a 728,000 ft² shopping mall",0.67,0.5,1.0,8.15,-0.3299999999999999,0.3700000000000001,0.3700000000000001,多余解释/冗余输出（Precision掉）
5ae75a4c5542997b22f6a6f1,417,"The Bart the Fink episode of The Simpsons aired in February of 1996, and involves the host of which kiddie show?",The Itchy & Scratchy Show,Itchy & Scratchy Show,1.0,1.0,1.0,7.8,"He is the long-time clown host of Bart and Lisa's favorite TV show, a combination of kiddie variety television hijinks and cartoons including ""The Itchy & Scratchy Show",0.21,0.12,1.0,8.17,-0.79,0.3700000000000001,0.3700000000000001,实体跑偏/证据跑偏
5a8d7b1755429941ae14dfc6,420,What is the 2010 population of the city 2.1 miles southwest of Marietta Air Force Station?,"51,271","51,271",1.0,1.0,1.0,7.41,"As of the 2010 census, the city had a population of 51,271",0.2,0.11,1.0,7.79,-0.8,0.3799999999999999,0.3799999999999999,多余解释/冗余输出（Precision掉）
5ade42b55542992fa25da717,423,How many novels are there in the series of novels of which Shadows in Flight is the tenth novel ?,fifteen,Fifteen,1.0,1.0,1.0,7.89,"When released in 2012, it became the tenth novel published in the ""Ender's Game"" series",0.0,0.0,0.0,8.18,-1.0,0.29,0.29000000000000004,数字取值错误（值不同）
5abf10b75542997719eab659,425,What is the height of the player who won the 2015 AFL Rising Star award?,1.95 m,1.95 m,1.0,1.0,1.0,7.96,"A key forward, Hogan is 1.95 m tall and weighs 100 kg",0.31,0.18,1.0,7.4,-0.69,-0.5599999999999996,-0.5599999999999996,多余解释/冗余输出（Precision掉）
5add564a5542990dbb2f7e38,426,Las Vegas Festival Grounds is north of the hotel that is owned by which company?,MGM Resorts International,MGM Resorts International,1.0,1.0,1.0,7.85,MGM-owned Circus Circus Hotel and Casino,0.2,0.14,0.33,8.06,-0.8,0.2100000000000008,0.21000000000000085,实体跑偏/证据跑偏
5a729e7b5542992359bc313d,428,"Which river system in Chilhowie, Virginia was the starting place for most Longhunters?",Holston River,Holston River,1.0,1.0,1.0,8.01,Holston River Valley,0.8,0.67,1.0,7.98,-0.1999999999999999,-0.0299999999999993,-0.02999999999999936,多余解释/冗余输出（Precision掉）
5ade0fb95542997545bbbe39,436,How long is the river for which Frenchmans Creek is a tributary?,2844 km,7.51 km,0.5,0.5,0.5,8.28,measuring 7.51 km,0.4,0.33,0.5,7.62,-0.0999999999999999,-0.6599999999999993,-0.6599999999999993,数字取值错误（值不同）
5ab78edc5542995dae37e95c,437,Where is the school that Tyler Kalinoski went to located?,"located in Olathe, Kansas",Kansas,0.4,1.0,0.25,8.4,Olathe East High School,0.25,0.25,0.25,8.21,-0.15,-0.1899999999999995,-0.1899999999999995,实体跑偏/证据跑偏
5ab6aaff55429953192ad35b,448,What Cayman Islands registered Mandarin and Cantonese-language television broadcaster launched Phoenix Hong Kong Channel on 28 March 2011?,Phoenix Television,Phoenix Television,1.0,1.0,1.0,7.72,Phoenix Satellite Television Holdings Ltd or Phoenix Television,0.4,0.25,1.0,7.7,-0.6,-0.0199999999999995,-0.019999999999999574,多余解释/冗余输出（Precision掉）
5a7252db5542990c210a4104,451,What is the name of the oldest child that attended the Trump campaign-Russian meeting?,Donald Trump Jr.,Donald Trump Jr,1.0,1.0,1.0,8.12,Donald John Trump Jr,0.86,0.75,1.0,7.58,-0.14,-0.5399999999999991,-0.5399999999999991,实体跑偏/证据跑偏
5add311b5542994ed6169cc5,465,"What kind of dinosaur does Raymond Ochoa voice in the Pixar film ""The Good Dinosaur""?",Apatosaurus,Apatosaurus,1.0,1.0,1.0,8.43,"a young ""Apatosaurus",0.67,0.5,1.0,8.13,-0.3299999999999999,-0.2999999999999989,-0.29999999999999893,多余解释/冗余输出（Precision掉）
5ae789615542997ec2727695,469,Kam Heskin plays Paige Morgan in a 2004 film directed by who?,Martha Coolidge,Martha Coolidge,1.0,1.0,1.0,7.73,The Prince and Me,0.0,0.0,0.0,7.76,-1.0,0.0299999999999993,0.02999999999999936,实体跑偏/证据跑偏
5ac52fc35542994611c8b403,474,"Which ""Official Ireland"" group comprises about  78.3% of the population of Ireland?",The Catholic Church in Ireland,Catholic Church,0.67,1.0,0.5,8.09,"With 3.7 million members, it is the most populous Christian denomination in Ireland, comprising 78.3% of the population",0.2,0.12,0.5,7.73,-0.47,-0.3599999999999994,-0.35999999999999943,实体跑偏/证据跑偏
5ac2a399554299218029dada,480,Who programmed a cartridge-based development system made by a company noted for authoring Atari's BASIC?,Kathleen O'Brien,Kathleen O'Brien,1.0,1.0,1.0,7.87,Kathleen O'Brien of Shepardson Microsystems,0.57,0.4,1.0,7.93,-0.43,0.0599999999999996,0.05999999999999961,多余解释/冗余输出（Precision掉）
5ae0f6f5554299422ee99583,481,"Which record label released Van Morrison's ""I've Been Working"" on the album ""His Band and the Street Choir""?",Warner Bros,Warner Bros,1.0,1.0,1.0,7.99,Warner Bros. Records,0.8,0.67,1.0,7.67,-0.1999999999999999,-0.3200000000000003,-0.3200000000000003,多余解释/冗余输出（Precision掉）
5adc1ae5554299438c868d5c,482,Hate Them is the ninth album by a band likened to who?,Motörhead,Motörhead,1.0,1.0,1.0,7.9,Darkthrone,0.0,0.0,0.0,7.77,-1.0,-0.1300000000000007,-0.13000000000000078,实体跑偏/证据跑偏
5ae6860e5542991bbc976112,483,"How did Emilie du Chatelet, Voltaire's love, contribute to the basic laws of physics?","commentary on Isaac Newton's book ""Principia""",Translation and commentary on Principia,0.55,0.6,0.5,8.47,"Her most recognized achievement is her translation of and commentary on Isaac Newton's book ""Principia"" containing basic laws of physics",0.46,0.3,1.0,8.07,-0.09,-0.4000000000000003,-0.40000000000000036,实体跑偏/证据跑偏
5adfeb0555429942ec259b88,485,The Detroit mayoral elections of 2009 took place to fill the vacancy created by a politician who was sentenced to what?,four months in jail,Four months,0.67,1.0,0.5,8.37,having served as mayor of Detroit from 2002 to 2008,0.0,0.0,0.0,7.69,-0.67,-0.6799999999999988,-0.6799999999999988,数字取值错误（值不同）
5ab5499e5542992aa134a295,486,In what year was the team that Luke Clark plays either right back or central midfielder for founded?,1963,1963,1.0,1.0,1.0,7.47,Curzon Ashton Football Club was founded in 1963,0.22,0.12,1.0,7.42,-0.78,-0.0499999999999998,-0.04999999999999982,多余解释/冗余输出（Precision掉）
5a77beae5542992a6e59dfae,492,Which jazz singer has a 2003 album entitled The Boy Next Door?,Stacey Kent,Stacey Kent,1.0,1.0,1.0,7.84,The Boy Next Door is a 2003 album by jazz singer Stacey Kent,0.31,0.18,1.0,7.82,-0.69,-0.0199999999999995,-0.019999999999999574,多余解释/冗余输出（Precision掉）
5ab47cd75542991751b4d78d,495,"In which year did this division, where Cleveland Browns placed fourth in 2009, adopt its current name?",2002,2002,1.0,1.0,1.0,8.08,"It was created as the AFC Central in 1970 following the completion of the AFL–NFL merger when two of the NFL teams—the Cleveland Browns and the Pittsburgh Steelers—moved from the ""old"" NFL to join the former American Football League teams in the AFC, in order to give the two conferences an equal number of teams",0.0,0.0,0.0,8.46,-1.0,0.3800000000000008,0.3800000000000008,数字取值错误（值不同）
5a79b7f6554299029c4b5f6f,496,How many restaurants comprise the quick service restaurant chain that Ron Joyce helped found?,"4,613","4,613",1.0,1.0,1.0,8.12,"also Canada's largest quick service restaurant chain; as of December 31, 2016, it had a total of 4,613 restaurants in nine countries",0.09,0.05,1.0,8.24,-0.91,0.120000000000001,0.120000000000001,多余解释/冗余输出（Precision掉）
5a84873e5542997175ce1eec,498,What edition of tennis' US Open was the 2017 US Open when Petra Kvitova was a quarterfinalist?,137th,137th,1.0,1.0,1.0,8.14,the 137th edition,0.67,0.5,1.0,8.05,-0.3299999999999999,-0.0899999999999998,-0.08999999999999986,多余解释/冗余输出（Precision掉）
5ab92e02554299753720f775,503,What was the largest passenger capacity of the plane type used for BOAC Flight 911 ?,219,219,1.0,1.0,1.0,8.23,Versions of the aircraft have a capacity from 140 to 219 passengers,0.18,0.1,1.0,7.93,-0.8200000000000001,-0.3000000000000007,-0.3000000000000007,多余解释/冗余输出（Precision掉）
5adf860e5542993344016cbc,505,"During which years was the model of car, featured on the cover of Earth's ""Pentastar: In the Style of Demons"" manufactured?",1964 to 1974,1964-1974,0.8,1.0,0.67,8.29,from the 1964 to 1974 model years,0.67,0.5,1.0,7.92,-0.13,-0.3699999999999992,-0.3699999999999992,数字/单位格式不一致（值相同）
5a7ad9865542995eb53be8aa,506,"The ""civic rally cross"" was sold alongside what other model sold exclusively in Japan at Honda Verno dealerships?",Honda Ballade,Honda Ballade,1.0,1.0,1.0,7.82,The Ballade,0.67,1.0,0.5,7.4,-0.3299999999999999,-0.4199999999999999,-0.41999999999999993,实体跑偏/证据跑偏
5ab611cc5542992aa134a411,514,What professions did S. Sylvan Simon and Danny Cannon have in common?,director and producer,Film director,0.4,0.5,0.33,8.35,,0.0,0.0,0.0,7.67,-0.4,-0.6799999999999997,-0.6799999999999997,空输出/解析失败
5ab7c87d55429928e1fe38de,515,What number album is the first W.A.S.P. album to feature Steven Edward Duren playing guitar?,third,Third,1.0,1.0,1.0,8.0,Inside the Electric Circus,0.0,0.0,0.0,7.92,-1.0,-0.08,-0.08000000000000007,实体跑偏/证据跑偏
5ade9c9c5542997c77adee8c,517,What screenplay was worked on by both Edward Carfagno and Miklos Rozsa?,Julius Caesar,Julius Caesar,1.0,1.0,1.0,8.07,The Four Feathers,0.0,0.0,0.0,7.82,-1.0,-0.25,-0.25,实体跑偏/证据跑偏
5ae1ba55554299234fd042d9,519,"Where is the academy, for which Joseph D. Stewart was appointed Superintendent, located?","Kings Point, New York",Kings Point,0.67,1.0,0.5,8.52,United States Merchant Marine Academy (USMMA),0.0,0.0,0.0,7.97,-0.67,-0.5499999999999998,-0.5499999999999998,实体跑偏/证据跑偏
5ade190f55429975fa854e40,522,"The Government of Canada, which is the federal administration of Canada, is involved in what scandal in the province of Quebec?",The sponsorship scandal,Sponsorship scandal,1.0,1.0,1.0,7.93,a Canadian federal government 'sponsorship program' in the province of Quebec,0.18,0.11,0.5,7.4,-0.8200000000000001,-0.5299999999999994,-0.5299999999999994,实体跑偏/证据跑偏
5abd12bb55429933744ab703,524,Conrad Anker located the body of a mountaineer who took part it the first three British expeditions to which mountain?,Mount Everest,Everest,0.67,1.0,0.5,8.2,George Mallory's body on Everest,0.29,0.2,0.5,8.02,-0.38,-0.1799999999999997,-0.17999999999999972,实体跑偏/证据跑偏
5a8ba59a554299240d9c2058,527,The Duke Steps Out stars an actress who was ranked tenth on a list of greatest female Hollywood stars in what year?,1999,1999,1.0,1.0,1.0,7.85,In 1999,0.67,0.5,1.0,7.6,-0.3299999999999999,-0.25,-0.25,多余解释/冗余输出（Precision掉）
5a8026a05542992e7d278df8,530,Iselin Solheim provided vocals in the song released on what date?,3 December,3 June 2016,0.4,0.33,0.5,8.53,"Incorporating uncredited vocals provided by Norwegian recording artist Iselin Solheim, it was released commercially for digital consumption on 3 June 2016",0.09,0.05,0.5,8.11,-0.31,-0.4199999999999999,-0.41999999999999993,数字/单位格式不一致（值相同）
5a80541d5542996402f6a4d2,535,"In what year did the Guild of Music Supervisors Awards recognize a British-American romantic drama film based on the 1952 romance novel ""The Price of Salt"" starring Cate Blanchett?",2016,2016,1.0,1.0,1.0,8.16,2015,0.0,0.0,0.0,7.95,-1.0,-0.2099999999999999,-0.20999999999999996,数字取值错误（值不同）
5a77c74155429967ab105291,562,"Which band formed in England, Of Montreal or Vib Gyor?","Vib Gyor was a band that was formed in Leeds, England.",Vib Gyor,0.33,1.0,0.2,9.28,Vib Gyar,0.17,0.5,0.1,8.68,-0.16,-0.5999999999999996,-0.5999999999999996,实体跑偏/证据跑偏
5ac1b5de5542994d76dccec6,569,Rex Riot is known for a remix of the Kanye West song that was from which album?,My Beautiful Dark Twisted Fantasy,My Beautiful Dark Twisted Fantasy,1.0,1.0,1.0,8.19,All of the Lights,0.0,0.0,0.0,7.92,-1.0,-0.2699999999999996,-0.2699999999999996,实体跑偏/证据跑偏
5abcf2b4554299700f9d7937,575,Lorenzo Monaco was influenced by which Italian painter and architect?,Giotto,Giotto,1.0,1.0,1.0,8.02,Giotto and his followers Spinello Aretino and Agnolo Gaddi,0.2,0.11,1.0,7.76,-0.8,-0.2599999999999998,-0.2599999999999998,多余解释/冗余输出（Precision掉）
5a7319e755429901807daf86,584,Which NCAA record does the quarterback of the Minnesota Vikings hold?,most total touchdowns in NCAA history,"All-time leader in total passing yards, touchdowns, and completions",0.37,0.3,0.5,9.02,"He became the NCAA's all-time leader in total passing yards, touchdowns, and completions",0.32,0.23,0.5,8.07,-0.0499999999999999,-0.9499999999999992,-0.9499999999999993,实体跑偏/证据跑偏
5a70f1685542994082a3e40f,590,Which piece did Ludwig van Beethoven publish in 1801 that was dedicated to Count Moritz von Fries?,Symphony No. 7,Violin Sonata No. 5,0.29,0.25,0.33,8.79,The Violin Sonata No. 5 (Beethoven),0.25,0.2,0.33,8.07,-0.0399999999999999,-0.7199999999999989,-0.7199999999999989,数字取值错误（值不同）
5ae533535542993aec5ec173,608,Watercliffe Meadow Primary Schools name change is an example of what term generally used to describe the avoidance of certain language?,political correctness,Political correctness,1.0,1.0,1.0,7.94,politically correct,0.0,0.0,0.0,7.68,-1.0,-0.2600000000000007,-0.2600000000000007,实体跑偏/证据跑偏
5adebea1554299728e26c7b6,609,Muz-TV was launched before the 24-hour music channel that was operated by what company?,Prof Media,Viacom International Media Networks,0.33,0.25,0.5,8.71,MTV Russia,0.0,0.0,0.0,7.69,-0.33,-1.0200000000000005,-1.0200000000000005,实体跑偏/证据跑偏
5ae6795855429908198fa5e4,615,This event which was part of the 1954 AAA National Championship Trail was held at a racing circuit located at the corner of what?,16th Street and Georgetown Road,16th Street and Georgetown Road,1.0,1.0,1.0,8.1,Indianapolis Motor Speedway,0.0,0.0,0.0,7.73,-1.0,-0.3699999999999992,-0.3699999999999992,实体跑偏/证据跑偏
5a84e61b5542997b5ce3ff86,616,"The Simpsons episode that aired on February 19, 2012 entitled ""At Long Last Leave"" represented what milestone for the show?",show's 500th episode,500th episode,0.8,1.0,0.67,7.93,the 500th episode overall of the series,0.5,0.4,0.67,7.84,-0.3,-0.0899999999999998,-0.08999999999999986,数字/单位格式不一致（值相同）
5a848b5c5542997175ce1ef2,620,"What sub-genre of heavy metal describes the band ""It's Alive""?",Glam metal,Glam metal,1.0,1.0,1.0,8.0,glam-style funk metal,0.67,0.5,1.0,7.8,-0.3299999999999999,-0.2000000000000001,-0.20000000000000018,实体跑偏/证据跑偏
5ab467975542991751b4d75f,621,"When was the duo formed who's English language song is the ""Freaky Like Me""?",1992,1992,1.0,1.0,1.0,7.96,Madcon is a Norwegian musical duo formed in 1992 by Yosef Wolde-Mariam and Tshawe Baqwa,0.12,0.07,1.0,7.99,-0.88,0.0300000000000002,0.03000000000000025,多余解释/冗余输出（Precision掉）
5a7cdd6b55429909bec76858,623,"Which band formed earlier, Edward Sharpe and the Magnetic Zeros or Louis XIV?",Louis XIV,Louis XIV,1.0,1.0,1.0,8.34,Edward Sharpe and the Magnetic Zeros,0.0,0.0,0.0,8.13,-1.0,-0.209999999999999,-0.20999999999999908,同义词/别名未规范化
5a8209845542990a1d231f1f,624,The Peabody Hotel in Memphis (and a sister hotel in Orlando) are named after what residents of the hotel rooftop?,Ducks,Ducks,1.0,1.0,1.0,7.99,Peabody Ducks,0.67,0.5,1.0,7.63,-0.3299999999999999,-0.3600000000000003,-0.3600000000000003,多余解释/冗余输出（Precision掉）
5a72f74a55429901807daf59,646,"Which American comedian born on March 21, 1962, appeared in the movie ""Sleepless in Seattle?""",Rosie O'Donnell,Rosie O'Donnell,1.0,1.0,1.0,7.89,Roseann O'Donnell,0.5,0.5,0.5,7.6,-0.5,-0.29,-0.29000000000000004,实体跑偏/证据跑偏
5ae534bb5542990ba0bbb21d,650,"In between Liberty and MIT Technology Review which has a circulation of over 200,000?",Liberty,Liberty,1.0,1.0,1.0,7.88,,0.0,0.0,0.0,7.77,-1.0,-0.1100000000000003,-0.11000000000000032,空输出/解析失败
5abebbe65542997719eab59d,652,"What is the birthdate of this American comedian, actress, and writer, who was a supporting cast remember in Brooklyn Nine-Nine as Gina?","February 20, 1978","February 20, 1978",1.0,1.0,1.0,8.09,"born February 20, 1978",0.86,0.75,1.0,7.55,-0.14,-0.54,-0.54,多余解释/冗余输出（Precision掉）
5ab5e9865542992aa134a3db,653,What type of beliefs does Mount Ida and Rhea have in common?,Greek mythology,Chthonic mythology,0.5,0.5,0.5,8.62,Both are associated with the mother goddess,0.0,0.0,0.0,7.98,-0.5,-0.6399999999999988,-0.6399999999999988,实体跑偏/证据跑偏
5a779be75542995d83181215,656,The Lance Todd Trophy is presented at a stadium located in what country?,England,England,1.0,1.0,1.0,7.73,home of the Salford Red Devils,0.0,0.0,0.0,7.92,-1.0,0.1899999999999995,0.1899999999999995,实体跑偏/证据跑偏
5ac440385542997ea680ca4e,661,Carl von Donop was a colonel of which German auxiliaries?,Hessians,Hessians,1.0,1.0,1.0,8.08,Hessian,0.0,0.0,0.0,7.56,-1.0,-0.5200000000000005,-0.5200000000000005,实体跑偏/证据跑偏
5ab3eeb5554299233954fff4,665,"The actress that plays Kaylee Frye in the series ""Firefly"" also stars with Alan Dale in a sci-fi tv film released in what year?",2011,2011,1.0,1.0,1.0,8.12,"She is known for her roles as Kaylee Frye in the Fox television series ""Firefly"" (2002–03) and its spin-off theatrical film ""Serenity"" (2005),",0.0,0.0,0.0,8.6,-1.0,0.4800000000000004,0.4800000000000004,数字取值错误（值不同）
5a7ce50f55429909bec76869,666,"In what year did the Danish plant ecologist who assisted a Danish chemist, famous for the introduction of the concept of pH die?",1974,1974,1.0,1.0,1.0,8.28,"August 19, 1974",0.5,0.33,1.0,7.48,-0.5,-0.7999999999999989,-0.7999999999999989,多余解释/冗余输出（Precision掉）
5a85ae455542997175ce1ff0,669,What is Rachelle Amy Beinart's role in the film that follows a group of rebels on a mission?,stunt performances,Stunt performer,0.5,0.5,0.5,8.74,"She has done stunt performances for films including ""Rogue One",0.33,0.2,1.0,8.12,-0.1699999999999999,-0.620000000000001,-0.620000000000001,实体跑偏/证据跑偏
5ac240ef55429951e9e684ef,671,"What year was a joint venture between RLJ Companies and this film studio founded in 2005, founded?",2006,2006,1.0,1.0,1.0,8.17,The Weinstein Company,0.0,0.0,0.0,7.84,-1.0,-0.33,-0.33000000000000007,实体跑偏/证据跑偏
5ae320a95542991a06ce992e,674,In 2011 what was the population of the town where Deep Purple were formed ?,"about 26,000.","26,000",0.67,1.0,0.5,8.42,"The 2011 census put the population of Hertford at about 26,000",0.36,0.22,1.0,7.95,-0.31,-0.4699999999999997,-0.46999999999999975,数字取值错误（值不同）
5aba14195542994dbf0198a9,679,How many animals does the wall running between the West Gate Lodge and Cardiff Castle depict?,15,15,1.0,1.0,1.0,7.84,depicting 15 animals,0.5,0.33,1.0,7.68,-0.5,-0.1600000000000001,-0.16000000000000014,多余解释/冗余输出（Precision掉）
5a81ca835542990a1d231ebd,684,"Who is still with the group that covered ""Leather-Winged Bat"" in 1969?",Yarrow and Stookey,Peter Yarrow,0.4,0.5,0.33,8.53,"Peter, Paul and Mary",0.29,0.25,0.33,7.63,-0.11,-0.8999999999999995,-0.8999999999999995,实体跑偏/证据跑偏
5abba581554299642a094af9,685,How many people were in the group which preceded the release of Eric Clapton's 1975 album E.C. Was Here?,four,Four,1.0,1.0,1.0,7.79,"All four members had previously played together in Delaney & Bonnie and Friends, during and after Clapton's brief tenure with Blind Faith",0.09,0.05,1.0,7.79,-0.91,0.0,0.0,多余解释/冗余输出（Precision掉）
5a7af32e55429931da12c99c,689,"The song ""Judgment Night"" was a collaboration between Onyx and the heavy metal band formed in which city?","Brooklyn, New York",Brooklyn,0.5,1.0,0.33,8.55,Biohazard (band),0.0,0.0,0.0,7.9,-0.5,-0.6500000000000004,-0.6500000000000004,实体跑偏/证据跑偏
5a8752955542994775f607d1,691,"What was the name of the team that represented an Arizona university in the conference that covers a broad expanse of the western United States, including Arizona, California, and New Mexico?",Arizona State Sun Devils,Arizona State Sun Devils,1.0,1.0,1.0,7.92,Western Athletic Conference,0.0,0.0,0.0,7.64,-1.0,-0.2800000000000002,-0.28000000000000025,实体跑偏/证据跑偏
5abd552555429933744ab776,693,Where will the 2017 Atlantic 10 Men's Basketball Tournament be hosted?,PPG Paints Arena,PPG Paints Arena,1.0,1.0,1.0,8.62,"PPG Paints Arena in Pittsburgh, Pennsylvania",0.67,0.5,1.0,7.8,-0.3299999999999999,-0.8199999999999994,-0.8199999999999994,多余解释/冗余输出（Precision掉）
5ab207f65542993be8fa98b8,702,Edmund Robert Harris is the principal benefactor of a museum located where ?,Preston,Preston,1.0,1.0,1.0,7.73,"Preston, Lancashire, UK",0.5,0.33,1.0,7.55,-0.5,-0.1800000000000006,-0.1800000000000006,多余解释/冗余输出（Precision掉）
5ab30d1155429976abd1bc3d,717,Who was the leading actor of the Christmas movie that Rebecca Forstadt did background voices for?,Tim Allen,Tim Allen,1.0,1.0,1.0,8.09,The Santa Clause,0.0,0.0,0.0,7.61,-1.0,-0.4799999999999995,-0.47999999999999954,实体跑偏/证据跑偏
5adf85e05542993344016cba,720,What football league did John Moncur belong to during his time at Ipswich Town F.C.?,Championship,The Football League Championship,0.5,0.33,1.0,8.78,The Football League,0.0,0.0,0.0,8.27,-0.5,-0.5099999999999998,-0.5099999999999998,实体跑偏/证据跑偏
5a77897f55429949eeb29edc,721,"Jason Regler, stated that he had the idea for the flashing wristbands during a song built around which instrument ?",an organ,Organ,1.0,1.0,1.0,7.8,"during the song ""Fix You",0.0,0.0,0.0,7.36,-1.0,-0.4399999999999995,-0.4399999999999995,实体跑偏/证据跑偏
5a8bae135542996e8ac889b6,724,Nathan Bridger was a character played by which actor and amateur boxer?,Roy Richard Scheider,Roy Scheider,0.8,1.0,0.67,8.11,Roy Scheider (American actor and amateur boxer),0.4,0.29,0.67,7.95,-0.4,-0.1599999999999992,-0.15999999999999925,实体跑偏/证据跑偏
5ae0c7e755429945ae95944c,729,Casey Jr. Splash 'n' Soak Station is an attraction in a city located in which county ?,Orange County,Osceola County,0.5,0.5,0.5,8.69,"Bay Lake, Florida",0.0,0.0,0.0,7.56,-0.5,-1.13,-1.13,实体跑偏/证据跑偏
5ac3ad7f5542995ef918c1de,734,The Aviation Hall of Fame and Museum of New Jersey is located at the airport in which New Jersey county?,Bergen,Bergen,1.0,1.0,1.0,7.81,Bergen County,0.67,0.5,1.0,7.65,-0.3299999999999999,-0.1599999999999992,-0.15999999999999925,多余解释/冗余输出（Precision掉）
5a7313865542994cef4bc442,749,What type of bank organization is Pondicherry Gramin Bank that it operates in different States of India?,Regional Rural Bank,Regional Rural Bank,1.0,1.0,1.0,7.82,Regional Rural Banks,0.67,0.67,0.67,7.46,-0.3299999999999999,-0.3600000000000003,-0.3600000000000003,多余解释/冗余输出（Precision掉）
5a7f392b55429934daa2fd26,759,Wim Jonk manages Cruyff Football together with the footballer who is also currently manager of which team?,Tel Aviv,Maccabi Tel Aviv,0.8,0.67,1.0,8.17,Maccabi Tel Aviv's manager,0.33,0.25,0.5,8.15,-0.47,-0.0199999999999995,-0.019999999999999574,实体跑偏/证据跑偏
5a74581555429979e2882912,763,"What Japanese Auto Manufacturer headquarted in Minato, Tokyo, Japan did Nissan aquire controlling interest in?",Mitsubishi,Mitsubishi Motors,0.67,0.5,1.0,8.42,Mitsubishi Motors Corporation,0.5,0.33,1.0,7.47,-0.17,-0.9500000000000002,-0.9500000000000002,实体跑偏/证据跑偏
5a7c6b6655429935c91b519a,765,Richford is a town in Franklin County Vermont governed by what kind of body?,town meeting legislative body,Town Council,0.33,0.5,0.25,8.19,"Start -> 'Richford, Vermont",0.0,0.0,0.0,7.65,-0.33,-0.5399999999999991,-0.5399999999999991,实体跑偏/证据跑偏
5a73522d5542994cef4bc541,766,Altnahinch is located in a county that has a population density of how many per square mile?,526,526,1.0,1.0,1.0,8.05,526 people per square mile,0.33,0.2,1.0,7.62,-0.6699999999999999,-0.4300000000000006,-0.4300000000000006,多余解释/冗余输出（Precision掉）
5a84574455429933447460e6,769,"In what year was the Golden State NBA player, who was part of the Cavaliers-Warriors rivalry, named NBA Finals Most Valuable Player?",2015,2015,1.0,1.0,1.0,8.2,in 2015,0.67,0.5,1.0,8.22,-0.3299999999999999,0.0200000000000013,0.02000000000000135,多余解释/冗余输出（Precision掉）
5ac51a055542994611c8b390,777,What is the name of one the ex-security officials that means The Institute?,Mossad,Mossad,1.0,1.0,1.0,7.73,HaMossad leModiʿin uleTafkidim Meyuḥadim,0.0,0.0,0.0,7.72,-1.0,-0.0100000000000006,-0.010000000000000675,多余解释/冗余输出（Precision掉）
5a82e25555429954d2e2ebbf,779,Which author dedicated a 1985 romance novel to the author who did in 2009 and wrote under the pen name Gwyneth Moore?,Eva Ibbotson,Eva Ibbotson,1.0,1.0,1.0,8.03,Patricia Veryan,0.0,0.0,0.0,7.55,-1.0,-0.4799999999999995,-0.47999999999999954,实体跑偏/证据跑偏
5abd6cb955429933744ab7cd,783,The creature HNoMS Draug is named after comes from what kind of mythology?,Norse,Norse,1.0,1.0,1.0,8.01,Norse mythology,0.67,0.5,1.0,7.74,-0.3299999999999999,-0.2699999999999996,-0.2699999999999996,多余解释/冗余输出（Precision掉）
5a7cc0d4554299452d57ba07,788,Where is the company owning Reliance Cricket Stadium ranked on the Fortune Global 500 list as of 2016,215th,215th,1.0,1.0,1.0,7.93,ranked 215th,0.67,0.5,1.0,7.56,-0.3299999999999999,-0.3700000000000001,-0.3700000000000001,多余解释/冗余输出（Precision掉）
5a86113355429960ec39b618,789,Who had the lowest vocal range in Cosmos?,Jānis Strazdiņš,Jānis Strazdiņš,1.0,1.0,1.0,7.84,Jānis Strazdiņš (bass),0.8,0.67,1.0,7.61,-0.1999999999999999,-0.2299999999999995,-0.22999999999999954,多余解释/冗余输出（Precision掉）
5addfc425542997dc7907101,809,"Force India VJM10 is a Formula One racing car previous driven by Nico Hülkenberg, and is now driven by which driver born 17 September 1996?",Esteban Ocon,Esteban Ocon,1.0,1.0,1.0,8.2,Sergio Pérez and Esteban Ocon,0.57,0.4,1.0,7.82,-0.43,-0.379999999999999,-0.379999999999999,多余解释/冗余输出（Precision掉）
5a81e4e8554299676cceb140,817,In which University is Richard Williams' former assistant a member of the Athletics Hall of Fame?,Campbellsville University,Campbellsville University,1.0,1.0,1.0,8.06,Western Kentucky University,0.4,0.33,0.5,7.57,-0.6,-0.4900000000000002,-0.4900000000000002,实体跑偏/证据跑偏
5ab67bf255429954757d32f5,821,PISCES was developed by the company that is headquartered in what city?,"McLean, Virginia",McLean,0.67,1.0,0.5,8.54,Booz Allen Hamilton Inc,0.0,0.0,0.0,7.49,-0.67,-1.049999999999999,-1.049999999999999,实体跑偏/证据跑偏
5abce9ca554299114383a193,833,What was Terry Owen's son's profession after retiring from football?,racehorse breeder and owner,Racehorse breeder and owner,1.0,1.0,1.0,8.01,successful racehorse breeder and owner,0.89,0.8,1.0,7.32,-0.1099999999999999,-0.6899999999999995,-0.6899999999999995,多余解释/冗余输出（Precision掉）
5a7363ec5542991f29ee2dd7,835,"The USS Tortuga was named after the Dry Tortugas, a group of desert coral islets 60 miles west of which city with the motto ""One Human Family""?",Key West,Key West,1.0,1.0,1.0,8.05,"Key West, Florida",0.8,0.67,1.0,7.52,-0.1999999999999999,-0.5300000000000011,-0.5300000000000011,多余解释/冗余输出（Precision掉）
5a8d50fb55429941ae14dfa2,839,"The Bodie & Benton Railway was a narrow gauge common carrier railroad in California, from the Mono Mills to a terminus in a ghost town located how many miles away from Lake Tahoe ?",75 mi,75 mi,1.0,1.0,1.0,7.97,about 75 mi,0.8,0.67,1.0,7.44,-0.1999999999999999,-0.5299999999999994,-0.5299999999999994,多余解释/冗余输出（Precision掉）
5a8d0efd5542994ba4e3dbc6,842,The competition Lev Oborin won in 1927 is held in what city?,"Warsaw, Poland",Warsaw,0.67,1.0,0.5,8.88,International Chopin Piano Competition,0.0,0.0,0.0,8.04,-0.67,-0.8400000000000016,-0.8400000000000016,实体跑偏/证据跑偏
5a7ab51055429927d897bef6,846,What year was the author of Cock and Bull born?,1961,1961,1.0,1.0,1.0,7.61,26 September 1961,0.5,0.33,1.0,7.76,-0.5,0.1499999999999994,0.14999999999999947,多余解释/冗余输出（Precision掉）
5a88bd1d554299206df2b357,853,"When did the character on Grey's Anatomy, played by the same actor who portrayed Rev James Lawson in ""Lee Daniel's The Butler"", debut?","season six, episode 5, ""Invasion""","Season six, episode 5",0.89,1.0,0.8,8.21,"He was introduced in season six, episode 5, ""Invasion",0.71,0.56,1.0,7.8,-0.18,-0.410000000000001,-0.41000000000000103,数字/单位格式不一致（值相同）
5a73b2cb55429908901be31a,860,"The members of the von Trapp musical group are related to which woman who wrote ""The Story of the Trapp Family Singers""?",Maria von Trapp,Maria von Trapp,1.0,1.0,1.0,7.74,Maria Augusta von Trapp,0.86,0.75,1.0,7.18,-0.14,-0.5600000000000005,-0.5600000000000005,实体跑偏/证据跑偏
5a7b81715542997c3ec971d4,866,"The author of the ""The Dagger and the Coin"" fantasy series was nominated for what award in 2017?",Hugo Award,Hugo Award,1.0,1.0,1.0,7.91,The series as a whole was nominated for the 'Best Series' Hugo Award,0.33,0.2,1.0,7.69,-0.6699999999999999,-0.2199999999999997,-0.21999999999999975,多余解释/冗余输出（Precision掉）
5ae1e6d95542997283cd22c3,870,Keanu is a 2016 American action comedy film directed by Peter Atencio and written by who?,Jordan Peele,Jordan Peele,1.0,1.0,1.0,7.6,Jordan Peele and Alex Rubens,0.57,0.4,1.0,7.85,-0.43,0.25,0.25,多余解释/冗余输出（Precision掉）
5a852cd05542997b5ce3ffb0,875,The birthplace of George McCall Theal is a port city of what bay?,Bay of Fundy,Bay of Fundy,1.0,1.0,1.0,8.12,"Saint John, Bay of Fundy",0.75,0.6,1.0,7.76,-0.25,-0.3599999999999994,-0.35999999999999943,多余解释/冗余输出（Precision掉）
5adf39ce5542995534e8c76d,879,What did Karan Kapoor's maternal grandfather deliver?,Shakespeare performances,Shakespeare and Shaw performances,0.67,0.5,1.0,8.48,"actors who toured India and Asia with their theatre group, Shakespeareana, performing Shakespeare and Shaw",0.12,0.07,0.5,7.86,-0.55,-0.6200000000000001,-0.6200000000000001,实体跑偏/证据跑偏
5a8a265b5542992d82986ecc,882,"Between Frederick King Keller and Ian Schneider, which filmmaker had more diverse job experiences?",Frederick King Keller,Frederick King Keller,1.0,1.0,1.0,8.11,Besides acting and directing in theater his father also ran several art house movie theaters in Buffalo which the young Fred became intimately involved with and which formed the root of his cinematic education,0.0,0.0,0.0,7.83,-1.0,-0.2799999999999993,-0.27999999999999936,实体跑偏/证据跑偏
5ae53de455429908b6326599,885,The creek of which Paradise Creek is a tributary is a tributary of what river?,Delaware River,Delaware River,1.0,1.0,1.0,7.74,Brodhead Creek is a tributary of the Delaware River,0.44,0.29,1.0,7.55,-0.56,-0.1900000000000004,-0.1900000000000004,多余解释/冗余输出（Precision掉）
5a8cca64554299653c1aa125,888,"who were James Hill and John Vereker, 6th Viscount Gort officers for?",British Army,British Army,1.0,1.0,1.0,8.32,Field Marshal Lord Gort,0.0,0.0,0.0,7.95,-1.0,-0.3700000000000001,-0.3700000000000001,实体跑偏/证据跑偏
5ae0b2f25542993d6555ec1c,890,What food does one of Daniel Greene's subjects' restaurant chain specialize in?,hamburgers,Hamburgers,1.0,1.0,1.0,8.08,fried chicken,0.0,0.0,0.0,8.23,-1.0,0.1500000000000003,0.15000000000000036,实体跑偏/证据跑偏
5abffd10554299012d1db556,894,What Italian region does Slinzega come from?,Lombardy,Lombardy,1.0,1.0,1.0,7.8,the Italian Alps,0.0,0.0,0.0,7.48,-1.0,-0.3199999999999994,-0.3199999999999994,实体跑偏/证据跑偏
5ac0641f554299294b218fbe,925,Immanuel Lutheran School is affiliated with the denomination that has how many members?,2.1 million,2.1 million,1.0,1.0,1.0,8.11,"With 2.1 million members, it is both the eighth-largest Protestant denomination and the second-largest Lutheran body in the U.S., the largest being Evangelical Lutheran Church in America",0.15,0.08,1.0,8.04,-0.85,-0.0700000000000002,-0.07000000000000028,多余解释/冗余输出（Precision掉）
5a87954f5542996e4f308856,926,"Which genus has more species, Bactris and Epigaea?",Bactris,Bactris,1.0,1.0,1.0,7.74,None mentioned,0.0,0.0,0.0,7.63,-1.0,-0.1100000000000003,-0.11000000000000032,实体跑偏/证据跑偏
5a8bc03d5542996e8ac88a0b,927,What was the code name of The landing barge primarily used to provide hot meals to the landing crew?,Operation Neptune,Operation Neptune,1.0,1.0,1.0,7.76,,0.0,0.0,0.0,7.54,-1.0,-0.2199999999999997,-0.21999999999999975,空输出/解析失败
5ae1fbf05542997f29b3c1e7,932,When was the American automobile club which has 2014 Trans-Am Series as the 46th running of the Sports formed?,1944,1944,1.0,1.0,1.0,7.68,Formed in 1944,0.5,0.33,1.0,7.36,-0.5,-0.3199999999999994,-0.3199999999999994,多余解释/冗余输出（Precision掉）
5a8347d65542996488c2e3f6,938,in the 2004 Hockey film produced by a former major league baseball pitcher who played the USA coach?,Kurt Russell,Kurt Russell,1.0,1.0,1.0,7.99,"Miracle is a 2004 American sports docudrama about the United States men's hockey team, led by head coach Herb Brooks, portrayed by Kurt Russell, that won the gold medal in the 1980 Winter Olympics",0.12,0.07,1.0,7.92,-0.88,-0.0700000000000002,-0.07000000000000028,多余解释/冗余输出（Precision掉）
5ab85e9e55429934fafe6d8b,940,"What is the founding year of this public research university in the Netherlands, where Jan Borgman was a professor from 1968 to 1988?",1614,1614,1.0,1.0,1.0,7.92,founded in 1614,0.5,0.33,1.0,7.67,-0.5,-0.25,-0.25,多余解释/冗余输出（Precision掉）
5adfda5255429942ec259b5e,947,What county in Minnesota holds a 202 lb slab of greywacke covered in runes?,Douglas,Douglas,1.0,1.0,1.0,7.8,Douglas County,0.67,0.5,1.0,7.55,-0.3299999999999999,-0.25,-0.25,多余解释/冗余输出（Precision掉）
5a83a2a15542993344746063,952,"In regards to the high school that forced Manchester High School to change its name in 1922, when was its first graduating class?",June 1925,June 1925,1.0,1.0,1.0,7.8,In 1925,0.5,0.5,0.5,7.21,-0.5,-0.5899999999999999,-0.5899999999999999,数字/单位格式不一致（值相同）
5adca8375542990d50227cd4,954,"What year was the song that some critics compared to ""Fading"" released?",2008,2008,1.0,1.0,1.0,8.24,2010,0.0,0.0,0.0,7.81,-1.0,-0.4300000000000006,-0.4300000000000006,数字取值错误（值不同）
5a73cad5554299623ed4ac5e,957,What Dances with the Wolves star had a role in Powwow Highway?,"Wesley ""Wes"" Studi",Wes Studi,0.8,1.0,0.67,9.15,Graham Greene,0.0,0.0,0.0,7.9,-0.8,-1.25,-1.25,实体跑偏/证据跑偏
5abee41a5542993fe9a41d79,961,"What type of auto racing, performed on clay or dirt surfaced oval tracks, is run for the Australian Street Stock Championship?",Dirt track racing,Dirt track racing,1.0,1.0,1.0,7.91,Speedway,0.0,0.0,0.0,7.58,-1.0,-0.33,-0.33000000000000007,实体跑偏/证据跑偏
5a7daad55542995f4f4022b7,962,What year was the namesake of a small island in the Town of East Hampton born?,1599,1599,1.0,1.0,1.0,9.02,1600,0.0,0.0,0.0,7.7,-1.0,-1.3199999999999994,-1.3199999999999994,数字取值错误（值不同）
5abba584554299642a094afa,974,How many yards did the nephew of Ivory Lee Brown get during his 2004 true freshman season?,"1,925 yards","1,925",0.67,1.0,0.5,8.3,"set the NCAA freshman rushing record with 1,925 yards",0.4,0.25,1.0,7.55,-0.27,-0.7500000000000009,-0.7500000000000009,数字/单位格式不一致（值相同）
5adc5b875542996e68525328,978,In which St. Louis Cardinal season did a player born in 1972 blow ten saves before undergoing season-ending hip surgery?,2006 season,2006,0.67,1.0,0.5,8.4,The St. Louis Cardinals 2006 season,0.57,0.4,1.0,7.67,-0.1,-0.7300000000000004,-0.7300000000000004,数字/单位格式不一致（值相同）
5a79d2fe5542994f819ef0c3,980,"Who was born first, Aleksandr Ivanovsky or Arthur Lubin?",Aleksandr Ivanovsky,Aleksandr Ivanovsky,1.0,1.0,1.0,8.03,Arthur Lubin,0.0,0.0,0.0,7.7,-1.0,-0.3299999999999992,-0.3299999999999992,实体跑偏/证据跑偏
5ab38cdd5542992ade7c6de2,981,Liverpool nurse Mimi Smith was the aunt and guardian of which one of the city's most famous sons?,John Lennon,John Lennon,1.0,1.0,1.0,7.98,"the English musician, John Lennon",0.67,0.5,1.0,7.58,-0.3299999999999999,-0.4000000000000003,-0.40000000000000036,多余解释/冗余输出（Precision掉）
5aba77be55429955dce3ee44,986,How many degrees and minutes south of the equator are the bone fragments of the extinct Ascension night heron found?,7°56',7°56,1.0,1.0,1.0,7.69,7°56' South,0.67,0.5,1.0,7.25,-0.3299999999999999,-0.4400000000000004,-0.4400000000000004,多余解释/冗余输出（Precision掉）
5a8af94455429971feec45b6,987,Jon S. Cardin is the nephew of a senator who has been in office since when ?,since 2007,2007,0.67,1.0,0.5,8.63,"United States Senator from Maryland, in office since 2007",0.36,0.22,1.0,7.74,-0.31,-0.8900000000000006,-0.8900000000000006,数字/单位格式不一致（值相同）
5ae7882b554299540e5a55dd,995,What relationship does Fred Gehrke have to the 23rd overall pick in the 2010 Major League Baseball Draft?,great-grandfather,Great-grandfather,1.0,1.0,1.0,8.04,He is the great-grandfather of Christian Yelich,0.44,0.29,1.0,7.44,-0.56,-0.5999999999999988,-0.5999999999999988,多余解释/冗余输出（Precision掉）
5abf04ae5542993fe9a41dbf,1000,What musical action does Ndebele music and Musical bow have in common?,played,Played with hands,0.5,0.33,1.0,8.35,It can be played with the hands or a wooden stick or branch,0.17,0.09,1.0,7.51,-0.3299999999999999,-0.8399999999999999,-0.8399999999999999,实体跑偏/证据跑偏
5abae3205542996cc5e49edc,1003,What award did the writer of Never Let Me Go novel win in 1989?,Man Booker Prize for Fiction,Man Booker Prize,0.75,1.0,0.6,8.31,The Remains of the Day,0.0,0.0,0.0,7.58,-0.75,-0.7300000000000004,-0.7300000000000004,实体跑偏/证据跑偏
5a81cb2c5542990a1d231ec4,1012,"What award does Crystal Palace F.C. present, first won by John McCormick and most recently by Wilfried Zaha?",Player of the Year,Player of the Year,1.0,1.0,1.0,8.3,The Crystal Palace Football Club Player of the Year,0.6,0.43,1.0,8.04,-0.4,-0.2600000000000015,-0.26000000000000156,多余解释/冗余输出（Precision掉）
5ab9587d55429970cfb8ea7e,1017,About whose assassination is the French novel HHhH based?,Reinhard Heydrich,Reinhard Heydrich,1.0,1.0,1.0,8.98,the assassination of Nazi leader Reinhard Heydrich,0.5,0.33,1.0,8.31,-0.5,-0.6699999999999999,-0.6699999999999999,多余解释/冗余输出（Precision掉）
5a800ca555429969796c1bac,1021,"The ""New York Times"" bestselling book ""The 50th Law"" contains lessons and anecdotes from this historical figure who was a classical Greek (Athenian) philosopher who is known mainly through the writings of which philosopher?",Plato,Plato,1.0,1.0,1.0,7.68,"He is an enigmatic figure known chiefly through the accounts of classical writers, especially the writings of his students Plato and Xenophon",0.1,0.05,1.0,7.88,-0.9,0.2000000000000001,0.20000000000000018,多余解释/冗余输出（Precision掉）
5ae2cda55542992decbdcdb7,1026,"What ""God Gave Me You"" artist wrote the song ""Imagine That"" for Diamond Rio?",Bryan Shelton White,Bryan White,0.8,1.0,0.67,8.1,"Bryan White, Derek George and John Tirro",0.4,0.29,0.67,7.76,-0.4,-0.3399999999999998,-0.33999999999999986,实体跑偏/证据跑偏
5ac38bf355429939154137ba,1038,"William McGrath was a loyalist from Northern Ireland, and was known for opposing what?",united Ireland,A united Ireland,1.0,1.0,1.0,8.38,having a united Ireland,0.8,0.67,1.0,8.22,-0.1999999999999999,-0.1600000000000001,-0.16000000000000014,实体跑偏/证据跑偏
5ae648b955429929b0807b1d,1056,The physicist who is responsible for identifying the Rabi cycle won what award?,Nobel Prize,Nobel Prize,1.0,1.0,1.0,8.62,Nobel Prize in Physics,0.67,0.5,1.0,8.33,-0.3299999999999999,-0.2899999999999991,-0.28999999999999915,多余解释/冗余输出（Precision掉）
5a8f24cc55429924144829e7,1057,Andrei Ivanovich Gorchakov commanded the 1st Infanty Corps in what major engagement of the Napoleonic Wars?,Battle of Dresden,Battle of Dresden,1.0,1.0,1.0,7.81,At Dresden and Leipzig in 1813,0.22,0.17,0.33,7.57,-0.78,-0.2399999999999993,-0.23999999999999932,实体跑偏/证据跑偏
5ac4ec9955429924173fb4da,1078,What genre was the movie that Austin Nichols was in with Kirsten Dunst?,romantic comedy,Romantic Drama,0.5,0.5,0.5,8.2,romantic drama film,0.4,0.33,0.5,7.27,-0.0999999999999999,-0.9299999999999996,-0.9299999999999997,实体跑偏/证据跑偏
5ac270025542990b17b15390,1080,How many venues was in the complex at which Night of Joy was held?,9 venues,9,0.67,1.0,0.5,8.82,"The ESPN Wide World of Sports Complex is a 220 acre athletic complex located in the Walt Disney World Resort, in Bay Lake, Florida, near Orlando, Florida",0.0,0.0,0.0,8.39,-0.67,-0.4299999999999997,-0.4299999999999997,数字取值错误（值不同）
5ab1e76c554299449642c800,1082,Which of the three worst hotel fires in modern US History occurred most recently?,Dupont Plaza Hotel,Dupont Plaza Hotel,1.0,1.0,1.0,8.06,"The Dupont Plaza Hotel, San Juan, Puerto Rico fire on December 31, 1986",0.4,0.25,1.0,7.81,-0.6,-0.2500000000000009,-0.2500000000000009,多余解释/冗余输出（Precision掉）
5a84f5195542994c784dda9d,1084,What is the current position held by the Nathan Sharansky's co-author of the book The Case for Democracy?,Israeli Ambassador,Israeli Ambassador,1.0,1.0,1.0,7.72,former Israeli Member of the Knesset,0.29,0.2,0.5,7.67,-0.71,-0.0499999999999998,-0.04999999999999982,实体跑偏/证据跑偏
5ab701395542991d3222373a,1087,What  unincorporated town along the Amargosa River is near the Sarcobatus Flat?,Beatty,Beatty,1.0,1.0,1.0,7.89,"Beatty, Nevada",0.67,0.5,1.0,7.58,-0.3299999999999999,-0.3099999999999996,-0.3099999999999996,多余解释/冗余输出（Precision掉）
5ac2ba4855429921a00ab048,1094,which Norwegian chess grandmaster was  Espen Agdestein his manager,Sven Magnus,Magnus Carlsen,0.5,0.5,0.5,8.54,Espen Agdestein,0.0,0.0,0.0,7.7,-0.5,-0.839999999999999,-0.839999999999999,实体跑偏/证据跑偏
5ac54ca45542993e66e822d5,1098,What was the title of the debut studio album by Weezer which contained the hit Buddy Holly and Undone – The Sweater Song?,The Blue Album,Blue Album,1.0,1.0,1.0,8.11,Weezer,0.0,0.0,0.0,7.78,-1.0,-0.3299999999999992,-0.3299999999999992,实体跑偏/证据跑偏
5a7199725542994082a3e88f,1103,"Which publication still relies on paper printing, Human Events or Texas Highways?",Texas Highways,Texas Highways,1.0,1.0,1.0,7.78,Human Events,0.0,0.0,0.0,7.73,-1.0,-0.0499999999999998,-0.04999999999999982,实体跑偏/证据跑偏
5abbd7985542992ccd8e7fb8,1104,"Thor Equities owns properties in Soho, which became known for what type of rental properties?",artists' lofts,Artists' lofts,1.0,1.0,1.0,8.28,artists' lofts and art galleries,0.57,0.4,1.0,8.19,-0.43,-0.0899999999999998,-0.08999999999999986,多余解释/冗余输出（Precision掉）
5ab42d5755429942dd415eaf,1111,"""Lost!"" is a song by a British rock band formed in what year?",1996,Coldplay 1996,0.67,0.5,1.0,8.57,Coldplay are a British rock band formed in 1996,0.22,0.12,1.0,7.87,-0.45,-0.7000000000000002,-0.7000000000000002,数字/单位格式不一致（值相同）
5a8baf775542996e8ac889c8,1115,"Signed with Maybach Music Group in 2011, which artist was featured as a guest in Fire of Zamani?",Wale,Wale,1.0,1.0,1.0,8.11,M.I,0.0,0.0,0.0,7.77,-1.0,-0.3399999999999998,-0.33999999999999986,实体跑偏/证据跑偏
5a8d0d7b55429941ae14df79,1121,How many rooms does that largest single hotel within the United States that is owned by MGM Resorts International?,"5,124 rooms","5,124",0.67,1.0,0.5,8.16,"The MGM Grand Las Vegas (formerly Marina and MGM-Marina) is a hotel and casino located on the Las Vegas Strip in Paradise, Nevada",0.0,0.0,0.0,7.72,-0.67,-0.4400000000000004,-0.4400000000000004,实体跑偏/证据跑偏
5a7c3178554299683c1c62e1,1123,"The Fast On-orbit Rapid Recording of Transient Events (FORTE) was co-developed and launched by this lab located a short distance northwest of Santa Fe, New Mexico that was involved with which nuclear weapon program during World War II?",Manhattan Project,Manhattan Project,1.0,1.0,1.0,8.14,Los Alamos National Laboratory,0.0,0.0,0.0,7.92,-1.0,-0.2200000000000006,-0.22000000000000064,实体跑偏/证据跑偏
5ae020f5554299025d62a41b,1126,The Little Missouri River rises west of a laccolithic butte that stands how many feet from summit to base?,867,867,1.0,1.0,1.0,7.83,867 feet,0.67,0.5,1.0,7.6,-0.3299999999999999,-0.2300000000000004,-0.23000000000000043,多余解释/冗余输出（Precision掉）
5a86204d5542994775f60709,1131,The Extreme Centre: A Warning was a book by the activist who studied at which college?,Exeter College,"Tariq Ali, Exeter College",0.67,0.5,1.0,8.65,"British-Pakistani writer, journalist, political activist and historian Tariq Ali",0.0,0.0,0.0,7.85,-0.67,-0.8000000000000007,-0.8000000000000007,实体跑偏/证据跑偏
5a8c8502554299585d9e36d0,1136,"Who was appointed to the board of supervisors first, Jeff Sheehy or Ed Lee?",Ed Lee,Ed Lee,1.0,1.0,1.0,8.21,Jeff Sheehy,0.0,0.0,0.0,7.89,-1.0,-0.3200000000000012,-0.3200000000000012,实体跑偏/证据跑偏
5a7a9b9a5542990198eaf160,1140,When was the Chinese American electronic musician and singer who collaborated on the album I Remember born?,1989,1989,1.0,1.0,1.0,7.78,born 1989,0.67,0.5,1.0,7.45,-0.3299999999999999,-0.33,-0.33000000000000007,多余解释/冗余输出（Precision掉）
5ac373195542995ef918c199,1147,The Bay Plaza Shopping Center contains a store that headquartered where?,"Hoffman Estates, Illinois",Hoffman Estates,0.8,1.0,0.67,8.19,"Kmart is an American big box department store chain headquartered in Hoffman Estates, Illinois, United States",0.33,0.2,1.0,8.16,-0.47,-0.0299999999999993,-0.02999999999999936,实体跑偏/证据跑偏
5a7e052d5542995f4f40238e,1148,The Joggers are a four-piece band whose lead singer is the son of an American chemist who received the highest what?,Hirsch index rating,Hirsch index rating,1.0,1.0,1.0,8.02,highest Hirsch index rating,0.86,0.75,1.0,7.11,-0.14,-0.9099999999999993,-0.9099999999999993,多余解释/冗余输出（Precision掉）
5ac1b1345542994ab5c67dd0,1153,Sinch when has the rank held by Sir Charles Comyn Egertong been the highest in the British Army?,1736,1736,1.0,1.0,1.0,7.82,Since 1736,0.67,0.5,1.0,7.48,-0.3299999999999999,-0.3399999999999998,-0.33999999999999986,多余解释/冗余输出（Precision掉）
5ac3b04f55429939154138b7,1154,Which railway is a part of Summerseat and also runs between Heywood and Rawtenstall?,East Lancashire Railway,East Lancashire Railway,1.0,1.0,1.0,7.69,The Heritage East Lancashire Railway,0.86,0.75,1.0,7.18,-0.14,-0.5100000000000007,-0.5100000000000007,多余解释/冗余输出（Precision掉）
5a90b1a15542990a984936ab,1158,"Before going to the London School of Theology, John Burges spent six years working for a company headquartered in what country?",the Netherlands,Netherlands,1.0,1.0,1.0,7.51,British–Dutch,0.0,0.0,0.0,7.58,-1.0,0.0700000000000002,0.07000000000000028,实体跑偏/证据跑偏
5a7a9a2255429941d65f26eb,1161,Kang Sung-yeon played Prince Yeonsan in a film that runs for how many minutes ?,119 minutes,119,0.67,1.0,0.5,8.99,"It was released on 29 December 2005, runs for 119 minutes;",0.31,0.18,1.0,7.96,-0.36,-1.0300000000000002,-1.0300000000000002,数字取值错误（值不同）
5ac2dfac554299657fa290b3,1167,"What multinational professional services firm, headquartered in London, England, is one of the ""Big Four"" accounting firms and is also a tenant in InfoPark, Kochi?",Ernst & Young,Ernst & Young,1.0,1.0,1.0,8.26,EY (formerly Ernst & Young),0.67,0.5,1.0,7.94,-0.3299999999999999,-0.3199999999999994,-0.3199999999999994,多余解释/冗余输出（Precision掉）
5ae0cddc55429945ae959459,1168,National Firearms Agreement was in response to the Port Arthur massacre that killed how many people?,35 people,35,0.67,1.0,0.5,8.03,The Port Arthur massacre that killed 35 people,0.44,0.29,1.0,7.43,-0.23,-0.5999999999999996,-0.5999999999999996,数字/单位格式不一致（值相同）
5a82817555429954d2e2eb5a,1171,"Which film does ""Naked Weapon"" follow in the ""Naked"" series?","""Naked Killer""",Naked Killer,1.0,1.0,1.0,7.98,the second installment,0.0,0.0,0.0,8.02,-1.0,0.0399999999999991,0.03999999999999915,实体跑偏/证据跑偏
5a8332815542993344745fe9,1178,Who founded the company that sponsors the CFL game of the week?,Dave Thomas,Dave Thomas,1.0,1.0,1.0,8.0,Wendy's,0.0,0.0,0.0,7.72,-1.0,-0.2800000000000002,-0.28000000000000025,实体跑偏/证据跑偏
5adf227a5542992d7e9f92a6,1179,Josephine de Reszke made her debut in what grand opera?,Hamlet,Hamlet,1.0,1.0,1.0,8.35,Ophelia in Hamlet,0.5,0.33,1.0,7.72,-0.5,-0.6299999999999999,-0.6299999999999999,多余解释/冗余输出（Precision掉）
5ae7da705542993210983f96,1186,"What is the name of this New York based American investment management firm founded in 1982, whose co-CEO is Robert Mercer?",Renaissance Technologies,Renaissance Technologies,1.0,1.0,1.0,7.74,Renaissance Technologies LLC,0.8,0.67,1.0,7.17,-0.1999999999999999,-0.5700000000000003,-0.5700000000000003,多余解释/冗余输出（Precision掉）
5a7f3bcd55429930675136c3,1194,"""wild combination"" was a film about a man who was an American cellist, composer, producer and singer, who is he?",Arthur Russell,Arthur Russell,1.0,1.0,1.0,7.96,Arthur Russell (musician),0.8,0.67,1.0,7.31,-0.1999999999999999,-0.6500000000000004,-0.6500000000000004,多余解释/冗余输出（Precision掉）
5ab3c05d55429969a97a81aa,1199,How many times has the author of Negotiating with the Dead been shortlisted for the Booker Prize ?,five times,Five,0.67,1.0,0.5,8.38,"She is a winner of the Arthur C. Clarke Award and Prince of Asturias Award for Literature, has been shortlisted for the Booker Prize five times, winning once",0.15,0.08,1.0,7.95,-0.52,-0.4300000000000006,-0.4300000000000006,数字/单位格式不一致（值相同）
5ac199955542994ab5c67d8c,1215,Jullian Allen a Brittish-American Illustrator had some of his Illustration published appear in Queen magazine. In 1970 the magazines name was changed to Harper's and Queen. What is the name of the magazine now ?,Harper's Bazaar,Harper's Bazaar,1.0,1.0,1.0,8.1,"From 1970 the new publication became known as Harper's & Queen until the name ""Queen"" was dropped from the masthead. It is now known as ""Harper's Bazaar",0.16,0.09,1.0,8.05,-0.84,-0.0499999999999989,-0.049999999999998934,多余解释/冗余输出（Precision掉）
5ae27f22554299495565da8d,1216,In what year was the mathematician husband of Anneli Cahn Lax born?,1926,1926,1.0,1.0,1.0,8.18,"He has made important contributions to integrable systems, fluid dynamics and shock waves, solitonic physics, hyperbolic conservation laws, and mathematical and scientific computing, among other fields",0.0,0.0,0.0,7.99,-1.0,-0.1899999999999995,-0.1899999999999995,实体跑偏/证据跑偏
5ac2680055429963665199a8,1217,What position did Ernest Newman hold at Her Majesty's Royal Palace and Fortress?,Chaplain,Chaplain,1.0,1.0,1.0,8.19,Chaplain to the Forces,0.5,0.33,1.0,7.59,-0.5,-0.5999999999999996,-0.5999999999999996,多余解释/冗余输出（Precision掉）
5ac5275755429924173fb617,1230,"Because Marc Shiller was born in Beunos Aires in 1957, but is a resident of the United States, what ethnic group does he belong to?",Argentine Americans,Italian Americans,0.5,0.5,0.5,8.52,Argentinian American,0.0,0.0,0.0,7.83,-0.5,-0.6899999999999995,-0.6899999999999995,实体跑偏/证据跑偏
5ab3b2c4554299233954ff8a,1234,Chapter 27 is a 2007 film depicting the murder of John Lennon by someone who remained at the crime scene after the murder reading what novel?,The Catcher in the Rye,The Catcher in the Rye,1.0,1.0,1.0,8.15,"J. D. Salinger's novel ""The Catcher in the Rye",0.6,0.43,1.0,7.86,-0.4,-0.29,-0.29000000000000004,多余解释/冗余输出（Precision掉）
5abdb8ba5542993f32c2a015,1241,Maggie May is a musical based on a folk song about a prostitute who robbed whom?,sailor,a sailor,1.0,1.0,1.0,7.91,a sailor coming home from a round trip,0.29,0.17,1.0,7.71,-0.71,-0.2000000000000001,-0.20000000000000018,实体跑偏/证据跑偏
5ab90f5755429934fafe6e57,1242,The R241 road is in a county in what Republic?,Ireland,Ireland,1.0,1.0,1.0,9.21,County Donegal,0.0,0.0,0.0,9.16,-1.0,-0.0500000000000007,-0.05000000000000071,实体跑偏/证据跑偏
5a8b448255429971feec468c,1252,"Stephen Graham starred in a film in 2006, directed by whom?",directed by Shane Meadows,Shane Meadows,0.67,1.0,0.5,8.4,This Is England,0.0,0.0,0.0,7.75,-0.67,-0.6500000000000004,-0.6500000000000004,实体跑偏/证据跑偏
5ae305355542992decbdcdc2,1255,What season three X Factor winner has worked with songwriter Ryan Tedder?,Leona Lewis,Leona Lewis,1.0,1.0,1.0,8.22,"She was born and raised in the London Borough of Islington, London, where she attended the BRIT School for Performing Arts and Technology",0.0,0.0,0.0,8.18,-1.0,-0.0400000000000009,-0.040000000000000924,同义词/别名未规范化
5a8530cc5542992a431d1aeb,1256,The university which David R. Marchant was a member of in 1994 is located in what city?,Orono,Orono,1.0,1.0,1.0,8.19,"Orono, Maine",0.67,0.5,1.0,7.55,-0.3299999999999999,-0.6399999999999997,-0.6399999999999997,多余解释/冗余输出（Precision掉）
5abeafbb5542997ec76fd347,1259,"Between the documentaries The Staten Island Catapult and Frida, en trotjänarinna which came first?","Frida, en trotjänarinna","Frida, en trotjänarinna",1.0,1.0,1.0,8.15,1999,0.0,0.0,0.0,7.5,-1.0,-0.6500000000000004,-0.6500000000000004,实体跑偏/证据跑偏
5a7c68575542996dd594b91c,1261,What was the sequel of the game that e was published by U.S. Gold in 1992?,Fade to Black,Fade to Black,1.0,1.0,1.0,7.8,"the sequel to the 1992 video game ""Flashback",0.22,0.17,0.33,7.53,-0.78,-0.2699999999999996,-0.2699999999999996,实体跑偏/证据跑偏
5a7741775542994aec3b724f,1266,What is the name of the character portrayed by Anna Camp in the film centered on the fictional Barden University and The Bellas?,Aubrey Posen,Aubrey Posen,1.0,1.0,1.0,7.94,Anna Camp,0.0,0.0,0.0,7.64,-1.0,-0.3000000000000007,-0.3000000000000007,实体跑偏/证据跑偏
5a8a1b7a5542992d82986ec0,1268,"Where did the father of Edward Garrison Walker live when he wrote ""An Appeal to the Coloured Citizens of the World""?",Boston,Boston,1.0,1.0,1.0,7.77,"Boston, Massachusetts",0.67,0.5,1.0,7.52,-0.3299999999999999,-0.25,-0.25,多余解释/冗余输出（Precision掉）
5a8a0cb75542992d82986e7d,1284,How long is the tidal estuary in which Branford is a shoreline town?,110 miles,110 miles,1.0,1.0,1.0,8.21,"From east to west, the sound stretches 110 miles (177 km)",0.33,0.2,1.0,7.92,-0.6699999999999999,-0.2900000000000009,-0.2900000000000009,多余解释/冗余输出（Precision掉）
5abbc96755429931dba1452c,1286,"How many records had the team sold before performing ""aint thinkin' 'bout you""?",three million copies worldwide,Three million,0.67,1.0,0.5,8.07,,0.0,0.0,0.0,7.52,-0.67,-0.5500000000000007,-0.5500000000000007,空输出/解析失败
5ade664555429939a52fe89c,1287,WSCV's transmitter is located near this stadium located in which suburb?,"Miami Gardens, Florida,",north Miami-Dade County,0.29,0.25,0.33,9.12,Hard Rock Stadium in north Miami-Dade County,0.18,0.12,0.33,8.13,-0.1099999999999999,-0.9899999999999984,-0.9899999999999984,实体跑偏/证据跑偏
5ab7ccf455429928e1fe3910,1291,What was the 2010 population of the town where Lake George Avenue Historic District is located?,"5,042","5,042",1.0,1.0,1.0,7.99,"The population was 5,042",0.5,0.33,1.0,7.75,-0.5,-0.2400000000000002,-0.2400000000000002,多余解释/冗余输出（Precision掉）
5ab4f7fc5542991779162d43,1296,Kete Krachi is a town in what region?,Volta,Volta Region,0.67,0.5,1.0,8.4,The Volta Region of Ghana,0.4,0.25,1.0,7.66,-0.27,-0.7400000000000002,-0.7400000000000002,实体跑偏/证据跑偏
5ae0d3da5542990adbacf66d,1297,Which Prince of Bismarcks EMS dispatch incited France to declare the Franco-Prussian War in July 1870,Otto Eduard Leopold,Otto von Bismarck,0.33,0.33,0.33,8.52,The Ems Dispatch,0.0,0.0,0.0,7.61,-0.33,-0.9099999999999993,-0.9099999999999993,实体跑偏/证据跑偏
5add92885542990dbb2f7e72,1315,How did the chairman of the Luthuanian Union of Actors discribe the star of the film Redirected?,one of Lithuania's most talented actors,One of Lithuania's most talented actors,1.0,1.0,1.0,8.14,"he was one of Lithuania's most talented actors, both in comedy and drama",0.63,0.46,1.0,7.67,-0.37,-0.4700000000000006,-0.47000000000000064,多余解释/冗余输出（Precision掉）
5ac294b955429921a00aafd0,1318,"Which magazine was created first, Macworld or Soaps In Depth?",Macworld,Macworld (1984),0.67,0.5,1.0,8.55,A,0.0,0.0,0.0,7.59,-0.67,-0.9600000000000009,-0.9600000000000009,实体跑偏/证据跑偏
5ae835f25542997ec272776f,1322,Charles Barkley changed his jersey number to #32 in honor of a player born in which year ?,1959,1959,1.0,1.0,1.0,8.27,Magic Johnson,0.0,0.0,0.0,7.8,-1.0,-0.4699999999999997,-0.46999999999999975,实体跑偏/证据跑偏
5a7a030c5542996a35c17077,1328,J.B. Scotts located on this 11 mile stretch in Albany New York and is also known by this name in Schenectady County?,State Street,State Street,1.0,1.0,1.0,8.15,"Central Avenue (Albany, New York)",0.0,0.0,0.0,7.79,-1.0,-0.3600000000000003,-0.3600000000000003,同义词/别名未规范化
5ae5a4e5554299546bf82f01,1330,"Which writer of ""Rewrite This Story"" are an American songwriting duo and composing team for musical theater, films, and television?",Pasek and Paul,Pasek and Paul,1.0,1.0,1.0,7.9,Benj Pasek and Justin Paul,0.75,0.6,1.0,7.47,-0.25,-0.4300000000000006,-0.4300000000000006,实体跑偏/证据跑偏
5a7c6d98554299683c1c6304,1349,What ABC television series was inspired by a 2011 film and cast Dominic Cooper as young Howard Stark?,Agent Carter,Agent Carter,1.0,1.0,1.0,7.75,Marvel's Agent Carter,0.8,0.67,1.0,7.22,-0.1999999999999999,-0.5300000000000002,-0.5300000000000002,多余解释/冗余输出（Precision掉）
5ab864945542990e739ec8e1,1350,Substorm was described in qualitative terms by a scientist nominated for what seven times?,Nobel Prize,Nobel Prize,1.0,1.0,1.0,8.13,He is best remembered as the person whose theories of atmospheric electric currents elucidated the nature of the aurora borealis,0.0,0.0,0.0,7.91,-1.0,-0.2200000000000006,-0.22000000000000064,实体跑偏/证据跑偏
5abb7ea4554299642a094a96,1363,When was the earliest film of High School and The Thorn in the Heart shot?,1968,1968,1.0,1.0,1.0,8.05,It was shot over five weeks in March and April 1968,0.17,0.09,1.0,7.72,-0.83,-0.3300000000000009,-0.33000000000000096,多余解释/冗余输出（Precision掉）
5ab94cca554299753720f7dd,1364,"Angelspit toured the United States with an American electronic music duo from Orlando, Florida, that formed in what year?",2006,2006,1.0,1.0,1.0,8.0,Blood on the Dance Floor,0.0,0.0,0.0,7.61,-1.0,-0.3899999999999997,-0.3899999999999997,实体跑偏/证据跑偏
5a77846f5542995d83181187,1368,Which 50th Congressional District representative was Brent Roger Wilkes connected to in a scandal?,Duke Cunningham,Duke Cunningham,1.0,1.0,1.0,7.86,United States House of Representatives from California's 50th Congressional District,0.0,0.0,0.0,7.65,-1.0,-0.2099999999999999,-0.20999999999999996,实体跑偏/证据跑偏
5a7d7d895542995f4f402281,1373,"As the oldest player in the NFL, this football player is the only player ever to have accomplished what?","score 1,000 points with two different teams","score 1,000 points with two different teams",1.0,1.0,1.0,8.13,"He is the only player ever to score 1,000 points with two different teams",0.7,0.54,1.0,7.61,-0.3,-0.5200000000000005,-0.5200000000000005,多余解释/冗余输出（Precision掉）
5abd6a7455429933744ab7c5,1378,"What German medium tank, sometimes called the ""Mark V"", that was deployed on the Eastern and Western fronts from mid-1943 provided the armor and suspension for the chassis of the tank destroyer built by Nazi Germany during World War II?",The Panther,Panther,1.0,1.0,1.0,8.26,Panther tank,0.67,0.5,1.0,7.7,-0.3299999999999999,-0.5599999999999996,-0.5599999999999996,实体跑偏/证据跑偏
5ac25fa955429951e9e6858c,1387,what is the principal activity of the company  which holds that which  Robert Melville previously worked with,"design, development, manufacture","design, development, manufacture and sale",0.75,0.6,1.0,8.31,"The design, development, manufacture and sale of vehicles bearing the Jaguar and Land Rover (including Range Rover) marques",0.32,0.19,1.0,7.72,-0.43,-0.5900000000000007,-0.5900000000000007,实体跑偏/证据跑偏
5a8077ca5542992bc0c4a729,1388,"Abraham Lokin was born on an archipelago between the Norwegian Sea and North Atlantic, that is about 200 miles north-northwest of where?",Scotland,Scotland,1.0,1.0,1.0,7.88,mainland Scotland,0.67,0.5,1.0,7.57,-0.3299999999999999,-0.3099999999999996,-0.3099999999999996,多余解释/冗余输出（Precision掉）
5ac397fe554299218029dbe2,1389,"Prior to playing for Michigan State, Keith Nichol played football for a school located in what city?",Norman,Norman,1.0,1.0,1.0,7.89,Oklahoma Sooners,0.0,0.0,0.0,7.59,-1.0,-0.2999999999999998,-0.2999999999999998,实体跑偏/证据跑偏
5a8e69565542990e94052afb,1394,"How many Grammy Award nominations has the musician who Graham Maby has recorded and toured with since his first album, and whose first release was ""Is She Really Going Out with Him"", won?",5,5,1.0,1.0,1.0,7.76,He has won 5 Grammy Award nominations,0.25,0.14,1.0,7.62,-0.75,-0.1399999999999996,-0.13999999999999968,多余解释/冗余输出（Precision掉）
5a9068f85542990a98493623,1396,What was the nickname of the 76er who was drafted 3rd in the 2014 draft?,The Process,The Process,1.0,1.0,1.0,7.97,"Joel Hans Embiid has nicknamed himself ""The Process",0.25,0.14,1.0,7.71,-0.75,-0.2599999999999998,-0.2599999999999998,多余解释/冗余输出（Precision掉）
5a8e40f65542995a26add498,1399,This cabin built in 1925 is located in a park encompasses over 1 million acre and includes parts of two what?,mountain ranges,mountain ranges,1.0,1.0,1.0,8.04,mountain ranges (sub-ranges of the Rocky Mountains),0.44,0.29,1.0,7.9,-0.56,-0.1399999999999988,-0.1399999999999988,多余解释/冗余输出（Precision掉）
5a85db6e5542994c784ddb96,1408,What is the student body for Ron Johnson's alma mater?,"37,776","37,776",1.0,1.0,1.0,8.44,"its student body numbering 37,776 for the Fall 2016 semester",0.2,0.11,1.0,7.96,-0.8,-0.4799999999999995,-0.47999999999999954,多余解释/冗余输出（Precision掉）
5a7da0de5542990b8f5039d7,1418,"Who was born earlier, Robert Mulligan or James Foley?",Robert Patrick Mulligan,Robert Mulligan,0.8,1.0,0.67,8.02,James Foley,0.0,0.0,0.0,7.62,-0.8,-0.3999999999999994,-0.39999999999999947,实体跑偏/证据跑偏
5a7e283655429965cec5eaab,1427,"The founder of this Canadian owned, American manufacturer of business jets for civilian and military developed this portable tape system.",8-track,8-track cartridge,0.8,0.67,1.0,7.87,"He also invented the battery eliminator for the B battery, and developed the 8-track cartridge, an audio tape system",0.22,0.12,1.0,8.14,-0.5800000000000001,0.2700000000000004,0.27000000000000046,数字/单位格式不一致（值相同）
5ac0d5cf554299294b219026,1433,An American Werewolf in Paris was a partial sequel to the comedy film starring whom?,"David Naughton, Jenny Agutter and Griffin Dunne",David Naughton,0.44,1.0,0.29,8.43,An American Werewolf in London,0.0,0.0,0.0,7.62,-0.44,-0.8099999999999996,-0.8099999999999996,实体跑偏/证据跑偏
5a8a756555429970aeb702f2,1434,Stray Arrows: A Collection of Favorites is the first compilation album released by an American alternative metal band that formed in what Chicago suburb?,Wildwood,Wildwood,1.0,1.0,1.0,7.73,"Wildwood, Illinois",0.67,0.5,1.0,7.4,-0.3299999999999999,-0.33,-0.33000000000000007,多余解释/冗余输出（Precision掉）
5ab6c5be55429954757d336c,1436,The character Jack from While You Were Sleeping was born in what year?,1953,1953,1.0,1.0,1.0,7.87,"He has since gone on to star in other films, such as ""While You Were Sleeping"" (1995), ""Casper"" (1995), ""Independence Day"" (1996) and ""Lost Highway"" (1997)",0.0,0.0,0.0,8.22,-1.0,0.3500000000000005,0.35000000000000053,数字取值错误（值不同）
5adf27775542993344016c00,1439,"How many pornographic films did the actress, who co-hosted the 29th AVN Awards with Dave Attell and Sunny Leone, appear in ?",281,Over 281,0.67,0.5,1.0,8.23,She performed in over 281 pornographic films,0.25,0.14,1.0,7.7,-0.42,-0.5300000000000002,-0.5300000000000002,数字/单位格式不一致（值相同）
5ac2a23a55429967731025cc,1443,"Which semi-retired professional wrestler appeared in ""Final Score?""",David Michael Bautista Jr.,Dave Bautista,0.33,0.5,0.25,8.37,Scott Thompson,0.0,0.0,0.0,7.52,-0.33,-0.8499999999999996,-0.8499999999999996,实体跑偏/证据跑偏
5ab7ee895542995dae37e9f6,1447,What is the happiest town Sarasota county Florida?,Venice,Venice,1.0,1.0,1.0,7.9,Venice is a top 10 Happiest Seaside Towns by Coastal Living,0.18,0.1,1.0,7.77,-0.8200000000000001,-0.1300000000000007,-0.13000000000000078,多余解释/冗余输出（Precision掉）
5a8466a75542993344746108,1458,What is the name of the so-called reform opera for Vienna that came before the one first performed in Vienna in the presence of Empress Maria Theresa?,"""Alceste""",Alceste,1.0,1.0,1.0,7.89,Orfeo ed Euridice,0.0,0.0,0.0,7.62,-1.0,-0.2699999999999996,-0.2699999999999996,实体跑偏/证据跑偏
5a75f32055429976ec32bcb7,1459,"This actor born August 26, 1909 stared in the tv show "" The Cowboys "".",Jim Davis,Jim Davis,1.0,1.0,1.0,7.96,Jim Davis (actor),0.8,0.67,1.0,7.37,-0.1999999999999999,-0.5899999999999999,-0.5899999999999999,多余解释/冗余输出（Precision掉）
5a8d0be85542994ba4e3dbb2,1464,Maryland Jockey Club operates a race track in the largest municipality in which Maryland county?,Prince George's County,Prince George's County,1.0,1.0,1.0,8.13,"Bowie is a city in Prince George's County, Maryland",0.55,0.38,1.0,7.79,-0.4499999999999999,-0.3400000000000007,-0.34000000000000075,多余解释/冗余输出（Precision掉）
5adca5eb5542994d58a2f693,1466,Kevin Watson currently manages which Southern League football team?,Bishop's Stortford,Bishop's Stortford,1.0,1.0,1.0,7.95,Bishop's Stortford Football Club,0.67,0.5,1.0,7.79,-0.3299999999999999,-0.1600000000000001,-0.16000000000000014,多余解释/冗余输出（Precision掉）
5a80762a5542996402f6a536,1469,What team does the new manager who made considerable changes to the Celtic team for the 2010-11 season head coach for?,Scottish Premiership club Hibernian,Hibernian,0.4,1.0,0.25,8.5,Celtic F.C,0.0,0.0,0.0,7.87,-0.4,-0.6299999999999999,-0.6299999999999999,实体跑偏/证据跑偏
5a8bf6cf5542995e66a47525,1470,In what season of the Simpson's does Lisa convert to Buddhism?,"""The Simpsons""' thirteenth season",Thirteenth,0.5,1.0,0.33,8.55,She of Little Faith,0.0,0.0,0.0,7.88,-0.5,-0.6700000000000008,-0.6700000000000008,实体跑偏/证据跑偏
5abc091555429965836003f6,1476,Which of Darren Aronofsky's movies is based on a Russian ballet?,Swan Lake,Black Swan,0.5,0.5,0.5,8.45,Black Swan (film),0.4,0.33,0.5,7.96,-0.0999999999999999,-0.4899999999999993,-0.4899999999999993,实体跑偏/证据跑偏
5ae454355542996836b02c77,1479,"How many albums have been released by the same band that released the ""Trance"" EP?",4 albums,4,0.67,1.0,0.5,8.22,"Signed to The End Records (for the United States) and Germany's Massacre Records (for Europe), the band has released 4 albums and 1 EP",0.17,0.1,1.0,7.67,-0.5,-0.5500000000000007,-0.5500000000000007,数字/单位格式不一致（值相同）
5ae01fcf554299025d62a411,1483,What type of students attend the school adjacent to Pilgram Hospital?,girls aged 11 to 18,Girls aged 11-18,0.89,1.0,0.8,7.85,selective grammar school and sixth form college for girls,0.14,0.11,0.2,7.43,-0.75,-0.4199999999999999,-0.41999999999999993,实体跑偏/证据跑偏
5aba6f3e55429955dce3ee21,1491,Li Yitong made her television debut on which network?,Dragon TV,Dragon TV,1.0,1.0,1.0,7.39,"She made her acting debut with a leading role in the web series ""Demon Girl"" by Yu Zheng",0.0,0.0,0.0,7.71,-1.0,0.3200000000000003,0.3200000000000003,同义词/别名未规范化
5abef8fd5542990832d3a111,1498,The evil clown is a subversion of the traditional comic clown character with the modern archetype popularised by a book that follows the experiences of how many children?,seven,seven,1.0,1.0,1.0,7.7,seven children,0.67,0.5,1.0,7.45,-0.3299999999999999,-0.25,-0.25,多余解释/冗余输出（Precision掉）
5ab78a445542992aa3b8c826,1503,"How many records did the singer who sang ""Four Seasons of Love"" sell worldwide?",140 million,Over 140 million,0.8,0.67,1.0,7.79,She also charted four number-one singles in the U.S. within a 12-month period,0.0,0.0,0.0,7.64,-0.8,-0.1500000000000003,-0.15000000000000036,数字取值错误（值不同）
5a727e1b5542991f9a20c497,1504,"In which song was written by singer-songwriter Taylor Swift and shares the optimistic lyrical message to a song called ""Yodel It!""?",Shake It Off,Shake It Off,1.0,1.0,1.0,8.06,"Taylor Swift's ""Shake It Off"" (2014)",0.67,0.5,1.0,7.78,-0.3299999999999999,-0.2800000000000002,-0.28000000000000025,多余解释/冗余输出（Precision掉）
5ab2e3a35542991669774124,1516,The Pioneer Helmet and the Benty Grange helmet are linked because of which feature?,A simple iron boar crest,Boar-crested helm,0.29,0.33,0.25,8.72,associating it with,0.0,0.0,0.0,7.93,-0.29,-0.7900000000000009,-0.7900000000000009,实体跑偏/证据跑偏
5ac3e80b554299076e296ccd,1517,What sport is featured in the film in which Kwon Yu-ri made her film debut ?,swimming,Swimming,1.0,1.0,1.0,8.47,competitive swimming,0.67,0.5,1.0,8.21,-0.3299999999999999,-0.2599999999999998,-0.2599999999999998,多余解释/冗余输出（Precision掉）
5ae7ff745542994a481bbe6e,1523,"When was the track from which a sample was featured in ""Take Me to the Clouds Above"" released?",16 March 1987,1987,0.5,1.0,0.33,8.43,How Will I Know by Whitney Houston,0.0,0.0,0.0,7.38,-0.5,-1.0499999999999998,-1.0499999999999998,实体跑偏/证据跑偏
5ae394e05542990afbd1e18d,1524,"""The Fixer"" is a song from an album produced by who ?",Brendan O'Brien,Brendan O'Brien,1.0,1.0,1.0,8.01,producer Brendan O'Brien,0.8,0.67,1.0,7.67,-0.1999999999999999,-0.3399999999999998,-0.33999999999999986,多余解释/冗余输出（Precision掉）
5ae5d06a55429929b08079b4,1528,From which team did the linebacker for four NFL teams between 1985-1996 get fired by on November 29?,The Jacksonville Jaguars,Jacksonville Jaguars,1.0,1.0,1.0,7.89,Oakland Raiders,0.0,0.0,0.0,7.55,-1.0,-0.3399999999999998,-0.33999999999999986,实体跑偏/证据跑偏
5a8cc8c2554299441c6b9efc,1531,When did the author of the book One More River is based on win the Nobel Prize?,1932,1932,1.0,1.0,1.0,8.02,14 August 1867 – 31 January 1933,0.0,0.0,0.0,7.75,-1.0,-0.2699999999999996,-0.2699999999999996,数字取值错误（值不同）
5ac5382c5542996feb3fea43,1546,"What year was the company, who released Forever Kingdom for PlayStation 2, founded?",1986,1986,1.0,1.0,1.0,8.0,November 1986,0.67,0.5,1.0,7.23,-0.3299999999999999,-0.7699999999999996,-0.7699999999999996,多余解释/冗余输出（Precision掉）
5ae3c5535542991a06ce9a20,1557,Radio shack made a line of computers in the 1980's which was marketed as the TRS-80 Color Computer or the Interact Home Computer?,TRS-80 Color Computer,TRS-80 Color Computer,1.0,1.0,1.0,7.86,The Radio Shack TRS-80 Color Computer (also marketed as the Tandy Color Computer and affectionately nicknamed CoCo),0.4,0.25,1.0,8.01,-0.6,0.1499999999999994,0.14999999999999947,多余解释/冗余输出（Precision掉）
5ac5484d5542994611c8b48d,1561,According to the 2011 census what is the population of the city where Royal Wahingdoh F.C. are based ?,"143,007","143,007",1.0,1.0,1.0,8.01,"said that the rolling hills around the town reminded the European settlers of Scotland. Hence, they would also refer to it as the ""Scotland of the East",0.0,0.0,0.0,7.67,-1.0,-0.3399999999999998,-0.33999999999999986,实体跑偏/证据跑偏
5a80735b554299485f5985f3,1564,What location under Charing Cross railway station did G-A-Y move to?,venue Heaven,Heaven,0.67,1.0,0.5,8.27,underneath Charing Cross railway station,0.0,0.0,0.0,7.55,-0.67,-0.7199999999999998,-0.7199999999999998,实体跑偏/证据跑偏
5a8b3f8a5542995d1e6f131f,1568,"What company did a man who hired Sioux Falls architect Wallace L. Dow to build a home in Worthing, Minnesota found?",Dayton's department store,Dayton's,0.5,1.0,0.33,7.83,George D. Dayton House,0.0,0.0,0.0,7.72,-0.5,-0.1100000000000003,-0.11000000000000032,实体跑偏/证据跑偏
5ab7c3df5542993667794003,1572,"Steve Uzelac played football for which league located in Preston, Lancashire?",North End Football Club,Preston North End,0.57,0.67,0.5,8.32,Football League,0.33,0.5,0.25,7.56,-0.2399999999999999,-0.7600000000000007,-0.7600000000000007,实体跑偏/证据跑偏
5ac173295542994ab5c67d45,1577,What occupation do Graham Streeter and Geir Hansteen Jörgensen both have in common.,film director,Film director,1.0,1.0,1.0,8.24,"film director, screenwriter and cinematographer",0.57,0.4,1.0,7.64,-0.43,-0.6000000000000005,-0.6000000000000005,多余解释/冗余输出（Precision掉）
5ac1ff2255429964131be2b3,1578,In the 2011 census what was the population of suburban area in which BA Connect is headquartered ?,"26,788","26,788",1.0,1.0,1.0,7.63,"The population at the 2011 census was 26,788",0.29,0.17,1.0,7.73,-0.71,0.1000000000000005,0.10000000000000053,多余解释/冗余输出（Precision掉）
5a771de05542993569682cc8,1581,What is the name of the popular shopping destination located close to the Taj Mahal and Agra Fort in India?,Sadar Bazaar,Sadar Bazaar,1.0,1.0,1.0,8.04,"Sadar Bazaar, Agra",0.8,0.67,1.0,7.64,-0.1999999999999999,-0.3999999999999994,-0.39999999999999947,多余解释/冗余输出（Precision掉）
5ae7ed9555429952e35ea9e6,1584,The Italian surname Bellini is normally written after what names?,given names,Given names,1.0,1.0,1.0,7.69,A name,0.0,0.0,0.0,7.53,-1.0,-0.1600000000000001,-0.16000000000000014,实体跑偏/证据跑偏
5ae0f97a5542997b2ef7d0c1,1589,"Which University was founded earlier, Pennsylvania State University or Queen's University?",Queen's University,Queen's University,1.0,1.0,1.0,7.91,Pennsylvania State University,0.4,0.33,0.5,7.77,-0.6,-0.1400000000000005,-0.14000000000000057,实体跑偏/证据跑偏
5ae5b971554299546bf82f3a,1596,What county was Matt Herr raised in?,Bergen,Bergen,1.0,1.0,1.0,8.09,"Alpine, New Jersey",0.0,0.0,0.0,7.57,-1.0,-0.5199999999999996,-0.5199999999999996,实体跑偏/证据跑偏
5ae527945542993aec5ec167,1599,The youngest male model ever to participate in Seoul Fashion Week stars with Park Hae-jin and Kang So-ra ina tv series that last aired on what date?,"July 8, 2014","July 8, 2014",1.0,1.0,1.0,8.42,"He debuted in 2005 as a runway model, becoming the youngest male model ever to participate in Seoul Fashion Week",0.0,0.0,0.0,8.07,-1.0,-0.3499999999999996,-0.34999999999999964,数字取值错误（值不同）
5ae47df15542996836b02cba,1603,Who directed the film which had Luke Goss playing the role of Jared Nomak ?,"Guillermo del Toro,",Guillermo del Toro,1.0,1.0,1.0,8.15,Kevin Carraway,0.0,0.0,0.0,7.67,-1.0,-0.4800000000000004,-0.4800000000000004,实体跑偏/证据跑偏
5a7cffb755429907fabef09f,1605,What character played by Laurence Olivier in 1969 was an officer in the Royal Air Force,Hugh Dowding,Hugh Dowding,1.0,1.0,1.0,8.09,Air Chief Marshal Hugh Caswall Tremenheere Dowding,0.44,0.29,1.0,7.81,-0.56,-0.2800000000000002,-0.28000000000000025,实体跑偏/证据跑偏
5a776fc15542997042120a3a,1609,What is the mascot of the oldest private university in Georgia?,The Bears,Bears,1.0,1.0,1.0,7.84,Mercer Bears,0.67,0.5,1.0,7.54,-0.3299999999999999,-0.2999999999999998,-0.2999999999999998,实体跑偏/证据跑偏
5adf33965542993344016c20,1613,KSCW-DT is part of a duopoly with which virtual channel 12 in Wichita?,KWCH-DT,KWCH-DT,1.0,1.0,1.0,8.03,CBS affiliate KWCH-DT,0.67,0.5,1.0,8.01,-0.3299999999999999,-0.0199999999999995,-0.019999999999999574,多余解释/冗余输出（Precision掉）
5add4dd35542992ae4cec507,1616,How are Ceephax Acid Crew  and Squarepusher's music similar?,drum and bass electronic musician,Drum and bass electronic,0.89,1.0,0.8,7.86,"His compositions draw on a number of influences including drum and bass, acid house, jazz and electroacoustic music",0.27,0.18,0.6,7.69,-0.62,-0.1699999999999999,-0.16999999999999993,实体跑偏/证据跑偏
5a80c79155429938b61421da,1625,"How many seasons has a popular tv show had, in which one of the episodes is called Moho House?",28,28,1.0,1.0,1.0,7.86,The twenty-eighth season,0.0,0.0,0.0,7.45,-1.0,-0.4100000000000001,-0.41000000000000014,数字取值错误（值不同）
5a85fe2f5542996432c57165,1626,"What 2014 Academy Award winner guest starred in ""Emanuelle Goes to Dinosaur Land?",Julianne Moore,Julianne Moore,1.0,1.0,1.0,8.07,"She is particularly known for her portrayals of emotionally troubled women in both independent and Hollywood films, and has received many accolades, including the 2014 Academy Award for Best Actress",0.0,0.0,0.0,8.15,-1.0,0.08,0.08000000000000007,实体跑偏/证据跑偏
5ab64285554299637185c67c,1632,"George H. W. Bush,  a resident of West Oaks Subdivision in Houston Texas, became what number President in 1989?",41st,41st,1.0,1.0,1.0,7.96,The 41st President of the United States,0.33,0.2,1.0,7.52,-0.6699999999999999,-0.4400000000000004,-0.4400000000000004,多余解释/冗余输出（Precision掉）
5add3ccc5542997545bbbce5,1637,The Secret of Moonacre was directed by the founder of which animation studio?,Klasky Csupo,Klasky Csupo,1.0,1.0,1.0,8.06,Gábor Csupó,0.0,0.0,0.0,7.68,-1.0,-0.3800000000000008,-0.3800000000000008,实体跑偏/证据跑偏
5adf34955542993a75d26423,1640,"The American cable and satellite television channel that April ""Ape"" Margera appears upon is owned by whom?",Viacom Media Networks,Viacom Media Networks,1.0,1.0,1.0,7.83,MTV,0.0,0.0,0.0,7.46,-1.0,-0.3700000000000001,-0.3700000000000001,同义词/别名未规范化
5a801f215542992bc0c4a6b2,1650,the first woman to be the chef de mission of an Australian Olympic team won gold medal in which winter Olympics ?,2002 Winter Olympics,2002 Winter Olympics,1.0,1.0,1.0,7.94,The first time a woman is the chef de mission of any Australian Olympic team,0.0,0.0,0.0,7.8,-1.0,-0.1400000000000005,-0.14000000000000057,实体跑偏/证据跑偏
5ae72fc5554299572ea54770,1651,Mundawar is a city 140km from which State capital of Rajasthan?,Jaipur,Jaipur,1.0,1.0,1.0,8.1,State Capital Jaipur,0.5,0.33,1.0,7.67,-0.5,-0.4299999999999997,-0.4299999999999997,多余解释/冗余输出（Precision掉）
5a8ac0595542992d82986f6c,1655,"Which minor role did this New Zealand storyboard artist play in the film ""King Kong"" who will direct the film based on the novel by Philip Reeve?",Gondorian soldier,Soldier in Truck,0.4,0.33,0.5,8.27,as a Soldier in Truck,0.33,0.25,0.5,7.73,-0.07,-0.5399999999999991,-0.5399999999999991,实体跑偏/证据跑偏
5a75d8a3554299109176e5a6,1666,"What league, which is also known as the Barclays Premier League, had its start date pushed back?",The 2013–14 Premier League,2013–14 Premier League,1.0,1.0,1.0,7.98,,0.0,0.0,0.0,7.44,-1.0,-0.54,-0.54,空输出/解析失败
5ac5188255429924173fb5a3,1668,About how many people are employed by the company founded by Denise Coates?,"3,000","Over 3,000 people",0.5,0.33,1.0,8.63,"The Group employs over 3,000 people",0.33,0.2,1.0,7.76,-0.1699999999999999,-0.870000000000001,-0.870000000000001,数字/单位格式不一致（值相同）
5ab804305542995dae37ea14,1670,"Why are many of the band, Hirsute Pursuit's songs considered controversial?",men who have sex with men,gay sex,0.25,0.5,0.17,9.21,"Thematically, the group focuses on homosexuality, gay sex, and the gay bear subculture",0.12,0.09,0.17,7.98,-0.13,-1.2300000000000004,-1.2300000000000004,实体跑偏/证据跑偏
5ac4da3b554299076e296e17,1671,"Stephen Joseph Bercik was mayer of a city that had a population of 124,969 as of the 2010 United States Census, and that has an estimated population of what for 2015?","129,007","129,007",1.0,1.0,1.0,7.54,Elizabeth,0.0,0.0,0.0,7.41,-1.0,-0.1299999999999999,-0.1299999999999999,实体跑偏/证据跑偏
5ae75eb45542991bbc976201,1672,"Norman Buckley is associated with a family drama for what cable network, formerly known as ABC Family?",Freeform,Freeform,1.0,1.0,1.0,7.92,Freeform (previously named ABC Family),0.33,0.2,1.0,7.32,-0.6699999999999999,-0.5999999999999996,-0.5999999999999996,多余解释/冗余输出（Precision掉）
5ae4a2e25542996836b02cee,1676,"The county that the community of Milltown, Montana is part of was founded in which year?",1860,1860,1.0,1.0,1.0,7.96,"As of the 2010 census, the population was 109,426, making it Montana's second-most populous county. Its county seat and largest city is Missoula. The county was founded in 1860",0.07,0.04,1.0,7.87,-0.93,-0.0899999999999998,-0.08999999999999986,多余解释/冗余输出（Precision掉）
5ae55d1e55429960a22e02cb,1680,"When was the host of ""British Academy Television Awards 2009"" born?",4 April 1963,4 April 1963,1.0,1.0,1.0,7.99,born 4 April 1963,0.86,0.75,1.0,7.28,-0.14,-0.71,-0.71,多余解释/冗余输出（Precision掉）
5ae3606b5542991a06ce99a8,1682,"Philip Carlo, the author of the biography of the mob assasin Richard Kuklinsk, died of which diease?i,",Lou Gehrig's Disease,Lou Gehrig's Disease,1.0,1.0,1.0,7.97,amyotrophic lateral sclerosis (ALS),0.0,0.0,0.0,7.57,-1.0,-0.3999999999999994,-0.39999999999999947,同义词/别名未规范化
5a734acf5542991f9a20c6ec,1684,"Which singer is younger, Shirley Manson or Jim Kerr?",Shirley Ann Manson,Shirley Manson,0.8,1.0,0.67,7.94,Jim Kerr,0.0,0.0,0.0,7.6,-0.8,-0.3400000000000007,-0.34000000000000075,实体跑偏/证据跑偏
5abb73425542996cc5e49ff5,1689,"What's the NASDAQ ticker code for Spirit Airlines, based at Detroit Metro Airport among others and an ultra low cost carrier?",SAVE,SAVE,1.0,1.0,1.0,7.79,NASDAQ: SAVE,0.67,0.5,1.0,7.58,-0.3299999999999999,-0.2099999999999999,-0.20999999999999996,多余解释/冗余输出（Precision掉）
5ae7ee41554299540e5a56b0,1704,Paul Maynard became Rail Minister after the entrance of the Prime Minister who took office in what year?,2016,2016,1.0,1.0,1.0,7.87,new PM Theresa May entered office,0.0,0.0,0.0,7.5,-1.0,-0.3700000000000001,-0.3700000000000001,同义词/别名未规范化
5add2397554299473435386f,1705,The location of the area where Fort Nisqually stood is in what Washington county?,Pierce County,Pierce County,1.0,1.0,1.0,8.19,"DuPont, Washington",0.0,0.0,0.0,7.77,-1.0,-0.4199999999999999,-0.41999999999999993,实体跑偏/证据跑偏
5a7f404a55429930675136dd,1723,Shepard Settlement is just south of what major New York city?,Syracuse,Syracuse,1.0,1.0,1.0,7.64,southwest of Syracuse,0.5,0.33,1.0,7.42,-0.5,-0.2199999999999997,-0.21999999999999975,多余解释/冗余输出（Precision掉）
5ab60aec554299110f2199c3,1724,What type of writing did both Richard Harding Davis and Harry Stephen Keeler write?,fiction,Fiction,1.0,1.0,1.0,7.82,fiction and drama,0.5,0.33,1.0,7.44,-0.5,-0.3799999999999999,-0.3799999999999999,多余解释/冗余输出（Precision掉）
5a8a231a55429930ff3c0cb4,1726,Kasimir Bileski was a noted stamp dealer based in a Canadian province that is bordered by which 2 US states?,North Dakota and Minnesota,North Dakota Minnesota,0.86,1.0,0.75,7.93,"Winnipeg, Manitoba, Canada",0.0,0.0,0.0,7.63,-0.86,-0.2999999999999998,-0.2999999999999998,实体跑偏/证据跑偏
5ab8756755429934fafe6dd3,1731,When was the American writer of the a series of four vampire-themed fantasy romance novels born?,"December 24, 1973","December 24, 1973",1.0,1.0,1.0,8.04,"born December 24, 1973",0.86,0.75,1.0,7.34,-0.14,-0.6999999999999993,-0.6999999999999993,多余解释/冗余输出（Precision掉）
5adbe2c65542996e68525274,1732,In what corner of Missouri is radio station WMBH located?,southwestern,Southwestern,1.0,1.0,1.0,8.8,"Joplin, Missouri",0.0,0.0,0.0,8.55,-1.0,-0.25,-0.25,实体跑偏/证据跑偏
5abd0296554299114383a1d1,1736,Douglas D. Scott is an American archaeologist most notable for his work at the site of a battle that occurred in what year?,1876,1876,1.0,1.0,1.0,8.07,mid-1980s,0.0,0.0,0.0,7.68,-1.0,-0.3900000000000005,-0.39000000000000057,数字取值错误（值不同）
5a85a8655542997b5ce40011,1757,The Porsche 968 was the last in a line of front-engined sports cars following the 944 and which earlier model?,924,924,1.0,1.0,1.0,7.8,It was the final evolution of a line of water-cooled front-engined rear wheel drive models begun almost 20 years earlier with the 924,0.09,0.05,1.0,7.67,-0.91,-0.1299999999999999,-0.1299999999999999,多余解释/冗余输出（Precision掉）
5abc8d00554299700f9d78fd,1777,Matthew Butturini was born in a town on the Tweed River how many km north-east of Sydney?,848,848,1.0,1.0,1.0,8.17,848 km,0.67,0.5,1.0,7.59,-0.3299999999999999,-0.5800000000000001,-0.5800000000000001,多余解释/冗余输出（Precision掉）
5ab7ef0f5542991d322237ca,1787,Chandgi Ram won a gold medal in 1970 in a continental multi-sport event held at which city ?,Bangkok,Bangkok,1.0,1.0,1.0,8.34,Mexico City,0.0,0.0,0.0,7.92,-1.0,-0.4199999999999999,-0.41999999999999993,实体跑偏/证据跑偏
5a7e14a65542995ed0d16686,1798,"What film was the screen debut of the musician nicknamed ""Lady Day""?",Symphony in Black,Symphony in Black,1.0,1.0,1.0,8.11,Symphony in Black: A Rhapsody of Negro Life,0.6,0.43,1.0,7.54,-0.4,-0.5699999999999994,-0.5699999999999994,多余解释/冗余输出（Precision掉）
5ae5feaf5542996de7b71ac6,1803,Paul Keenan composes works from Anglo-Saxon texts such as the codex donated to the library of Exeter Cathedral by whom?,Leofric,Leofric,1.0,1.0,1.0,8.18,"Leofric, the first bishop of Exeter",0.33,0.2,1.0,7.83,-0.6699999999999999,-0.3499999999999996,-0.34999999999999964,多余解释/冗余输出（Precision掉）
5ab2979c554299449642c919,1810,"Pawnography, featuring Richard Corey Harrison, is filmed in what shop and town?",Gold & Silver Pawn Shop in Las Vegas,"Gold & Silver Pawn Shop, Las Vegas",0.92,1.0,0.86,8.81,World Famous Gold & Silver Pawn Shop in Las Vegas,0.88,0.78,1.0,7.92,-0.04,-0.8900000000000006,-0.8900000000000006,实体跑偏/证据跑偏
5ae5f1a8554299546bf82fd9,1816,Where is the English punk rock band which Howard Devoto is the original singer of formed,in Bolton,Bolton,0.67,1.0,0.5,8.38,"Bolton, England",0.5,0.5,0.5,7.61,-0.17,-0.7700000000000005,-0.7700000000000005,实体跑偏/证据跑偏
5a8a2a5555429930ff3c0ccc,1817,What is the current home arena of the NHL team Chris Summers plays for?,PPG Paints Arena,PPG Paints Arena,1.0,1.0,1.0,8.23,Matthews Arena,0.4,0.5,0.33,7.69,-0.6,-0.54,-0.54,实体跑偏/证据跑偏
5a881ea055429938390d3ef3,1821,Arabella Chapman graduated from which school that was opened as the Albany Free Academy?,Albany High School,Albany High School,1.0,1.0,1.0,7.79,Albany School for Educating People of Color,0.4,0.29,0.67,7.5,-0.6,-0.29,-0.29000000000000004,实体跑偏/证据跑偏
5a88abf75542997e5c09a6a1,1827,"In what city was the second bowl game to air on all the ""big four"" television networks played?",Miami,Miami Gardens,0.67,0.5,1.0,9.49,Glendale,0.0,0.0,0.0,8.02,-0.67,-1.4700000000000006,-1.4700000000000006,实体跑偏/证据跑偏
5a7553a95542996c70cfaedf,1830,What psychosis shares a name with an enemy fought by the protagonists in an animated show by Hasbro?,Wendigo,Wendigo,1.0,1.0,1.0,8.09,Wendigo psychosis,0.67,0.5,1.0,7.73,-0.3299999999999999,-0.3599999999999994,-0.35999999999999943,多余解释/冗余输出（Precision掉）
5ae60d36554299546bf8303e,1832,When did Belgium racer Stoffel Vandoorne win the Monaco GP2 Series round?,22 and 23 May 2015,22-23 May 2015,0.89,1.0,0.8,8.25,"The first race, a 40-lap feature event, was won by ART Grand Prix driver Stoffel Vandoorne who started from fourth position",0.0,0.0,0.0,8.02,-0.89,-0.2300000000000004,-0.23000000000000043,数字取值错误（值不同）
5ae5d63b5542996de7b71a2d,1834,In what basketball position does the brother of Saulius Kuzminskas play?,small forward,Small Forward,1.0,1.0,1.0,7.63,His younger brother Mindaugas is also a basketball player for the New York Knicks,0.0,0.0,0.0,7.55,-1.0,-0.08,-0.08000000000000007,实体跑偏/证据跑偏
5ab442645542991751b4d70c,1835,What type of the district is the Downtown Bentonville of the state in the southeastern region of the United States which is home to over 3 million people as of 2017?,business district,Business district,1.0,1.0,1.0,7.85,historic business district,0.8,0.67,1.0,7.24,-0.1999999999999999,-0.6099999999999994,-0.6099999999999994,多余解释/冗余输出（Precision掉）
5a802bf05542992bc0c4a6b7,1836,Dru Decaro is the lead guitarist for the RnB artist who began creating music at what age?,thirteen,thirteen,1.0,1.0,1.0,7.91,"Raised in Los Angeles, he began creating music at age thirteen",0.17,0.09,1.0,7.62,-0.83,-0.29,-0.29000000000000004,多余解释/冗余输出（Precision掉）
5ac313a0554299741d48a1b0,1843,How many employees does the company that unveiled a deal to acquire IGATE have?,"190,000 employees","almost 190,000",0.5,0.5,0.5,8.36,"It provides IT services and is one of the world's largest IT consulting, outsourcing and professional services companies with almost 190,000 employees in over 40 countries",0.15,0.08,1.0,7.82,-0.35,-0.5399999999999991,-0.5399999999999991,数字/单位格式不一致（值相同）
5abf931f5542990832d3a158,1844,"When was the movie adaption of Jennifer Weiner's novel ""In Her Shoes"" released?",2005,2005,1.0,1.0,1.0,7.71,"directed by Curtis Hanson with an adapted screenplay by Susannah Grant and stars Cameron Diaz, Toni Collette, and Shirley MacLaine",0.0,0.0,0.0,7.84,-1.0,0.1299999999999999,0.1299999999999999,实体跑偏/证据跑偏
5ae324775542994393b9e62f,1845,Korea University College of Education is based in the city that ranks what in the world by terms of size?,16th,16th largest,0.67,0.5,1.0,8.26,The Seoul Special Metropolitan City – is the world's 16th largest city,0.2,0.11,1.0,7.53,-0.47,-0.7299999999999995,-0.7299999999999995,数字/单位格式不一致（值相同）
5abed7d75542990832d3a0f7,1849,SR connector is based on the connector that is often used for what type of cable?,coaxial,Coaxial,1.0,1.0,1.0,8.0,coaxial cables,0.67,0.5,1.0,7.81,-0.3299999999999999,-0.1900000000000004,-0.1900000000000004,多余解释/冗余输出（Precision掉）
5abcefc45542993a06baf9b4,1854,"a cabinet-making firm was found which year, from Lancaster?",1730,1730,1.0,1.0,1.0,7.96,around 1730,0.67,0.5,1.0,7.61,-0.3299999999999999,-0.3499999999999996,-0.34999999999999964,多余解释/冗余输出（Precision掉）
5a8f97305542997ba9cb32e3,1857,Ben Stein had a part in the 1994 superhero fantasy film directed by whom?,Charles Russell,Charles Russell,1.0,1.0,1.0,7.8,The Mask (film),0.0,0.0,0.0,7.57,-1.0,-0.2299999999999995,-0.22999999999999954,同义词/别名未规范化
5ae7e8f55542994a481bbe06,1859,Which fictional MI6 agent is a fictional character created by the British journalist and novelist Ian Fleming in 1952?,Commander James Bond RN,Commander James Bond RN,1.0,1.0,1.0,8.21,Commander James Bond RN—code number 007—is a fictional character created by the British journalist and novelist Ian Fleming in 1952,0.33,0.2,1.0,8.02,-0.6699999999999999,-0.1900000000000012,-0.19000000000000128,多余解释/冗余输出（Precision掉）
5a8c7ac2554299653c1aa08e,1860,Black Journal is based on the real life events of what serial killer that  murdered three women in Correggio?,Leonarda Cianciulli,Leonarda Cianciulli,1.0,1.0,1.0,8.35,"the ""Soap-Maker of Correggio",0.0,0.0,0.0,7.78,-1.0,-0.5699999999999994,-0.5699999999999994,实体跑偏/证据跑偏
5a866b5b554299211dda2b23,1862,Mick Chatterton's best season was in 1969 finishing 16th place for the year in the oldest established what?,motorsport world championship,250cc world championship,0.67,0.67,0.67,8.51,FIM Road Racing World Championship Grand Prix,0.4,0.29,0.67,7.68,-0.27,-0.8300000000000001,-0.8300000000000001,实体跑偏/证据跑偏
5abb23035542992ccd8e7f22,1864,Kenneth Arnold reported the first unidentified object sighting in what city and state in 1947?,"Mount Rainier, Washington","Mount Rainier, Washington",1.0,1.0,1.0,8.2,"near Mount Rainier, Washington",0.86,0.75,1.0,7.62,-0.14,-0.5799999999999992,-0.5799999999999992,多余解释/冗余输出（Precision掉）
5a8e07185542995085b37389,1866,Private Music signed the drummer who was part of which English group?,Beatles,"Ringo Starr, Beatles",0.5,0.33,1.0,8.44,"Ringo Starr, the drummer for the Beatles",0.33,0.2,1.0,7.68,-0.1699999999999999,-0.7599999999999998,-0.7599999999999998,实体跑偏/证据跑偏
5adf2fa35542993344016c11,1868,Which of Jonny Craig and Pete Doherty has been a member of more bands ?,"Jonny"" Craig",Jonny Craig,1.0,1.0,1.0,8.26,"He is currently working as a solo musician. He has been the lead vocalist for the bands Dance Gavin Dance, Emarosa, Ghost Runner on Third, Slaves, and westerHALTS",0.0,0.0,0.0,7.61,-1.0,-0.6499999999999995,-0.6499999999999995,实体跑偏/证据跑偏
5a7c917e5542990527d554d3,1873,How many kilometers did Sabrina Mockenhaupt run when she set her best record?,42.195,42.195,1.0,1.0,1.0,7.89,"She has a marathon best of 42.195 kilometers, set at the 2010 Berlin Marathon",0.15,0.08,1.0,8.1,-0.85,0.2099999999999999,0.20999999999999996,多余解释/冗余输出（Precision掉）
5ab5de535542992aa134a3b6,1894,Are Alek Keshishian and Kirk Kerkorian both Armenian-American?,yes,yes,1.0,1.0,1.0,9.05,no,0.0,0.0,0.0,7.96,-1.0,-1.0900000000000007,-1.0900000000000007,实体跑偏/证据跑偏
5a8790785542993e715abfac,1899,What was the first name of the wife of the namesake of the high school located at 123 Coles Street in Jersey City?,Cheryl,Cheryl,1.0,1.0,1.0,8.16,Start -> 'Dr. Ronald E. McNair Academic High School,0.0,0.0,0.0,7.85,-1.0,-0.3100000000000005,-0.3100000000000005,实体跑偏/证据跑偏
5ae382ee5542992e3233c430,1906,The Prussian General Carl von Clausewitz is associated with what type of realism?,Modern thinkers associated with classical realism are Carl von Clausewitz,Classical Realism,0.33,1.0,0.2,8.37,Classical Realist thought,0.15,0.33,0.1,7.55,-0.18,-0.8199999999999994,-0.8199999999999994,实体跑偏/证据跑偏
5a8810485542997e5c09a590,1908,The Airport located next to the A13 handled how many passengers in 2016 ?,1.6 million passengers,1.6 million,0.8,1.0,0.67,7.65,It served over 1.6 million passengers in 2016,0.55,0.38,1.0,7.77,-0.25,0.1199999999999992,0.11999999999999922,数字/单位格式不一致（值相同）
5a7249b85542990c210a40b9,1909,Osireion is located to the rear of the temple named after which New Kingdom Nineteenth Dynasty of Egypt pharaoh?,Seti I,Seti I,1.0,1.0,1.0,8.17,temple of Seti I,0.67,0.5,1.0,7.78,-0.3299999999999999,-0.3899999999999997,-0.3899999999999997,多余解释/冗余输出（Precision掉）
5ae7281c5542991e8301cb69,1910,The fourth episode The Simpsons' seventh season has what kind of theme?,spiritual,Spiritual,1.0,1.0,1.0,7.83,spiritual theme,0.67,0.5,1.0,7.49,-0.3299999999999999,-0.3399999999999998,-0.33999999999999986,多余解释/冗余输出（Precision掉）
5a888d535542997e5c09a617,1911,In what county is The Third Fitzwilliam Meetinghouse located?,"Cheshire County, New Hampshire",New Hampshire,0.67,1.0,0.5,8.29,"Fitzwilliam, New Hampshire",0.57,0.67,0.5,7.44,-0.1,-0.8499999999999988,-0.8499999999999988,实体跑偏/证据跑偏
5a7a749d5542994f819ef1e0,1920,At what frequency an academic journal publishes which covers numerical and computational techniques to reduce any substantial losses or gains suffered by an individual or an organization?,quarterly,Quarterly,1.0,1.0,1.0,7.84,A quarterly peer-reviewed academic journal,0.33,0.2,1.0,7.68,-0.6699999999999999,-0.1600000000000001,-0.16000000000000014,多余解释/冗余输出（Precision掉）
5abcfcf0554299114383a1b4,1922,Where in the traditional West Riding of Lindsey is the Trolleybus Museum Located?,Isle of Axholme,Isle of Axholme,1.0,1.0,1.0,7.68,near Belton on the Isle of Axholme,0.67,0.5,1.0,7.49,-0.3299999999999999,-0.1899999999999995,-0.1899999999999995,多余解释/冗余输出（Precision掉）
5a78ed6855429970f5fffdd9,1923,What is the population of the town that gets it's water supply from Canobie Lake?,"28,776 at the 2010 census","28,776",0.4,1.0,0.25,8.26,"The population was 28,776",0.29,0.33,0.25,7.57,-0.11,-0.6899999999999995,-0.6899999999999995,数字/单位格式不一致（值相同）
5ae5db98554299546bf82fa6,1927,"Shane and Friends have interviewed an American YouTube personality who has two active YouTube channels, which have a combined total of how many views?",1.7 billion,1.7 billion,1.0,1.0,1.0,8.37,more than 1.7 billion views,0.57,0.4,1.0,8.11,-0.43,-0.2599999999999998,-0.2599999999999998,多余解释/冗余输出（Precision掉）
5ab8c3c65542991b5579effd,1935,How many albums did the company who released Tift Merritt's debut album release for Tif Merritt?,two,Two,1.0,1.0,1.0,7.79,It was released on Lost Highway Records in 2002,0.0,0.0,0.0,7.79,-1.0,0.0,0.0,数字取值错误（值不同）
5a8ae5d355429970aeb70325,1938,What collegiate division does the team coached by P.W. Underwood play in?,Division I,NCAA Division I,0.8,0.67,1.0,7.73,Southern Miss Golden Eagles,0.0,0.0,0.0,7.41,-0.8,-0.3200000000000003,-0.3200000000000003,实体跑偏/证据跑偏
5a77c15f5542997042120b1c,1941,"In the British experimental jazz band Polar Bear, who handles digital devices?",Leafcutter John,Leafcutter John,1.0,1.0,1.0,7.87,Leafcutter John on electronics and occasionally guitar or mandolin,0.36,0.22,1.0,7.71,-0.64,-0.1600000000000001,-0.16000000000000014,多余解释/冗余输出（Precision掉）
5a9064c755429916514e74a6,1942,What is the first name of Jack Benny Binion's father?,Lester,Lester Ben,0.67,0.5,1.0,8.21,Benny,0.0,0.0,0.0,7.56,-0.67,-0.6500000000000012,-0.6500000000000012,实体跑偏/证据跑偏
5adf39765542993a75d26435,1944,Who was the son and heir of Henry Beauclerc?,William Adelin,William,0.67,1.0,0.5,8.53,Henry I,0.0,0.0,0.0,7.87,-0.67,-0.6599999999999993,-0.6599999999999993,实体跑偏/证据跑偏
5ab6390f5542995eadeeff7a,1946,Where was the maker of Cougar bourbon whiskey headquartered before its acquisition by Anheuser-Busch InBev?,"Woking, England","Woking, England",1.0,1.0,1.0,7.95,"Lawrenceburg, Indiana",0.0,0.0,0.0,7.72,-1.0,-0.2300000000000004,-0.23000000000000043,实体跑偏/证据跑偏
5a77a44d5542997042120aba,1950,"What census-designated place located in Nassau County, New York has as portions of it's territory, districts of Brian Curran, New York State assemblyman?",Baldwin,Baldwin,1.0,1.0,1.0,8.05,Lynbrook,0.0,0.0,0.0,7.7,-1.0,-0.3500000000000005,-0.35000000000000053,实体跑偏/证据跑偏
5ac3f1c9554299204fd21ed4,1954,"""Lesbian Request Denied"" is the third episode of the first season of a series created by who?",Jenji Kohan,Jenji Kohan,1.0,1.0,1.0,8.0,"American comedy-drama series ""Orange Is the New Black"" (""OITNB"")",0.0,0.0,0.0,7.76,-1.0,-0.2400000000000002,-0.2400000000000002,同义词/别名未规范化
5a8e61165542995085b3741a,1957,What is the architectural distinction of the hotel whose owner and chief developer is Frank Augustus Miller?,largest Mission Revival Style building in the United States,Largest Mission Revival Style building,0.77,1.0,0.62,7.76,"Although a composite of many architectural styles, it is generally considered the largest Mission Revival Style building in the United States",0.62,0.44,1.0,7.61,-0.15,-0.1499999999999994,-0.14999999999999947,实体跑偏/证据跑偏
5a7fb1765542992e7d278d20,1959,Why does the City of Boston get their christmas tree from Ainslee Glen Nova Scotia?,for their assistance after the 1917 Halifax Explosion,Thanks for Halifax Explosion,0.55,0.75,0.43,8.16,since 1971 it has been given to the people of Boston by the people of Nova Scotia in thanks for their assistance after the 1917 Halifax Explosion,0.45,0.29,1.0,7.82,-0.1,-0.3399999999999998,-0.33999999999999986,数字取值错误（值不同）
5ab56e085542992aa134a315,1967,"In what year year was the believed subject of the Lenny Kravitz song ""Lady"" born?",1967,1967,1.0,1.0,1.0,8.13,Nicole Kidman,0.0,0.0,0.0,7.7,-1.0,-0.4300000000000006,-0.4300000000000006,实体跑偏/证据跑偏
5a79305755429907847277dd,1968,What prince is a claimant to the former throne of Italy and born in September 1943?,Prince Amedeo,Prince Amedeo,1.0,1.0,1.0,7.94,"Prince Amedeo, Duke of Aosta (b. 1943)",0.44,0.29,1.0,7.72,-0.56,-0.2200000000000006,-0.22000000000000064,多余解释/冗余输出（Precision掉）
5a7140585542994082a3e6fa,1972,Seal Harris was born in what county?,Polk County,Polk County,1.0,1.0,1.0,7.72,Georgia,0.0,0.0,0.0,7.62,-1.0,-0.0999999999999996,-0.09999999999999964,实体跑偏/证据跑偏
5a89ba6b554299669944a584,1976,Pippa Hinchleyplayed Elaine Fenwick on a British Soap opera shown on what channel?,ITV,ITV,1.0,1.0,1.0,7.98,Coronation Street,0.0,0.0,0.0,7.59,-1.0,-0.3900000000000005,-0.39000000000000057,同义词/别名未规范化
5ae226bd5542994d89d5b379,1977,"When is the national league which the Manchester United is participating in, set to end in 2018?",13 May 2018,13 May 2018,1.0,1.0,1.0,8.11,scheduled to finish on 13 May 2018,0.6,0.43,1.0,7.67,-0.4,-0.4399999999999995,-0.4399999999999995,多余解释/冗余输出（Precision掉）
5ae618325542996de7b71b56,1985,"Gerald Grosvenor, 6th Duke of Westminster was succeeded by the British aristocrat who is estimated to be worth how much?",US$13 billion,US$13 billion,1.0,1.0,1.0,7.96,the world's richest person aged under 30,0.0,0.0,0.0,7.59,-1.0,-0.3700000000000001,-0.3700000000000001,数字取值错误（值不同）
5a8ac44055429970aeb70304,1988,Which segment of If These Walls Could Talk did the Goddess of Pop direct?,the third,Third,1.0,1.0,1.0,7.98,She directed the third,0.5,0.33,1.0,7.57,-0.5,-0.4100000000000001,-0.41000000000000014,实体跑偏/证据跑偏
5adcaa7f5542990d50227cdb,1992,How many chapters does Yōko Shōji's most famous manga have?,24,24,1.0,1.0,1.0,8.25,"The individual chapters were published into 24 ""tankōbon",0.25,0.14,1.0,7.87,-0.75,-0.3799999999999999,-0.3799999999999999,多余解释/冗余输出（Precision掉）
5a7265815542990c210a411b,1997,What is the call sign of the airline that operates the flight with United Express Flight 3411 incident?,Brickyard,Brickyard,1.0,1.0,1.0,8.12,PBA,0.0,0.0,0.0,7.87,-1.0,-0.2499999999999991,-0.2499999999999991,同义词/别名未规范化
5a85ac1e5542997b5ce4001f,1999,What is the alcohol content of the drink normally consumed alongside Rippchen?,4.8%–7.0%,4.8%–7.0%,1.0,1.0,1.0,8.24,It has an alcohol content of 4.8%–7.0%,0.44,0.29,1.0,7.81,-0.56,-0.4300000000000006,-0.4300000000000006,多余解释/冗余输出（Precision掉）
5a7be1ab5542997c3ec972a9,2006,UFO Magazine covers what subject named for Charles Hoy Fort?,Fortean,Fortean,1.0,1.0,1.0,7.88,paranormal and Fortean subjects in general,0.29,0.17,1.0,7.88,-0.71,0.0,0.0,多余解释/冗余输出（Precision掉）
5a794f8155429970f5fffe95,2008,"Who was born first, Martin Degville or Richie Furay?","""Richie"" Furay",Richie Furay,1.0,1.0,1.0,8.21,Martin Degville,0.0,0.0,0.0,7.9,-1.0,-0.3100000000000005,-0.3100000000000005,实体跑偏/证据跑偏
5a79edfe5542990198eaf006,2011,Who is is known domestically for his humorous videos and stage performances and released his sixth studio album in 2012?,Psy,Psy,1.0,1.0,1.0,8.18,Park Jae-sang,0.0,0.0,0.0,7.97,-1.0,-0.2099999999999999,-0.20999999999999996,实体跑偏/证据跑偏
5a72a3c45542994cef4bc3ac,2012,"What is the birth name of the woman that ""A Woman Called Moses"" is based on?",Araminta Ross,Araminta Ross,1.0,1.0,1.0,7.73,Harriet Tubman,0.0,0.0,0.0,7.49,-1.0,-0.2400000000000002,-0.2400000000000002,实体跑偏/证据跑偏
5abcff225542993a06baf9ea,2020,"During the 2004-05 Atlanta Hawks season, the team acquired a former professional basketball player, who is the current head coach of what team?",Cleveland Cavaliers,Cleveland Cavaliers,1.0,1.0,1.0,7.81,Tyronn Lue is the current head coach of the Cleveland Cavaliers,0.36,0.22,1.0,7.69,-0.64,-0.1199999999999992,-0.11999999999999922,多余解释/冗余输出（Precision掉）
5ab5c31b554299488d4d9a19,2022,"""Aroma-scope"" used in Spy Kids 4 is reminiscent of what marketing gimmick used in Polyester in 1981?","""Odorama""",Odorama,1.0,1.0,1.0,7.92,scratch & sniff cards (reminiscent of the 1981 film 'Polyester'),0.0,0.0,0.0,7.85,-1.0,-0.0700000000000002,-0.07000000000000028,同义词/别名未规范化
5a7f53ff5542992097ad2f17,2024,"In addition to the best known comic servant from Commedia dell'arte, who else is featured in La Surprise de l'amour?",Columbine,Columbine,1.0,1.0,1.0,7.87,Arlequin and Columbine,0.5,0.33,1.0,7.51,-0.5,-0.3600000000000003,-0.3600000000000003,多余解释/冗余输出（Precision掉）
5a7b88165542997c3ec971fe,2025,"In what town does the one-time star of ""And There's More"" now live?",Rochdale,Rochdale,1.0,1.0,1.0,8.02,"Rochdale, North West England",0.4,0.25,1.0,7.81,-0.6,-0.2099999999999999,-0.20999999999999996,多余解释/冗余输出（Precision掉）
5adce22c5542990d50227d51,2029,In which football league does the son of Souleyman Sané play?,Premier League,Premier League,1.0,1.0,1.0,7.77,Premier League club Manchester City,0.57,0.4,1.0,7.58,-0.43,-0.1899999999999995,-0.1899999999999995,多余解释/冗余输出（Precision掉）
5ab412da5542996a3a969f15,2030,"How many legs does the animal, in which Karl Kraepelin discusses in ""Scorpiones und Pedipalpi,"" have?",eight,Eight,1.0,1.0,1.0,7.84,eight legs,0.67,0.5,1.0,7.67,-0.3299999999999999,-0.1699999999999999,-0.16999999999999993,多余解释/冗余输出（Precision掉）
5a7b4073554299042af8f733,2033,"Why did basketball player, ""The Process"" not play in the 77th season?",leg injury,Leg injury,1.0,1.0,1.0,8.05,"It was also the second straight season that Joel Embiid, their third pick in the 2014 NBA draft, would not suit up for the 76ers due to a leg injury",0.14,0.08,1.0,8.16,-0.86,0.1099999999999994,0.10999999999999943,多余解释/冗余输出（Precision掉）
5a7c00a55542996dd594b87e,2036,"San Jose Secondary Educational Center, is located on the cost of what sea?",Mediterranean,Mediterranean,1.0,1.0,1.0,7.78,None (there is no mention of the location of San Jose Secondary Educational Center in the context),0.0,0.0,0.0,7.74,-1.0,-0.04,-0.040000000000000036,同义词/别名未规范化
5a8af05d55429950cd6afc1a,2042,Joe Ford played for which football club based out of Old Trafford?,Manchester United,Manchester United,1.0,1.0,1.0,7.97,Manchester United Football Club,0.67,0.5,1.0,7.99,-0.3299999999999999,0.0200000000000004,0.020000000000000462,多余解释/冗余输出（Precision掉）
5abc6c2655429959677d6aac,2045,In which county does the United States Navy air base located in which  Attack Squadron 174 (VA-174) was based on?,Duval County,Duval County,1.0,1.0,1.0,7.96,"Duval County, Florida",0.8,0.67,1.0,7.42,-0.1999999999999999,-0.54,-0.54,多余解释/冗余输出（Precision掉）
5a82bdd655429940e5e1a92a,2049,In what year did the parent show of The URL with Phred Show end?,2002,2002,1.0,1.0,1.0,7.91,"September 10, 2001 until March 31, 2002",0.25,0.14,1.0,7.63,-0.75,-0.2800000000000002,-0.28000000000000025,多余解释/冗余输出（Precision掉）
5ae00a27554299025d62a3bb,2051,What Chinese company helped develop the aircraft that preceded the Chengdu J-7?,Chengdu Aircraft Corporation,Chengdu Aircraft Corporation,1.0,1.0,1.0,7.7,Chengdu Aircraft Corporation (CAC),0.86,0.75,1.0,7.55,-0.14,-0.1500000000000003,-0.15000000000000036,多余解释/冗余输出（Precision掉）
5ade99ad554299728e26c75d,2053,"How many acts is the ballet Rita Sangalli premiered in, in the year 1876?",two or three acts,Two or three,0.86,1.0,0.75,8.32,full-length ballet in two or three acts,0.67,0.5,1.0,7.96,-0.1899999999999999,-0.3600000000000003,-0.3600000000000003,数字/单位格式不一致（值相同）
5abca1a55542993a06baf937,2055,When did the park at which Tivolis Koncertsal is located open?,15 August 1843,15 August 1843,1.0,1.0,1.0,7.85,The park opened on 15 August 1843,0.67,0.5,1.0,7.61,-0.3299999999999999,-0.2399999999999993,-0.23999999999999932,多余解释/冗余输出（Precision掉）
5adc861c5542994d58a2f62c,2059,What is the main base for the parent company of LATAM Express?,Comodoro Arturo Merino Benítez International Airport,Comodoro Arturo Merino Benítez International Airport,1.0,1.0,1.0,8.09,"Comodoro Arturo Merino Benítez International Airport, Santiago, Chile",0.86,0.75,1.0,7.56,-0.14,-0.5300000000000002,-0.5300000000000002,多余解释/冗余输出（Precision掉）
5a71299e5542994082a3e5fe,2062,Drisheen is what type of product made in Ireland and other parts of Europe?,Black pudding,Blood pudding,0.5,0.5,0.5,8.22,type of blood pudding,0.33,0.25,0.5,7.51,-0.1699999999999999,-0.7100000000000009,-0.7100000000000009,实体跑偏/证据跑偏
5a78fe8155429970f5fffe11,2065,"Who was born first, Steve Hogarth or Donnie Munro?",Donnie Munro,Donnie Munro (2 August 1953),0.57,0.4,1.0,8.67,Steve Hogarth,0.0,0.0,0.0,7.6,-0.57,-1.0700000000000005,-1.0700000000000003,实体跑偏/证据跑偏
5a7545605542993748c89807,2067,"Michael Mark Brodsky is known for his translation of what Irish avant-garde novelist, playwright, theatre director, and poet?",Samuel Beckett,Samuel Beckett,1.0,1.0,1.0,7.84,"Samuel Beckett's ""Eleuthéria",0.4,0.33,0.5,7.6,-0.6,-0.2400000000000002,-0.2400000000000002,多余解释/冗余输出（Precision掉）
5ab527205542996a3a96a03d,2071,"On what album is Samuel ""Sam"" Ervin Beam's cover of ""Such Great Heights"" featured?","""Give Up""",Give Up,1.0,1.0,1.0,7.86,"an EPs and singles, as well as a few download-only releases",0.0,0.0,0.0,7.62,-1.0,-0.2400000000000002,-0.2400000000000002,实体跑偏/证据跑偏
5a8de7c65542995085b37353,2084,"Opel once owned and manufactured the brand known under one shared name in New Zealand and Australia, and that brand is now a subsidiary of what company?",General Motors,General Motors,1.0,1.0,1.0,8.03,Holden,0.0,0.0,0.0,7.61,-1.0,-0.419999999999999,-0.41999999999999904,实体跑偏/证据跑偏
5a8f9c3f554299458435d69a,2087,"The album ""Mr. 12 String Guitar"" features a singer that hosted a variety show from 1969 to 1972 on what newtork?",CBS,CBS,1.0,1.0,1.0,7.84,CBS television,0.67,0.5,1.0,7.62,-0.3299999999999999,-0.2199999999999997,-0.21999999999999975,多余解释/冗余输出（Precision掉）
5ae3a1aa5542994393b9e72d,2101,"Besides the song ""OK Computer"" what did the same band record in 1995?","""Lucky""",Lucky,1.0,1.0,1.0,8.1,"The song ""Lucky",0.67,0.5,1.0,7.84,-0.3299999999999999,-0.2599999999999998,-0.2599999999999998,多余解释/冗余输出（Precision掉）
5a72160e55429971e9dc9253,2104,"Who is the son of the author of the short story ""The Enormous Radio.""",Benjamin Hale Cheever,John Cheever,0.4,0.5,0.33,8.14,"Goodbye, My Brother",0.0,0.0,0.0,7.49,-0.4,-0.6500000000000004,-0.6500000000000004,实体跑偏/证据跑偏
5abeb7eb5542993fe9a41d1f,2108,The 2010–11 Old Dominion Monarchs basketball team was led by the coach of what nationality?,American,American,1.0,1.0,1.0,7.83,10th year head coach Blaine Taylor,0.0,0.0,0.0,7.51,-1.0,-0.3200000000000003,-0.3200000000000003,实体跑偏/证据跑偏
5a84c4bb5542991dd0999dec,2111,Who was involved in observing the natural progression of untreated syphilis in rural African-American men in Alabama?,John Charles Cutler,John R. Heller Jr,0.29,0.25,0.33,8.59,Dr. John Roderick 'Rod' Heller,0.25,0.2,0.33,7.22,-0.0399999999999999,-1.37,-1.37,实体跑偏/证据跑偏
5adc7b855542994650320d1e,2112,What county is the congressional district that Hansen Clarke was a U.S. Representative for in?,Wayne County,Wayne,0.67,1.0,0.5,8.2,Michigan,0.0,0.0,0.0,7.85,-0.67,-0.3499999999999996,-0.34999999999999964,实体跑偏/证据跑偏
5ae8096f5542994a481bbe99,2116,"What lawyers were featured in The State of Marriage, with the lawyer nominated by Governor Peter Shumlin?","Mary Bonauto, Susan Murray","Mary Bonauto, Susan Murray, Beth Robinson",0.8,0.67,1.0,7.9,"Mary Bonauto, Susan Murray, and Beth Robinson",0.73,0.57,1.0,7.63,-0.07,-0.2700000000000004,-0.27000000000000046,实体跑偏/证据跑偏
5a776b82554299373536026f,2117,What is the official currency in the country that hosts the Asahi-Ryokuken Yomiuri Memorial tournament?,yen,Japanese yen,0.67,0.5,1.0,8.03,¥,0.0,0.0,0.0,7.47,-0.67,-0.5599999999999996,-0.5599999999999996,空输出/解析失败
5ac248fd55429951e9e68525,2139,What is the approximate population of the town near which Forward Operating Base Gibraltar was located ?,"approximately 14,000","14,000",0.67,1.0,0.5,8.09,"with population of approximately 14,000 people",0.5,0.33,1.0,7.55,-0.17,-0.54,-0.54,数字/单位格式不一致（值相同）
5add16b65542990d50227dd2,2140,What is the age range of the league for which the Bobby Smith Trophy is awarded?,16–21,16-21,1.0,1.0,1.0,7.79,players aged 16–21,0.67,0.5,1.0,7.5,-0.3299999999999999,-0.29,-0.29000000000000004,多余解释/冗余输出（Precision掉）
5a8e1577554299068b959e54,2151,What professionn does Stanley Kwan and Ken Hughes have in common?,director,Film director,0.67,0.5,1.0,8.07,Hong Kong film director and producer,0.29,0.17,1.0,7.74,-0.38,-0.33,-0.33000000000000007,实体跑偏/证据跑偏
5ae532365542992663a4f150,2153,What year was Playford B Power Station permanently closed in by its Australian operator?,2015,2015,1.0,1.0,1.0,7.95,October 2015,0.67,0.5,1.0,7.59,-0.3299999999999999,-0.3600000000000003,-0.3600000000000003,多余解释/冗余输出（Precision掉）
5ae1467a554299422ee99659,2154,Rebecca M. Bergman is the President of a college affliated with what church?,Evangelical Lutheran Church,Evangelical Lutheran Church,1.0,1.0,1.0,7.82,Evangelical Lutheran Church in America,0.75,0.6,1.0,7.87,-0.25,0.0499999999999998,0.04999999999999982,多余解释/冗余输出（Precision掉）
5a80b322554299485f5986c8,2155,"The twenty-first season of South Park was entitled ""White People Renovating Houses"" is which episode of the series overall?",278th episode,278th,0.67,1.0,0.5,8.14,the 278th episode of the series overall,0.57,0.4,1.0,7.14,-0.1,-1.0000000000000009,-1.0000000000000009,数字/单位格式不一致（值相同）
5abe044d5542991f661060a7,2156,What association did the woman whose museum is located in the Bolling–Gatewood House help found?,NAACP,NAACP,1.0,1.0,1.0,7.86,National Association for the Advancement of Colored People (NAACP),0.22,0.12,1.0,7.72,-0.78,-0.1400000000000005,-0.14000000000000057,多余解释/冗余输出（Precision掉）
5adcf83855429947343537e1,2164,Where in London was the 2012 Olympic event featuring athletes such as Katsuaki Susa held?,ExCeL Exhibition Centre,ExCeL Exhibition Centre,1.0,1.0,1.0,8.0,The boxing tournaments at the 2012 Olympic Games in London were held from 28 July to 12 August at the ExCeL Exhibition Centre,0.26,0.15,1.0,7.84,-0.74,-0.1600000000000001,-0.16000000000000014,多余解释/冗余输出（Precision掉）
5abcd19c5542993a06baf971,2165,The first edition of the Dungeons & Dragons Basic Set was written by a professor at what university?,University of Southern California,University of Southern California,1.0,1.0,1.0,7.72,University of Southern California School of Medicine,0.73,0.57,1.0,7.5,-0.27,-0.2199999999999997,-0.21999999999999975,多余解释/冗余输出（Precision掉）
5ae55b8255429908b63265ef,2168,What chef is the owner of a Japanese restaurant in the Tribeca neighborhood and also owns two Bar Masas in New York and Nevada?,"Masayoshi ""Masa"" Takayama",Masa Takayama,0.8,1.0,0.67,7.94,Conceived by Michelin-starred chef Masa Takayama,0.4,0.29,0.67,7.38,-0.4,-0.5600000000000005,-0.5600000000000005,实体跑偏/证据跑偏
5ade063d5542995b365fabcd,2172,Donnie Smith who plays as a left back for New England Revolution belongs to what league featuring 22 teams?,Major League Soccer,Major League Soccer,1.0,1.0,1.0,7.77,Major League Soccer (MLS),0.86,0.75,1.0,7.34,-0.14,-0.4299999999999997,-0.4299999999999997,多余解释/冗余输出（Precision掉）
5adecc7755429975fa854f9d,2182,"What WikiLeaks using whistleblower is notable for having a hacking organization with a user base of over 1,800,000?",Jeremy Hammond,Jeremy Hammond,1.0,1.0,1.0,8.46,Sigurður Ingi Þórðarson,0.0,0.0,0.0,8.01,-1.0,-0.450000000000001,-0.45000000000000107,实体跑偏/证据跑偏
5a7412b655429979e28828a1,2183,Who was the husband of the prominent Walton family member who died after John died in 2005?,Sam Walton,John Walton,0.5,0.5,0.5,8.31,John,0.0,0.0,0.0,7.55,-0.5,-0.7600000000000007,-0.7600000000000007,实体跑偏/证据跑偏
5ab234c65542993be8fa98c6,2186,Armie Hammer stars as Oliver in a film directed by who ?,Luca Guadagnino,Luca Guadagnino,1.0,1.0,1.0,8.01,Call Me by Your Name,0.0,0.0,0.0,7.64,-1.0,-0.3700000000000001,-0.3700000000000001,实体跑偏/证据跑偏
5ab487765542990594ba9c4e,2195,The USS Daedalus was named after an exiled Athenian representative of artists from which culture?,Minoan civilization,Minoan,0.67,1.0,0.5,8.38,regarded as representative of artists and artisans of the later Minoan or Mykenaian age,0.13,0.08,0.5,7.37,-0.54,-1.010000000000001,-1.0100000000000007,实体跑偏/证据跑偏
5ae72e79554299572ea54763,2196,Command and Control was a book that discusses the 1980 incident in what state?,Arkansas,Arkansas,1.0,1.0,1.0,8.13,United States,0.0,0.0,0.0,7.9,-1.0,-0.2300000000000004,-0.23000000000000043,实体跑偏/证据跑偏
5a8e27d45542995a26add46a,2198,Jaclyn Stapp is married to the former frontman of a band that disbanded in what year?,2004,2004,1.0,1.0,1.0,8.17,Creed,0.0,0.0,0.0,8.11,-1.0,-0.0600000000000005,-0.0600000000000005,实体跑偏/证据跑偏
5ab950bd55429970cfb8ea4c,2208,Svíčková is a dish that includes dumplings that are prepared in what way?,boiled,Boiled with cream,0.5,0.33,1.0,9.72,bread dumplings,0.0,0.0,0.0,9.56,-0.5,-0.1600000000000001,-0.16000000000000014,实体跑偏/证据跑偏
5a8ed8b955429917b4a5bdd3,2209,North Midland Divisional Engineers took part in a battle during WWII that went on for how many weeks ?,six weeks,Six weeks,1.0,1.0,1.0,7.81,"In six weeks from 10 May 1940,",0.44,0.29,1.0,7.23,-0.56,-0.5799999999999992,-0.5799999999999992,多余解释/冗余输出（Precision掉）
5a8ff69655429916514e73f1,2211,"Who co-starred in an episode of The ABC Comedy Hour with the man who played Duke Slater in ""Gomer Pyle, U.S.M.C.""?",Jack Cassidy,Jack Cassidy,1.0,1.0,1.0,7.74,Ronnie Schell,0.0,0.0,0.0,7.37,-1.0,-0.3700000000000001,-0.3700000000000001,实体跑偏/证据跑偏
5aba97ed55429901930fa84d,2213,What was the title of the failed magazine that preceded and inspired the The Science Fiction League?,Amazing Stories,Amazing Stories,1.0,1.0,1.0,7.93,Wonder Stories,0.5,0.5,0.5,7.47,-0.5,-0.4599999999999999,-0.45999999999999996,实体跑偏/证据跑偏
5a8d09a955429941ae14df71,2215,This British television series was adapted from one of the better-known novels of a 19th-century writer and was first published in what magazine?,Household Words,Household Words,1.0,1.0,1.0,7.56,edited by Charles Dickens,0.0,0.0,0.0,7.5,-1.0,-0.0599999999999996,-0.05999999999999961,实体跑偏/证据跑偏
5ac06191554299294b218fab,2221,Phoebe Ruguru created a 2014 film on a smartphone marketed by what company?,Apple,Apple,1.0,1.0,1.0,8.14,Apple Inc,0.67,0.5,1.0,7.91,-0.3299999999999999,-0.2300000000000004,-0.23000000000000043,多余解释/冗余输出（Precision掉）
5ab9535a5542996be202047e,2232,"How many episodes were in the season of ""Rick and Morty"" that featured an episode called ""The Ricks Must Be Crazy""?",ten,Ten,1.0,1.0,1.0,7.45,The second season,0.0,0.0,0.0,7.53,-1.0,0.08,0.08000000000000007,实体跑偏/证据跑偏
5a75428b55429916b01642c8,2238,What was the name of the first soundtrack album made by the woman who is referred to as the Queen of Pop?,Who's That Girl,Who's That Girl,1.0,1.0,1.0,8.04,Who's That Girl: Original Motion Picture Soundtrack,0.6,0.43,1.0,7.73,-0.4,-0.3099999999999987,-0.3099999999999987,多余解释/冗余输出（Precision掉）
5addffff5542992200553bdd,2244,"How many Academy Awards did the film, in which Jimmy Bryant provided the singing voice for the character Tony, win ?",10,10,1.0,1.0,1.0,7.79,The film was nominated for 11 Academy Awards and won 10,0.18,0.1,1.0,7.58,-0.8200000000000001,-0.2099999999999999,-0.20999999999999996,多余解释/冗余输出（Precision掉）
5adce4f65542992c1e3a2474,2245,What program responsible for the Health Insurance Portability and Accountability Act works with AHCCS?,Centers for Medicare and Medicaid Services,Centers for Medicare and Medicaid Services,1.0,1.0,1.0,8.48,Centers for Medicare and Medicaid Services (CMS),0.92,0.86,1.0,7.88,-0.0799999999999999,-0.6000000000000005,-0.6000000000000005,多余解释/冗余输出（Precision掉）
5a85f4425542994775f606c4,2246,"What movie genre does both ""The Trials of Life"" and ""Human"" belong to?",documentary,Documentary,1.0,1.0,1.0,7.81,nature documentary series,0.5,0.33,1.0,7.45,-0.5,-0.3599999999999994,-0.35999999999999943,多余解释/冗余输出（Precision掉）
5a7220f055429971e9dc92ac,2252,What was the Volvo S70 essentially modeled after and was the first all wheel drive Volvo?,Volvo 850,Volvo 850,1.0,1.0,1.0,8.16,It debuted with the 1991 Volvo 850 and again in autumn 1996 with the Volvo 850 AWD,0.24,0.13,1.0,7.96,-0.76,-0.2000000000000001,-0.20000000000000018,多余解释/冗余输出（Precision掉）
5a7b6e1d5542997c3ec9716e,2258,literary magazine Okyeame was inspired by this first prime Minister of Ghana whom led Ghana to independence from what country?,Britain,Kwame Nkrumah Britain,0.5,0.33,1.0,8.04,"Kwame Nkrumah, having led it to independence from Britain",0.2,0.11,1.0,7.76,-0.3,-0.2799999999999993,-0.27999999999999936,实体跑偏/证据跑偏
5a8e3f2d5542995a26add48f,2260,Black Star is the debut fragrance by a singer-songwriter that has sold approximately how many albums worldwide?,40 million,Over 40 million,0.8,0.67,1.0,7.81,"Since her professional debut, Lavigne has sold more than 40 million albums and over 50 million singles worldwide, making her the 2nd-best-selling Canadian female artist of all time, behind Celine Dion",0.12,0.06,1.0,7.78,-0.68,-0.0299999999999993,-0.02999999999999936,数字/单位格式不一致（值相同）
5ab2958c554299449642c912,2266,"When was the only long-term psychiatric hospital operated founded in a county in the USA with a population of 9,298 in 2010?",in 1877,1877,0.67,1.0,0.5,8.26,The hospital was founded by the Territorial Government of Montana in 1877,0.33,0.2,1.0,7.72,-0.34,-0.54,-0.54,数字/单位格式不一致（值相同）
5a79258a55429974737f79a8,2271,"In the seventh-largest country in Africa, what is the oil prodcution of the city at the mouth of the Congo River?",1200000 oilbbl/d,1200000,0.67,1.0,0.5,8.33,"Soyo (formerly known as Santo António do Zaire) is a city located in the province of Zaire in Angola, at the mouth of the Congo river",0.0,0.0,0.0,7.82,-0.67,-0.5099999999999998,-0.5099999999999998,实体跑偏/证据跑偏
5a712c4b5542994082a3e622,2275,"What heritage site, known for a British explorer, is listed Seventeen Seventy Australia?",Captain Cook's Landing Place,Cook's Landing Place,0.86,1.0,0.75,7.92,"Captain Cook's Landing Place, Town of Seventeen Seventy",0.67,0.5,1.0,7.69,-0.1899999999999999,-0.2299999999999995,-0.22999999999999954,实体跑偏/证据跑偏
5a84995d5542997b5ce3fee4,2278,Cooperative Living Organization is located in a city that is the county seat of what county in Florida?,Alachua,Alachua,1.0,1.0,1.0,7.79,Alachua County,0.67,0.5,1.0,7.13,-0.3299999999999999,-0.6600000000000001,-0.6600000000000001,多余解释/冗余输出（Precision掉）
5a7e618155429949594199b0,2279,New York State Route 9R rejoins its parent in a hamlet located  in what New York County?,Albany,Albany,1.0,1.0,1.0,8.2,town of Colonie,0.0,0.0,0.0,7.78,-1.0,-0.419999999999999,-0.41999999999999904,实体跑偏/证据跑偏
5abe024c5542991f661060a2,2284,In what city is the football club that Robin Himmelmann is a goalkeeper for based?,Hamburg,Hamburg,1.0,1.0,1.0,7.91,Moers,0.0,0.0,0.0,7.74,-1.0,-0.1699999999999999,-0.16999999999999993,实体跑偏/证据跑偏
5ae277575542996483e649b2,2287,"What is the name of the largest film production company in Hong Kong that won the ""Best Cinematography"" at the 21st Asia Pacific Film Festival?",Shaw Brothers,Shaw Brothers,1.0,1.0,1.0,7.81,Shaw Brothers (HK) Ltd,0.67,0.5,1.0,7.4,-0.3299999999999999,-0.4099999999999992,-0.40999999999999925,多余解释/冗余输出（Precision掉）
5a7ca0ef55429907fabeefd3,2288,"Which professional tennis player was born first, Lucie Hradecká or Raffaella Reggi?",Raffaella Reggi,Raffaella Reggi,1.0,1.0,1.0,8.15,Lucie Hradecká,0.0,0.0,0.0,7.85,-1.0,-0.3000000000000007,-0.3000000000000007,实体跑偏/证据跑偏
5ae352285542994393b9e685,2303,Rumble Fish was a novel by the author of the coming-of-age novel published in what year by Viking Press?,1967,"S. E. Hinton, 1967",0.4,0.25,1.0,8.89,"S. E. Hinton, author of ""The Outsiders",0.0,0.0,0.0,7.65,-0.4,-1.2400000000000002,-1.2400000000000002,实体跑偏/证据跑偏
5ab2bc6b554299545a2cfa40,2305,Pablo Jose Ozuna is the cousin of a Dominican professional baseball left fielder who made his MLB debut in what year?,2013,Marcell Ozuna 2013,0.5,0.33,1.0,8.87,Marcell Ozuna,0.0,0.0,0.0,7.84,-0.5,-1.0299999999999994,-1.0299999999999994,实体跑偏/证据跑偏
5a7d5c175542991319bc93b1,2310,Between Harvey Pekar and Denise Levertov who was born earlier?,Denise Levertov,Denise Levertov,1.0,1.0,1.0,7.78,"October 8, 1939",0.0,0.0,0.0,7.62,-1.0,-0.1600000000000001,-0.16000000000000014,实体跑偏/证据跑偏
5a7c6fde55429907fabeef87,2312,WWE Super Tuesday took place at an arena that currently goes by what name?,TD Garden,TD Garden,1.0,1.0,1.0,8.06,Fleet Center,0.0,0.0,0.0,7.64,-1.0,-0.4200000000000008,-0.4200000000000008,同义词/别名未规范化
5ae2994d554299492dc91c31,2315,"Which of the bands, Hot Snakes or UB40, has more band members?",UB40,UB40,1.0,1.0,1.0,8.81,,0.0,0.0,0.0,8.08,-1.0,-0.7300000000000004,-0.7300000000000004,空输出/解析失败
5a7a0a2d5542990783324e06,2316,The Dressing Point massacre occurred 2 years after which important document was passed in Mexican Texas?,1824 Constitution of Mexico,1824 Constitution,0.67,1.0,0.5,8.73,"After Mexico won independence from Spain, it legalized immigration from the United States",0.12,0.08,0.25,8.17,-0.55,-0.5600000000000005,-0.5600000000000005,实体跑偏/证据跑偏
5ae7a5f05542993210983ece,2338,This कसबा पेठ विधानसभा मतदारसंघ is an example of a language that ranks what in the number of native speakers in India?,fourth,Fourth,1.0,1.0,1.0,7.98,"Marathi has the fourth largest number of native speakers in India, after Hindi, Bengali and Telugu in that order",0.11,0.06,1.0,7.61,-0.89,-0.3700000000000001,-0.3700000000000001,多余解释/冗余输出（Precision掉）
5ae796af554299540e5a5623,2344,"Where was the capital of the Arab country, in which the Aulacodes peribocalis moth is found, relocated to?",Aden,Aden,1.0,1.0,1.0,7.93,"Because of this, Yemen's capital has been temporarily relocated to the port city of Aden, on the southern coast",0.11,0.06,1.0,7.84,-0.89,-0.0899999999999998,-0.08999999999999986,多余解释/冗余输出（Precision掉）
5a7c96e55542990527d554d9,2348,How did Pre's Trail's namesake die?,in an automobile accident,automobile accident,0.8,1.0,0.67,7.68,"died in May 1975 at the age of 24 in an automobile accident in Eugene, Oregon",0.35,0.21,1.0,7.57,-0.45,-0.1099999999999994,-0.10999999999999943,实体跑偏/证据跑偏
5ab2123155429970612095b9,2351,What did Mustafa Kemal Atatürk's residence become once it became Atatürk Museum Mansion?,museum,Museum,1.0,1.0,1.0,7.77,historic house museum,0.5,0.33,1.0,7.56,-0.5,-0.2099999999999999,-0.20999999999999996,多余解释/冗余输出（Precision掉）
5ac510255542994611c8b353,2353,Afonwen is situated just under four miles from what road also known as the North Wales Expressway,A55,A55,1.0,1.0,1.0,8.12,A55 North Wales Expressway,0.4,0.25,1.0,7.84,-0.6,-0.2799999999999993,-0.27999999999999936,多余解释/冗余输出（Precision掉）
5a76a1a35542993735360122,2361,What is the nickname of a professional German footballer as well as the name of a children's book?,The BFG,The BFG,1.0,1.0,1.0,7.5,Big Fucking German,0.0,0.0,0.0,7.52,-1.0,0.0199999999999995,0.019999999999999574,同义词/别名未规范化
5a86ab7755429960ec39b6bf,2371,What genre is the novel from which the fast-food restaurant specializing in seafood derives its name?,an adventure novel,Adventure,0.67,1.0,0.5,8.14,novel 'Treasure Island,0.4,0.33,0.5,7.48,-0.27,-0.6600000000000001,-0.6600000000000001,实体跑偏/证据跑偏
5ae7f0c75542994a481bbe44,2374,What is the birthdate of this Norwegian professional footballer who plays as an attacking midfielder and who broke the record for the youngest player that has ever played in the Norwegian top league?,17 December 1998,17 December 1998,1.0,1.0,1.0,8.01,11 September 1996,0.0,0.0,0.0,7.63,-1.0,-0.3799999999999999,-0.3799999999999999,数字取值错误（值不同）
5abe76c255429965af743f15,2378,What profession does John Landis and Gore Verbinski have in common?,director,Film director,0.67,0.5,1.0,8.52,"film director, screenwriter, producer",0.4,0.25,1.0,7.41,-0.27,-1.1099999999999994,-1.1099999999999994,实体跑偏/证据跑偏
5a7c04c85542996dd594b881,2381,Arizona State Route 51 (SR 51) is named after a Native American woman belonging to what tribe?,Hopi,Hopi,1.0,1.0,1.0,7.92,"Lori Piestewa, the first Native American woman to die in combat in the U.S. Military",0.0,0.0,0.0,8.15,-1.0,0.2300000000000004,0.23000000000000043,同义词/别名未规范化
5adf99065542992d7e9f93b0,2382,Approximately what percent male is the student body of the University for which the Ouachita Baptist Tigers football program is the intercollegiate American football team?,45%,45,1.0,1.0,1.0,7.73,The student body is approximately 45% male,0.29,0.17,1.0,7.56,-0.71,-0.1700000000000008,-0.17000000000000082,多余解释/冗余输出（Precision掉）
5ae705725542995703ce8bbc,2387,Come from the Heart:was first recorded by an artist that sang what genre of music?,country,Country,1.0,1.0,1.0,7.82,country music,0.67,0.5,1.0,7.88,-0.3299999999999999,0.0599999999999996,0.05999999999999961,多余解释/冗余输出（Precision掉）
5adf39d55542992d7e9f92e6,2390,Heinrich Marschner was a composer who performed in the time frame after one of the first significant composers in what school of work?,Romantic,Romantic,1.0,1.0,1.0,7.86,between Weber and Wagner,0.0,0.0,0.0,7.53,-1.0,-0.33,-0.33000000000000007,实体跑偏/证据跑偏
5a8dd13055429917b4a5bcba,2391,What film studio produced both National Treasure and The Computer Wore Tennis Shoes?,Walt Disney Pictures,Walt Disney Pictures,1.0,1.0,1.0,7.66,Walt Disney Productions,0.67,0.67,0.67,7.66,-0.3299999999999999,0.0,0.0,实体跑偏/证据跑偏
5ae67def5542991bbc9760f3,2403,Kenneth L. Gile is the Chief Operating Officer of an airline with its head office in what airport?,Dubai International Airport,Dubai International Airport,1.0,1.0,1.0,7.91,Terminal 2 of Dubai International Airport,0.67,0.5,1.0,7.81,-0.3299999999999999,-0.1000000000000005,-0.10000000000000053,多余解释/冗余输出（Precision掉）
5ac2a35055429967731025ce,2414,When did the baseball draft with which Alex Lange was the 30th pick began?,"June 12, 2017","June 12, 2017",1.0,1.0,1.0,7.77,"The 2017 Major League Baseball (MLB) First-Year Player Draft began on June 12, 2017",0.35,0.21,1.0,7.91,-0.65,0.1400000000000005,0.14000000000000057,多余解释/冗余输出（Precision掉）
5ab82dbb5542990e739ec857,2419,The FIBT World Championships 1960 took place in a town located in which part of Italy ?,the Veneto region of Northern Italy,Veneto region,0.57,1.0,0.4,8.29,Cortina d'Ampezzo,0.0,0.0,0.0,7.56,-0.57,-0.7299999999999995,-0.7299999999999995,实体跑偏/证据跑偏
5abea9a35542990832d3a07e,2430,Bullewijk metro station is part of a mixed rapid transit and light rail system that is how many km long?,42.5,42.5,1.0,1.0,1.0,7.39,"The network is owned by the city of Amsterdam and operated by municipal public transport company GVB which also operates trams, ferries, and local buses",0.0,0.0,0.0,7.96,-1.0,0.5700000000000003,0.5700000000000003,同义词/别名未规范化
5adc760c5542994650320d11,2435,who starred in the English-language Danish experimental horror film  which  Lars von Triers received award for,Willem Dafoe,Willem Dafoe,1.0,1.0,1.0,8.06,"Willem Dafoe, Charlotte Gainsbourg",0.67,0.5,1.0,7.53,-0.3299999999999999,-0.5300000000000002,-0.5300000000000002,多余解释/冗余输出（Precision掉）
5ae0bb2c5542993d6555ec27,2446,The King of Hollywood starred in what 1932 American pre-Code dram film?,Strange Interlude,Strange Interlude,1.0,1.0,1.0,7.83,Strange Interlude (film),0.8,0.67,1.0,7.39,-0.1999999999999999,-0.4400000000000004,-0.4400000000000004,多余解释/冗余输出（Precision掉）
5abd049d5542992ac4f381a8,2451,How many film were there in the series of comedy films for which Peter Rogers is best known ?,31,31,1.0,1.0,1.0,8.04,The Carry On franchise primarily consists of a sequence of 31 low-budget British comedy motion pictures,0.12,0.07,1.0,7.76,-0.88,-0.2799999999999993,-0.27999999999999936,多余解释/冗余输出（Precision掉）
5a72a4645542991f9a20c54c,2459,"What notable radio personality was born in North Bend, Oregon?",Delilah Luke,Delilah,0.67,1.0,0.5,8.28,Delilah Rene,0.5,0.5,0.5,7.46,-0.17,-0.8199999999999994,-0.8199999999999994,实体跑偏/证据跑偏
5ab865195542990e739ec8e3,2467,The 2008 Football League Championship play-off Final was won by Hull City after a 38th minute goal from a striker who currently plays for who?,AFC,AFC Walkington,0.67,0.5,1.0,8.21,Dean Windass,0.0,0.0,0.0,7.84,-0.67,-0.370000000000001,-0.370000000000001,实体跑偏/证据跑偏
5ae1b01b5542997283cd2237,2475,"What film genre involves humor and love, as seen in Mamma Mia: Here We Go Again!?",Romantic comedy films,Romantic Comedy,0.8,1.0,0.67,8.23,American romantic comedy musical film,0.5,0.4,0.67,8.16,-0.3,-0.0700000000000002,-0.07000000000000028,实体跑偏/证据跑偏
5ae2e61455429928c423953e,2479,What is the inspirational source behind the name of this studio album by the British rock band Queen released by EMI Records that was included in the The Crown Jewels?,Marx Brothers film,Marx Brothers film,1.0,1.0,1.0,8.02,The Marx Brothers film of the same name,0.67,0.5,1.0,7.62,-0.3299999999999999,-0.3999999999999994,-0.39999999999999947,多余解释/冗余输出（Precision掉）
5a7f33115542992e7d278c84,2486,"Who is the mother of Mary, Crown Princess of Denmark's husband?",Queen Margrethe II,Queen Margrethe II,1.0,1.0,1.0,7.74,None mentioned,0.0,0.0,0.0,7.38,-1.0,-0.3600000000000003,-0.3600000000000003,同义词/别名未规范化
5ab9c7c355429939ce03dc17,2502,What regular performer at the R-26 club in Paris was known for her banana-themed costume?,Josephine Baker,Josephine Baker,1.0,1.0,1.0,8.66,"Her performance in the revue ""Un Vent de Folie"" in 1927 caused a sensation in Paris",0.0,0.0,0.0,8.69,-1.0,0.0299999999999993,0.02999999999999936,实体跑偏/证据跑偏
5abbdaef554299642a094b5d,2514,"The title track of Carla Bruni discography was used in a  film directed by James Ivory, and was also used in what other film?",(500) Days of Summer,(500) Days of Summer,1.0,1.0,1.0,7.98,Le Divorce,0.0,0.0,0.0,7.76,-1.0,-0.2200000000000006,-0.22000000000000064,同义词/别名未规范化
5adc6ded55429947ff17395d,2524,Which of the two airlines that operate flights into Enrique Malek International Airport is the larger air carrier in Panama?,Copa Airlines,Copa Airlines,1.0,1.0,1.0,7.29,Air Panama,0.0,0.0,0.0,7.66,-1.0,0.3700000000000001,0.3700000000000001,实体跑偏/证据跑偏
5a79c2955542994f819ef097,2525,"Of the two Sopranos co-stars who starred in a 2009 American thriller film together, which went on to secure the role as Tony Soprano?",James Gandolfini,James Gandolfini,1.0,1.0,1.0,8.11,He was,0.0,0.0,0.0,7.9,-1.0,-0.209999999999999,-0.20999999999999908,实体跑偏/证据跑偏
5ac11139554299294b219083,2535,Creed features the boxer who held what WBC title from 2016 to 2017?,cruiserweight,cruiserweight,1.0,1.0,1.0,8.29,He held the WBC cruiserweight title from 2016 to 2017,0.2,0.11,1.0,8.08,-0.8,-0.209999999999999,-0.20999999999999908,多余解释/冗余输出（Precision掉）
5ac2509755429951e9e68543,2541,What is the nationality of the man who finished third in the 2016 Pau Grand Prix?,British,British,1.0,1.0,1.0,8.0,George Russell,0.0,0.0,0.0,7.92,-1.0,-0.08,-0.08000000000000007,实体跑偏/证据跑偏
5ab926bc554299131ca42285,2547,"Alexis Argüello mentored Román González, who became first boxer to do what?",win world titles in four weight classes,win world titles in 4 weight classes,0.86,0.86,0.86,8.15,He is the first boxer from Nicaragua to win world titles in four weight classes,0.67,0.5,1.0,8.27,-0.1899999999999999,0.1199999999999992,0.11999999999999922,数字/单位格式不一致（值相同）
5a9023d355429916514e742f,2555,Whose former city palace did Erna Flegel work at?,Prince Antoni Radziwiłł,Prince Antoni Radziwiłł,1.0,1.0,1.0,7.93,Prince Antoni Radziwiłł's,0.67,0.67,0.67,7.66,-0.3299999999999999,-0.2699999999999996,-0.2699999999999996,多余解释/冗余输出（Precision掉）
5ae505d355429908b63264e4,2561,Marco de la O stars in the title role of El Chapo which premiered on which network in April 2017?,Univision,Univision,1.0,1.0,1.0,7.97,Univision before airing on Netflix worldwide,0.29,0.17,1.0,7.64,-0.71,-0.33,-0.33000000000000007,多余解释/冗余输出（Precision掉）
5ab58ee6554299488d4d99d6,2569,"What is the birthdate of this American actor, director, and producer, who starred in Not Another B Movie?","February 13, 1946","February 13, 1946",1.0,1.0,1.0,8.16,born February 13,0.67,0.67,0.67,7.61,-0.3299999999999999,-0.5499999999999998,-0.5499999999999998,数字/单位格式不一致（值相同）
5a7b542455429927d897bf92,2574,"The Lewis and Clark Memorial Column is dedicated to Meriwether Lewis, best known for his role as the leader of which Lewis and Clark Expedition?",Corps of Discovery,Corps of Discovery,1.0,1.0,1.0,8.01,the Lewis and Clark Expedition,0.0,0.0,0.0,7.52,-1.0,-0.4900000000000002,-0.4900000000000002,实体跑偏/证据跑偏
5a8ce9ed554299585d9e3764,2584,Which American singer and songwriter born in 1983 formed the band Pistol Annies with Ashley Monroe and a third band member?,Miranda Lambert,Miranda Lambert,1.0,1.0,1.0,7.96,Miranda Leigh Lambert,0.8,0.67,1.0,7.46,-0.1999999999999999,-0.5,-0.5,实体跑偏/证据跑偏
5abfe1115542997d64295909,2585,Bridgewater Triangle is an area where the phenomenon associated with what type of tradition has been seen?,Native American,Native American,1.0,1.0,1.0,8.0,Native American tradition,0.8,0.67,1.0,7.28,-0.1999999999999999,-0.7199999999999998,-0.7199999999999998,多余解释/冗余输出（Precision掉）
5a832fdd55429954d2e2ec4f,2587,Who founded O Magazine that contained Elissa Schappell's second book of fiction?,Oprah Winfrey and Hearst Communications,Oprah Winfrey,0.57,1.0,0.4,8.34,Elissa Schappell,0.0,0.0,0.0,7.7,-0.57,-0.6399999999999997,-0.6399999999999997,实体跑偏/证据跑偏
5ab5ac345542992aa134a37f,2591,Prominent Danish Tibetologist Per Kjeld Sørensen is a professor of Central Asian Studies at Leipzig University that was founded by who?,"Frederick I, Elector of Saxony","Frederick I, Elector of Saxony",1.0,1.0,1.0,7.89,"Frederick I, Elector of Saxony and his brother William II, Margrave of Meissen",0.56,0.38,1.0,7.41,-0.4399999999999999,-0.4799999999999995,-0.47999999999999954,多余解释/冗余输出（Precision掉）
5a80a654554299485f598679,2596,"Which poet is famous for ""A Shropshire Lad"" and is depicted in the play ""The Invention of Love""?",A. E. Housman,A. E. Housman,1.0,1.0,1.0,8.37,Alfred Edward Housman,0.4,0.33,0.5,7.71,-0.6,-0.6599999999999993,-0.6599999999999993,实体跑偏/证据跑偏
5a7327265542994cef4bc480,2597,"Which actor appeared in the films ""Just My Luck"" and ""Into the Woods""?",Christopher Whitelaw Pine,Chris Pine,0.4,0.5,0.33,8.18,Cinderella's Prince,0.0,0.0,0.0,7.56,-0.4,-0.6200000000000001,-0.6200000000000001,实体跑偏/证据跑偏
5a7c762d55429935c91b51c7,2598,Mike Welch attended high school that serves how many students ?,2200 students,2200,0.67,1.0,0.5,8.57,"Nashua High School South, formerly Nashua High School, is a public high school located in Nashua, New Hampshire. The school serves approximately 2200 students, making it the largest public high school in New Hampshire, and the second largest high school overall, after the private Pinkerton Academy",0.09,0.05,1.0,8.43,-0.5800000000000001,-0.1400000000000005,-0.14000000000000057,数字/单位格式不一致（值相同）
5ab45bcd5542991779162c80,2603,Which adpotive brothers were co-emperors of Rome during the Nerva-Antonine dynasty?,"Lucius Verus, Marcus Aurelius","Marcus Aurelius, Lucius Verus",1.0,1.0,1.0,8.47,Lucius Verus and Marcus Aurelius,0.89,0.8,1.0,7.64,-0.1099999999999999,-0.830000000000001,-0.830000000000001,实体跑偏/证据跑偏
5a7291c35542991f9a20c4f4,2606,What movie was directed by Harold Ramis and stars Bill  Murray?,Groundhog Day,Groundhog Day,1.0,1.0,1.0,8.23,"Groundhog Day is a 1993 American fantasy-comedy film directed by Harold Ramis, starring Bill Murray, Andie MacDowell, and Chris Elliott",0.18,0.1,1.0,8.45,-0.8200000000000001,0.2199999999999988,0.21999999999999886,多余解释/冗余输出（Precision掉）
5a7e19e655429965cec5ea58,2614,"Blackamoor, Lancashire lies near the banks of what river?",Ribble,River Ribble,0.67,0.5,1.0,8.27,none mentioned,0.0,0.0,0.0,7.59,-0.67,-0.6799999999999997,-0.6799999999999997,实体跑偏/证据跑偏
5a7a3a2a5542996c55b2dd41,2615,The author of Some Other Rainbow was born on what day and year?,27 November 1956,27 November 1956,1.0,1.0,1.0,8.13,John McCarthy,0.0,0.0,0.0,7.37,-1.0,-0.7600000000000007,-0.7600000000000007,实体跑偏/证据跑偏
5a738bd0554299623ed4abee,2618,What classical music written by a Russian composer did Sia heavily sample?,Montagues and Capulets,Montagues and Capulets,1.0,1.0,1.0,7.47,Sergei Prokofiev's 'Montagues and Capulets,0.75,0.6,1.0,7.56,-0.25,0.0899999999999998,0.08999999999999986,多余解释/冗余输出（Precision掉）
5a901b985542995651fb50b0,2623,What is 3/4 of the budget of the agency who  placed ECT machines  in the Class III category coming from?,pharmaceutical companies,Pharmaceutical companies,1.0,1.0,1.0,7.92,"As of 2017, 3/4th of the FDA budget (approximately $700 million) is funded by the pharmaceutical companies due to the Prescription Drug User Fee Act",0.17,0.09,1.0,7.77,-0.83,-0.1500000000000003,-0.15000000000000036,多余解释/冗余输出（Precision掉）
5a7e02cf5542997cc2c474f4,2625,What distinction did Variety give in 2014 to one of the stars from the film Aztec Warrior?,most influential Hispanic male in the entertainment industry,Most influential Hispanic male,0.73,1.0,0.57,8.29,"Eugenio Derbez is a Mexican actor, comedian, scriptwriter, writer, entrepreneur, producer and director. In 2014 he was recognized by Variety as the most influential Hispanic male in the entertainment industry",0.41,0.26,1.0,7.87,-0.32,-0.419999999999999,-0.41999999999999904,实体跑偏/证据跑偏
5abe89dd55429976d4830b5d,2632,Who is the Mexican actor that starred in Sex and Breakfast?,Eduardo Kuno Becker Paz,Kuno Becker,0.67,1.0,0.5,8.11,Noé Murayama,0.0,0.0,0.0,7.47,-0.67,-0.6399999999999997,-0.6399999999999997,实体跑偏/证据跑偏
5ae325bd5542991a06ce9936,2637,Patrol Squadron Four (VP-4) is a U.S. Navy land-based patrol squadron based at a Naval station formerly known as what ?,Marine Corps Air Station Kaneohe Bay,Marine Corps Base,0.44,0.67,0.33,9.55,Marine Corps Base Hawaii,0.4,0.5,0.33,8.55,-0.0399999999999999,-1.0,-1.0,实体跑偏/证据跑偏
5a8dcbc0554299068b959df4,2641,"Many right wing WNP were  connected to a clandestine operation ran by a ""stay-behind""  operation ran by what organization?",NATO,NATO,1.0,1.0,1.0,8.72,North Atlantic Treaty Organisation (NATO),0.33,0.2,1.0,8.11,-0.6699999999999999,-0.6100000000000012,-0.6100000000000012,多余解释/冗余输出（Precision掉）
5a7a9ed55542995eb53be87d,2642,"What king took away John Erskine, Earl of Mar's office?",George I,George I,1.0,1.0,1.0,7.57,new king in 1714,0.0,0.0,0.0,7.67,-1.0,0.0999999999999996,0.09999999999999964,实体跑偏/证据跑偏
5a7cc5f9554299452d57ba49,2645,Procter & Gamble Co. was founded by a British-born American candlemaker who died in what year?,1884,1884,1.0,1.0,1.0,7.99,"December 7, 1801 – April 4, 1884",0.29,0.17,1.0,7.76,-0.71,-0.2300000000000004,-0.23000000000000043,多余解释/冗余输出（Precision掉）
5ab69f13554299710c8d1ef3,2646,Dandong and Hotan are located in what country?,China,China,1.0,1.0,1.0,8.32,People's Republic of China,0.4,0.25,1.0,8.04,-0.6,-0.2800000000000011,-0.28000000000000114,多余解释/冗余输出（Precision掉）
5ab9d2e255429955dce3ed90,2653,What was the estimated population of the city that Luis Villalta Aquino was from in 2012?,"102,984","102,984",1.0,1.0,1.0,7.87,As of 2012,0.0,0.0,0.0,7.68,-1.0,-0.1900000000000004,-0.1900000000000004,数字取值错误（值不同）
5a7e0ed25542991319bc9424,2657,"The 249th episode of ""The Simpsons"" was aired on what date?","November 1, 2000","November 1, 2000",1.0,1.0,1.0,7.98,"It began on Wednesday, November 1, 2000",0.6,0.43,1.0,7.66,-0.4,-0.3200000000000003,-0.3200000000000003,多余解释/冗余输出（Precision掉）
5a8d651955429941ae14dfaf,2659,John Alexander and Trent Alexander-Arnold are professional footballers from which country?,England,England,1.0,1.0,1.0,7.77,English,0.0,0.0,0.0,7.22,-1.0,-0.5499999999999998,-0.5499999999999998,实体跑偏/证据跑偏
5a8ad8ed5542992d82986fa3,2662,What was the 2010 population of the town where Bennett Hill Farm is located?,"8,648","8,648",1.0,1.0,1.0,7.99,"The population was 8,648 at the 2010 census",0.29,0.17,1.0,7.6,-0.71,-0.3900000000000005,-0.39000000000000057,多余解释/冗余输出（Precision掉）
5abb2e6855429966062416df,2672,Owney was a stray terrier adopted as the first unofficial postal mascot by a post office that is roughly how many miles north of New York City?,150 mi,150,0.67,1.0,0.5,8.52,"Albany, New York",0.0,0.0,0.0,7.82,-0.67,-0.6999999999999993,-0.6999999999999993,实体跑偏/证据跑偏
5ab4341c55429942dd415ede,2673,The Shōgitai were an elite corps of which shogunate?,Tokugawa shogunate,Tokugawa,0.67,1.0,0.5,8.28,The Shōgitai was an elite corps of the Shogunate,0.25,0.17,0.5,7.66,-0.42,-0.6199999999999992,-0.6199999999999992,实体跑偏/证据跑偏
5abb08c65542996cc5e49f61,2675,George Borba was part of the team that competed at what 1970 championship?,FIFA World Cup,FIFA World Cup,1.0,1.0,1.0,7.95,The 1970 FIFA World Cup,0.86,0.75,1.0,7.2,-0.14,-0.75,-0.75,多余解释/冗余输出（Precision掉）
5ae4818f5542995ad6573d5b,2676,"After joining Saturday Night Live in 2012, Cecily Strong played which character in the sketch ""What Up with That""?",Piper,Piper,1.0,1.0,1.0,8.24,Pippa and Piper,0.5,0.33,1.0,7.91,-0.5,-0.33,-0.33000000000000007,多余解释/冗余输出（Precision掉）
5ac31129554299741d48a1a2,2681,Woodland is a census-designated place in a town that had this population as of the 2010 census?,"1,521",1521,1.0,1.0,1.0,7.69,Within the town is the census-designated place of Woodland,0.0,0.0,0.0,7.64,-1.0,-0.0500000000000007,-0.05000000000000071,实体跑偏/证据跑偏
5ab815865542995dae37ea2d,2684,Which direction do both the M1 and the M6 Motorways travel?,heads north,North,0.67,1.0,0.5,8.93,south-north,0.5,0.5,0.5,7.97,-0.17,-0.96,-0.96,实体跑偏/证据跑偏
5ae09ec055429924de1b7116,2688,"Which of the steering committee was an American broadcast journalist, best known as anchorman for the ""CBS Evening News"" for 19 years?",Walter Cronkite,Walter Cronkite,1.0,1.0,1.0,7.61,Walter Leland Cronkite Jr,0.67,0.5,1.0,7.5,-0.3299999999999999,-0.1100000000000003,-0.11000000000000032,实体跑偏/证据跑偏
5a74ab6055429916b01641b9,2692,"Which board game, Attack! or Can't Stop, was published first?",Can't Stop,Can't Stop (1980),0.8,0.67,1.0,8.19,Attack,0.0,0.0,0.0,7.51,-0.8,-0.6799999999999997,-0.6799999999999997,实体跑偏/证据跑偏
5a7e0bb65542997cc2c4750a,2694,Myron F. Diduryk's exploits were described in a book by an author holding what military rank?,lieutenant general,Lieutenant General,1.0,1.0,1.0,8.4,"...the finest battlefield company commander I had ever seen, bar none",0.0,0.0,0.0,8.03,-1.0,-0.370000000000001,-0.370000000000001,实体跑偏/证据跑偏
5a79f27e5542990198eaf014,2696,Who was born first Dame Zara Kate Bate or Harold Edward Holt?,Harold Edward Holt,Harold Edward Holt,1.0,1.0,1.0,7.84,Dame Zara Kate Bate,0.0,0.0,0.0,7.67,-1.0,-0.1699999999999999,-0.16999999999999993,实体跑偏/证据跑偏
5a90af865542990a9849369c,2706,"Elle Royal's video ""What Can I Say"" went viral after she was featured as “Female Artist of the Week” by a video blog founded in what year?",2005,2005,1.0,1.0,1.0,8.14,"WorldStarHipHop is a content-aggregating video blog.  Founded in **2005**, the site averages 528,726 unique visitors a day",0.12,0.07,1.0,7.97,-0.88,-0.1700000000000008,-0.17000000000000082,多余解释/冗余输出（Precision掉）
5a7b5af7554299042af8f752,2713,The company that created the Data Universal Numbering System has a database that contains how many business records?,265 million,Over 265 million,0.8,0.67,1.0,7.69,"serving customers in government and industries such as communications, technology, strategic financial services, and retail/telecommunications/manufacturing markets",0.0,0.0,0.0,7.65,-0.8,-0.04,-0.040000000000000036,实体跑偏/证据跑偏
5ab8919655429934fafe6e13,2714,Who used a Barrack buster to shoot down a British Army Lynx helicopter,IRA,IRA,1.0,1.0,1.0,7.74,The engineering group of the Provisional Irish Republican Army (IRA),0.22,0.12,1.0,7.97,-0.78,0.2299999999999995,0.22999999999999954,多余解释/冗余输出（Precision掉）
5a7b1a4a55429927d897bf3b,2720,"What landmark event did Bill Miner achieve at Silverdale, British Columbia, coining the phrase ""Hands Up!"" in doing so?",Canada's first train robbery,Canada's first train robbery,1.0,1.0,1.0,8.38,"there [Silverdale, British Columbia] he is supposed to have first used the polite ""Hands Up!"" in the course of the robbery",0.18,0.11,0.5,8.14,-0.8200000000000001,-0.2400000000000002,-0.2400000000000002,实体跑偏/证据跑偏
5ae57d3a554299546bf82ee6,2721,After Russell D. Moore served at the Southern Baptist Theological Seminary he became the President of The Ethics & Religious Liberty Commission (ERLC) in what year?,2013,2013,1.0,1.0,1.0,7.84,"He is currently president of the Ethics &amp; Religious Liberty Commission, the public-policy arm of the Southern Baptist Convention (SBC)",0.0,0.0,0.0,7.8,-1.0,-0.04,-0.040000000000000036,同义词/别名未规范化
5a78d35e55429974737f78c3,2726,"Between two bands Audioslave and Bodyjar, which group formed earlier?",Bodyjar,Bodyjar,1.0,1.0,1.0,7.95,Bodyjar formed in 1990,0.4,0.25,1.0,7.65,-0.6,-0.2999999999999998,-0.2999999999999998,多余解释/冗余输出（Precision掉）
5abeebe25542993fe9a41d9c,2734,Season of Migration to the North  is a counter narrative to a novella by what Polish-British novelist?,Joseph Conrad,Joseph Conrad,1.0,1.0,1.0,7.8,Heart of Darkness,0.0,0.0,0.0,7.5,-1.0,-0.2999999999999998,-0.2999999999999998,实体跑偏/证据跑偏
5ae1091055429920d523429b,2738,The seventh largest inhabited island in Hawaii has what remote wild beach?,Polihale State Park,Polihale State Park,1.0,1.0,1.0,7.5,the privately owned island of Niihau,0.0,0.0,0.0,7.58,-1.0,0.08,0.08000000000000007,实体跑偏/证据跑偏
5ae268f35542994d89d5b416,2739,What job do both Alfred Santell and David Fincher have in common?,director,Director,1.0,1.0,1.0,7.83,film director,0.67,0.5,1.0,7.67,-0.3299999999999999,-0.1600000000000001,-0.16000000000000014,多余解释/冗余输出（Precision掉）
5a79e1275542990198eaefe7,2752,The 19 high-rise commercial buildings covering 22 acres between 48th and 51st Streets in New York City feature which style of architecture?,The Art Deco style,Art Deco,0.8,1.0,0.67,8.11,Rockefeller Center,0.0,0.0,0.0,7.69,-0.8,-0.419999999999999,-0.41999999999999904,实体跑偏/证据跑偏
5ae0a74e554299603e41842f,2756,Which case was brought to court first Miller v. California or Gates v. Collier ?,Miller v. California,Miller v. California,1.0,1.0,1.0,8.29,Gates v. Collier,0.33,0.33,0.33,7.8,-0.6699999999999999,-0.4899999999999993,-0.4899999999999993,实体跑偏/证据跑偏
5a76dc2d55429972597f13eb,2765,What song included on the 59th edition of Now That's What I Call Music was written and recorded by an Australian recording artist?,"""Cheap Thrills"" by Sia",Sia,0.4,1.0,0.25,8.15,Panda by Desiigner,0.29,0.33,0.25,7.61,-0.11,-0.54,-0.54,实体跑偏/证据跑偏
5a791ce955429974737f798e,2770,Brett McClure competed in the pommel horse event at the 2001 Goodwill Games in what Australian province?,Queensland,Queensland,1.0,1.0,1.0,7.91,"Brisbane, Queensland",0.67,0.5,1.0,7.58,-0.3299999999999999,-0.33,-0.33000000000000007,多余解释/冗余输出（Precision掉）
5a839f985542996488c2e47d,2775,Nostie lies a short distance from one of Scotland's popular tourist attractions a small tidal island dominated by a picturesque castle that frequently apperas in what?,"photographs, film and television",film and television,0.86,1.0,0.75,7.47,Eilean Donan Castle,0.0,0.0,0.0,7.6,-0.86,0.1299999999999999,0.1299999999999999,实体跑偏/证据跑偏
5ab827a555429934fafe6cf5,2780,This 2016 biographical sports comedy-drama film stars Taron Egerton as a skier who finished last in what events?,70 m and 90 m,70 m and 90 m,1.0,1.0,1.0,8.05,The 70 m and 90 m events,0.91,0.83,1.0,6.96,-0.0899999999999999,-1.0900000000000007,-1.0900000000000007,多余解释/冗余输出（Precision掉）
5abd8c295542992ac4f382ab,2782,The Minnesota State High School Mathematics League was founded by a professor at a private coeducational liberal arts college founded in what year?,1874,"Macalester College, 1874",0.5,0.33,1.0,8.35,Macalester College founded in 1874,0.33,0.2,1.0,7.42,-0.1699999999999999,-0.9299999999999996,-0.9299999999999997,数字/单位格式不一致（值相同）
5ae72c1e554299572ea54754,2790,What film is a sequel to a German romantic fantasy film featuring Bruno Ganz and Solveig Dommartin?,"Faraway, So Close!","Faraway, So Close",1.0,1.0,1.0,7.99,Wings of Desire,0.0,0.0,0.0,7.64,-1.0,-0.3500000000000005,-0.35000000000000053,实体跑偏/证据跑偏
5a83a30a5542992ef85e2339,2791,"In which division does this team, for which Kyle Skipworth played a catcher, compete?",East division,National League East,0.4,0.33,0.5,8.69,National League (NL) East,0.33,0.25,0.5,8.02,-0.07,-0.6699999999999999,-0.6699999999999999,实体跑偏/证据跑偏
5adc57325542996e6852531b,2799,"""Quando m'en vo' "" is a soprano from an Opera composed by who ?",Giacomo Puccini,Giacomo Puccini,1.0,1.0,1.0,8.3,Puccini,0.67,1.0,0.5,7.73,-0.3299999999999999,-0.5700000000000003,-0.5700000000000003,实体跑偏/证据跑偏
5abbd34d5542993f40c73bc6,2801,The Innviertel is a traditional Austrian region southeast of a river that is how many km long?,517 km,517,0.67,1.0,0.5,8.34,It forms the western part of the state of Upper Austria and borders the German state of Bavaria,0.0,0.0,0.0,7.62,-0.67,-0.7199999999999998,-0.7199999999999998,实体跑偏/证据跑偏
5a7b086a5542992d025e673a,2803,What was the name of the company that produced  the first practical jet aircraft that first flew on 27 August 1939?,Heinkel Flugzeugwerke,Heinkel,0.67,1.0,0.5,8.51,German Heinkel company,0.4,0.33,0.5,7.4,-0.27,-1.1099999999999994,-1.1099999999999994,实体跑偏/证据跑偏
5a855ca15542992a431d1b12,2807,The Chinese actress also known as Crystal Liu stars in Night Peacock with which three other actresses?,"Liu Ye, Yu Shaoqun and Leon Lai","Liu Ye, Yu Shaoqun, Leon Lai",0.92,1.0,0.86,8.06,"Liu Yifei, Liu Ye, Yu Shaoqun",0.62,0.67,0.57,7.64,-0.3,-0.4200000000000008,-0.4200000000000008,实体跑偏/证据跑偏
5a7283365542991f9a20c4b2,2808,Allison Gross is a character in a story which applies what writing technique that introduces characters in threes?,rule of three,Rule of three,1.0,1.0,1.0,8.22,having three entities combines both brevity and rhythm with having the smallest amount of information to create a pattern,0.2,0.12,0.67,7.82,-0.8,-0.4000000000000003,-0.40000000000000036,数字/单位格式不一致（值相同）
5adf9ee75542992d7e9f93c0,2812,How many households does the network that Di-Gata Defenders plays on in South Africa reach?,1.5 million households,1.5 million,0.8,1.0,0.67,7.96,Nickelodeon (Africa),0.0,0.0,0.0,7.68,-0.8,-0.2800000000000002,-0.28000000000000025,实体跑偏/证据跑偏
5ab7d6ec5542995dae37e9b4,2815,When was the company that owns Bonifacio High Street founded?,1988,1988,1.0,1.0,1.0,7.77,Founded in 1988,0.5,0.33,1.0,7.54,-0.5,-0.2299999999999995,-0.22999999999999954,多余解释/冗余输出（Precision掉）
5a77415b55429966f1a36cd2,2816,What actor from Northern Ireland born in 1983 starred in Whole Lotta Sole?,"Martin ""Marty"" McCann",Martin McCann,0.8,1.0,0.67,8.0,Martin McCann (actor),0.67,0.67,0.67,7.94,-0.13,-0.0599999999999996,-0.05999999999999961,实体跑偏/证据跑偏
5ab3eb1955429969a97a81f6,2817,The comedy play written by Shakespeare titled Twelfth Night is also know by what name?,What You Will,or What You Will,0.86,0.75,1.0,7.78,"Twelfth Night, or What You Will",0.67,0.5,1.0,7.88,-0.1899999999999999,0.0999999999999996,0.09999999999999964,实体跑偏/证据跑偏
5a7bb7f2554299042af8f7b6,2818,"What Cantonese slang term can mean both ""ghost man"" and to refer to Westerners?",Gweilo,Gweilo,1.0,1.0,1.0,7.9,"Gweilo or gwailou (, pronounced ] )",0.4,0.25,1.0,7.67,-0.6,-0.2300000000000004,-0.23000000000000043,多余解释/冗余输出（Precision掉）
5a83dd2c554299334474609e,2825,Name five actors that worked with a German cinematographer?,"George Clooney, Thekla Reuten, Violante Placido, Irina Björklund, and Paolo Bonacelli","George Clooney, Ian Curtis, Alfred Hitchcock, Fritz Lang, and Anton Corbijn",0.27,0.27,0.27,8.62,"Alfred Hitchcock, Fritz Lang, Ian Curtis, George Clooney, Leni Riefenstahl",0.19,0.2,0.18,7.34,-0.08,-1.2799999999999994,-1.2799999999999994,实体跑偏/证据跑偏
5ae4c96355429913cc204506,2828,How many members does the lower house of the state legislature in which Samuel Leavitt served have?,400 members,400,0.67,1.0,0.5,7.93,The New Hampshire House of Representatives with 400 members,0.4,0.25,1.0,7.59,-0.27,-0.3399999999999998,-0.33999999999999986,数字/单位格式不一致（值相同）
5ae600325542992663a4f237,2836,What type of diary did one of the founders of the John Bishop Memorial Hospital in Srinagar write?,a travel diary,Travel Diary,1.0,1.0,1.0,8.06,"explorer, writer, photographer, and naturalist",0.0,0.0,0.0,7.84,-1.0,-0.2200000000000006,-0.22000000000000064,实体跑偏/证据跑偏
5ae1fb7a554299234fd04383,2837,What is the home town of a woman who guest-starred on Thug Mentality 1999?,Memphis,Memphis,1.0,1.0,1.0,7.73,Gangsta Boo,0.0,0.0,0.0,7.64,-1.0,-0.0900000000000007,-0.09000000000000075,实体跑偏/证据跑偏
5ade982f554299728e26c753,2839,Where was the rapper in 13 Dead Men from?,New Orleans,New Orleans,1.0,1.0,1.0,7.8,"New Orleans, Louisiana",0.8,0.67,1.0,7.37,-0.1999999999999999,-0.4299999999999997,-0.4299999999999997,多余解释/冗余输出（Precision掉）
5a74547755429979e2882900,2847,"the head football coach at the University of Houston from 2007 to 2011, is the current team coach of which football team ?",Texas A&M Aggies football,Texas A&M University,0.57,0.67,0.5,8.33,Kevin Sumlin,0.0,0.0,0.0,7.5,-0.57,-0.8300000000000001,-0.8300000000000001,实体跑偏/证据跑偏
5a7f38e255429930675136b6,2850,"The Ronkonkama railroad station and the town of Islip, New York are near?",Long Island,Long Island,1.0,1.0,1.0,7.55,"Ronkonkoma, New York",0.0,0.0,0.0,7.72,-1.0,0.1699999999999999,0.16999999999999993,实体跑偏/证据跑偏
5a70f0a75542994082a3e403,2852,"Which dialect spoken in the province of Scania calls Spettekaka, ""spiddekaga""?",Scanian dialects,Scanian,0.67,1.0,0.5,8.39,"spettkaka (""spiddekaga"" in native Scanian)",0.29,0.2,0.5,7.89,-0.38,-0.5000000000000009,-0.5000000000000009,实体跑偏/证据跑偏
5abea6a05542993f32c2a18d,2854,John Stark Regional High School serves the community in which New Hampshire county?,Merrimack,Merrimack,1.0,1.0,1.0,7.77,"serving the communities of Weare and Henniker, New Hampshire",0.0,0.0,0.0,7.52,-1.0,-0.25,-0.25,实体跑偏/证据跑偏
5a8bc0485542995d1e6f143d,2875,What continents are the Moneuptychia found in?,the Americas,Americas,1.0,1.0,1.0,8.0,Neotropical realm,0.0,0.0,0.0,7.95,-1.0,-0.0499999999999998,-0.04999999999999982,实体跑偏/证据跑偏
5aba92da55429901930fa840,2876,When did Gemma Ortega's Holocaust novel translation first receive best selling book of the year in Spain?,2007,2007,1.0,1.0,1.0,8.1,"In both 2007 and 2008, it was the best selling book of the year in Spain",0.13,0.07,1.0,7.51,-0.87,-0.5899999999999999,-0.5899999999999999,多余解释/冗余输出（Precision掉）
5abda2b755429933744ab80f,2881,Hermann Wilhelm Göring was a veteran fighter pilot in a war that ended in what year?,1918,1918,1.0,1.0,1.0,8.08,World War I,0.0,0.0,0.0,7.68,-1.0,-0.4000000000000003,-0.40000000000000036,实体跑偏/证据跑偏
5a8bc1b85542997f31a41db8,2886,Which one between Milium and Eucommia lives more widely spread across the world?,Milium,Milium,1.0,1.0,1.0,8.03,"Eurasian, North American, and North African plants",0.0,0.0,0.0,7.81,-1.0,-0.2199999999999997,-0.21999999999999975,实体跑偏/证据跑偏
5a88a4e65542997e5c09a671,2888,The boxer that defeated Oliver Lavigilante in the 2012 Summer Olympics is of what nationality?,a Ghanaian boxer,Ghanaian,0.67,1.0,0.5,8.47,Duke Micah,0.0,0.0,0.0,7.66,-0.67,-0.8100000000000005,-0.8100000000000005,实体跑偏/证据跑偏
5a8c5be0554299653c1aa04b,2892,"The player also known as  ""O Fenômeno"" is responsible for popularized a soccer move first reported to be used by what player?",Law Adam,Law Adam,1.0,1.0,1.0,7.98,"It was later also used in Italy by Amedeo Biavati in the 1930s, earning the nickname ""Adam the Scissorsman"", and it was popularised in the mid-1990s by global superstar Ronaldo",0.07,0.04,0.5,7.96,-0.93,-0.0200000000000004,-0.020000000000000462,实体跑偏/证据跑偏
5ac375495542995ef918c1a3,2896,"Ekaterina Alexeyevna Davydova skated with which 2006 Olympic champion, two-time World champion, three-time Grand Prix Final champion, and three-time European champion?",Roman Kostomarov,Roman Kostomarov,1.0,1.0,1.0,7.75,With partner Roman Kostomarov,0.67,0.5,1.0,7.58,-0.3299999999999999,-0.1699999999999999,-0.16999999999999993,多余解释/冗余输出（Precision掉）
5ae6443355429908198fa563,2907,"Which king of Northumbria, who possibly became king while a still a child, attempted to have Eardwulf of Northumbria assassinated?",Æthelred I,Æthelred I,1.0,1.0,1.0,8.12,He may have had a second reign from 808 until perhaps 811 or 830,0.0,0.0,0.0,7.84,-1.0,-0.2799999999999993,-0.27999999999999936,实体跑偏/证据跑偏
5adf86b45542993344016cc1,2910,Who was the fourth son of the lord of the Seventeen Provinces of the Netherlands in 1555?,Diego Félix of Austria,Diego Félix of Austria,1.0,1.0,1.0,9.19,"Diego Félix of Austria, Prince of Asturias and Portugal",0.62,0.44,1.0,8.82,-0.38,-0.3699999999999992,-0.3699999999999992,多余解释/冗余输出（Precision掉）
5a7f296f55429934daa2fd10,2911,Live Wire Radio will possibly be considered as a replacement for a variety show created in what year?,1974,1974,1.0,1.0,1.0,7.93,A Prairie Home Companion,0.0,0.0,0.0,7.41,-1.0,-0.5199999999999996,-0.5199999999999996,实体跑偏/证据跑偏
5ab67f0055429953192ad2d8,2913,"Stoke Extinguisher is what type of musical recording that contains more tracks than a single, but is usually unqualified as an album or LP?",extended play,Extended play (EP),0.8,0.67,1.0,7.89,EP,0.0,0.0,0.0,7.35,-0.8,-0.54,-0.54,实体跑偏/证据跑偏
5ae6808f5542995703ce8b6b,2914,Which is the Birthplace of Sir Isaac Newton and has a neighboring village called Belvor?,Woolsthorpe,Woolsthorpe-by-Colsterworth,0.5,0.33,1.0,8.99,Woolsthorpe Manor in Woolsthorpe-by-Colsterworth,0.29,0.17,1.0,8.25,-0.21,-0.7400000000000002,-0.7400000000000002,实体跑偏/证据跑偏
5adfc77b554299603e4183ab,2915,Is Edison Sault Power Canal somehow linked with or used with the Cayuga–Seneca Canal?,no,no,1.0,1.0,1.0,8.91,A,0.0,0.0,0.0,7.9,-1.0,-1.0099999999999998,-1.0099999999999998,实体跑偏/证据跑偏
5ae5ff635542996de7b71ace,2929,Chuck Berry House was where the 1957 hit single that reached what ranking on the R&B singles chart was composed?,number 8,number 6,0.5,0.5,0.5,8.41,"The house was Berry's home when he wrote and first performed the majority of songs with which he is identified, including ""Maybellene"" (1955), ""Roll Over Beethoven"" (1956), ""Too Much Monkey Business"" (1956), ""Rock and Roll Music"" (1957), ""School Day"" (1957), ""Sweet Little Sixteen"" (1958), and ""Johnny B. Goode"" (1958)",0.0,0.0,0.0,8.41,-0.5,0.0,0.0,数字取值错误（值不同）
5a7796e05542992a6e59df0f,2941,What country is the theme park served by the Huis Ten Bosch train service themed on?,Netherlands,Netherlands,1.0,1.0,1.0,8.15,Japan,0.0,0.0,0.0,7.61,-1.0,-0.54,-0.54,实体跑偏/证据跑偏
5a83587f5542990548d0b1de,2950,When was the college which Albert Simons taught at founded?,1770,1770,1.0,1.0,1.0,8.2,Founded in 1770 and chartered in 1785,0.25,0.14,1.0,8.01,-0.75,-0.1899999999999995,-0.1899999999999995,多余解释/冗余输出（Precision掉）
5a89e2ba5542992e4fca8441,2959,Hugh Milburn Stone stared ina tv series created by what writer?,John Meston,John Meston,1.0,1.0,1.0,8.95,writer John Meston,0.8,0.67,1.0,7.4,-0.1999999999999999,-1.549999999999999,-1.549999999999999,多余解释/冗余输出（Precision掉）
5a7e4af3554299495941998c,2969,The founder of the Ali Akbar College of Music was known for his virtuosity in what musical instrument?,the sarod,sarod,1.0,1.0,1.0,7.44,playing the sarod,0.67,0.5,1.0,7.45,-0.3299999999999999,0.0099999999999997,0.009999999999999787,实体跑偏/证据跑偏
5a8ba9d255429971feec4759,2971,Camp Courtney was named after the Major killed in action at the battle codenamed what?,Operation Iceberg,Operation Iceberg,1.0,1.0,1.0,7.93,Battle of Okinawa,0.0,0.0,0.0,7.26,-1.0,-0.6699999999999999,-0.6699999999999999,实体跑偏/证据跑偏
5ae206c45542994d89d5b311,3006,"Through which Tv series, one of the stars of Whats up korean film Kim Ji-won gained attention?","""The Heirs"" (2013)",The Heirs,0.67,1.0,0.5,8.82,"She gained attention through her roles in television series ""The Heirs"" (2013), ""Descendants of the Sun"" (2016) and ""Fight for My Way"" (2017)",0.17,0.1,1.0,8.03,-0.5,-0.7900000000000009,-0.7900000000000009,数字/单位格式不一致（值相同）
5ae15ae25542990adbacf767,3020,How many records did Shane Lynch sell as a member of Boyzone?,25 million,25 million,1.0,1.0,1.0,8.52,25 million records,0.8,0.67,1.0,7.71,-0.1999999999999999,-0.8099999999999996,-0.8099999999999996,多余解释/冗余输出（Precision掉）
5a721e0e55429971e9dc928d,3028,which university was founded first Duke University or Tufts University?,Duke University,Duke University,1.0,1.0,1.0,7.81,Tufts University,0.5,0.5,0.5,7.6,-0.5,-0.2099999999999999,-0.20999999999999996,实体跑偏/证据跑偏
5a7b88a85542995eb53be954,3035,What year did Francesca Caccini's father die?,1618,1618,1.0,1.0,1.0,8.07,buried 10 December 1618,0.4,0.25,1.0,7.67,-0.6,-0.4000000000000003,-0.40000000000000036,多余解释/冗余输出（Precision掉）
5aba89d555429901930fa816,3041,One of the members of Dru Hill is nicknamed after which cartoon character?,Woody Woodpecker,Woody Woodpecker,1.0,1.0,1.0,8.61,Woody Rock,0.5,0.5,0.5,8.0,-0.5,-0.6099999999999994,-0.6099999999999994,实体跑偏/证据跑偏
5ac2660d55429951e9e685a1,3043,"which American actress, singer, and songwriter too the tour of  I Stand tour",Idina Kim Menzel,Idina Menzel,0.8,1.0,0.67,7.99,American actress and singer Idina Menzel,0.44,0.33,0.67,7.63,-0.36,-0.3600000000000003,-0.3600000000000003,实体跑偏/证据跑偏
5ae13b085542997b2ef7d146,3050,The Combs–Hehl Bridge is a twin span single pier cantilever bridge carrying an intersate loop that encloses and area of over how many acres?,"250,000","250,000",1.0,1.0,1.0,7.79,"over 250,000 acres",0.5,0.33,1.0,7.52,-0.5,-0.2700000000000004,-0.27000000000000046,多余解释/冗余输出（Precision掉）
5a902e755542995651fb50de,3056,Shadi Attieh is often referred to as the Lebanese version of a footballer who plays for what Major League Soccer team?,Los Angeles Galaxy,Los Angeles Galaxy,1.0,1.0,1.0,7.9,"the ""Lebanese Ashley Cole",0.0,0.0,0.0,7.7,-1.0,-0.2000000000000001,-0.20000000000000018,实体跑偏/证据跑偏
5adf32ee5542995534e8c767,3061,What is the name of the national level academy for performing arts that Bhupen Hazarika won his award in 2008?,Sangeet Natak Akademi,Sangeet Natak Akademi,1.0,1.0,1.0,8.15,"The National Academy for Music, Dance and Drama",0.0,0.0,0.0,7.67,-1.0,-0.4800000000000004,-0.4800000000000004,同义词/别名未规范化
5ab862b35542990e739ec8db,3065,"Wild About Harry stars an actor born September 28, 1992 who appeared in what in 2006?",Kill Your Darlings,Kill Your Darlings,1.0,1.0,1.0,8.04,Skye McCole Bartusiak,0.0,0.0,0.0,7.73,-1.0,-0.3099999999999987,-0.3099999999999987,实体跑偏/证据跑偏
5a7b8cc7554299294a54a9ea,3070,"Mr. Wilson's Cabinet of Wonder: Pronged Ants, Horned Humans, Mice on Toast, and Other Marvels of Jurassic Technology is a book about a museum that is located in which city ?",Los Angeles,Los Angeles,1.0,1.0,1.0,8.08,"Los Angeles, California",0.8,0.67,1.0,7.77,-0.1999999999999999,-0.3100000000000005,-0.3100000000000005,多余解释/冗余输出（Precision掉）
5a82301155429926c1cdae4a,3074,How much was Ammon Bundy's son ordered to pay in grazing fees?,over $1 million,Over $1 million,1.0,1.0,1.0,7.92,"He is known for having participated in the 2014 Bundy Standoff in Nevada, an armed standoff with federal and state law enforcement over defaulted grazing fees",0.07,0.04,0.33,7.91,-0.93,-0.0099999999999997,-0.009999999999999787,数字取值错误（值不同）
5ab7452b5542992aa3b8c806,3084,Brahmarshi Vishwamitra is a 1991 film produced & directed by a man that served as Chief Minister of Andhra Pradesh for how many years?,seven,Seven,1.0,1.0,1.0,8.05,N. T. Rama Rao,0.0,0.0,0.0,7.5,-1.0,-0.5500000000000007,-0.5500000000000007,同义词/别名未规范化
5ae1367055429901ffe4adf3,3086,John Rhys-Davies played General Pushkin in the Bond Film that starred whom as James Bond?,Timothy Dalton,Timothy Dalton,1.0,1.0,1.0,8.16,"General Leonid Pushkin in the James Bond film ""The Living Daylights",0.0,0.0,0.0,7.87,-1.0,-0.29,-0.29000000000000004,实体跑偏/证据跑偏
5ab6fcf55542991d32223718,3093,Which movie produced by Esta Malka Charkham was the first to star a woman as the lead role?,Supergirl,Supergirl,1.0,1.0,1.0,7.96,None mentioned,0.0,0.0,0.0,7.71,-1.0,-0.25,-0.25,实体跑偏/证据跑偏
5a8313a755429954d2e2ec06,3094,Mischa Anne Barton's first major film role was the protagonist of a movie written by who?,Naomi Wallace,Naomi Wallace,1.0,1.0,1.0,7.99,Lawn Dogs,0.0,0.0,0.0,7.67,-1.0,-0.3200000000000003,-0.3200000000000003,实体跑偏/证据跑偏
5a8c7ced5542995e66a4761c,3101,Josh Trank and Mike Valerio both work in what industry?,entertainment,Entertainment,1.0,1.0,1.0,8.38,entertainment industry,0.67,0.5,1.0,8.04,-0.3299999999999999,-0.3400000000000016,-0.34000000000000163,多余解释/冗余输出（Precision掉）
5ae51b495542993aec5ec146,3126,"On December 4, 1872, the ship Mary Celeste, captained by Benjamin Briggs, was found unmanned and drifting in the Altantic Ocean near what location?",Straits of Gibraltar,Straits of Gibraltar,1.0,1.0,1.0,8.01,Atlantic Ocean near the Straits of Gibraltar,0.67,0.5,1.0,7.77,-0.3299999999999999,-0.2400000000000002,-0.2400000000000002,多余解释/冗余输出（Precision掉）
5ae0c1be5542993d6555ec42,3132,The 2008 American romantic drama film directed by David Fincher won what directing award?,Academy Award for Best Art Direction,Academy Award,0.5,1.0,0.33,8.35,"Additionally, he and Baxter were nominated the Academy Award for Best Film Editing",0.44,0.33,0.67,7.82,-0.06,-0.5299999999999994,-0.5299999999999994,实体跑偏/证据跑偏
5a907bf05542995651fb5164,3140,"How many miles does the train, which passes through the Amtrak Jacksonville station and shares the track with the Silver Meteor, run?",1522,1522,1.0,1.0,1.0,8.07,1522 mi,0.67,0.5,1.0,7.68,-0.3299999999999999,-0.3900000000000005,-0.39000000000000057,多余解释/冗余输出（Precision掉）
5ae05c9f55429945ae959348,3143,What is the capitol of the district that also includes the village of Shienga?,Gambaga,Gambaga,1.0,1.0,1.0,7.71,The capital is Gambaga,0.5,0.33,1.0,7.49,-0.5,-0.2199999999999997,-0.21999999999999975,多余解释/冗余输出（Precision掉）
5abf30185542990832d3a13f,3144,Lou Cutell appeared on the third episode of the ninth season of an CBS sitcom that was what number episode overall?,187th,187th,1.0,1.0,1.0,8.14,Last Time in New York,0.0,0.0,0.0,7.91,-1.0,-0.2300000000000004,-0.23000000000000043,实体跑偏/证据跑偏
5ade66e1554299728e26c713,3156,"What years did Jose Gonzalo Rodriguez Gacha and other leaders of fthe Medallin Cartel operate in Boliva, Colombia, Central America, Peru, the United States, Canada, and Europe?",1970s and 1980s,1970s-1980s,0.8,1.0,0.67,8.26,The drug cartel operated throughout the 1970s and 1980s,0.6,0.43,1.0,8.11,-0.2,-0.1500000000000003,-0.15000000000000036,数字/单位格式不一致（值相同）
5a89e6615542992e4fca8462,3173,In what year was the county in which Kentucky's 20th-largest city is located founded?,1822,1822,1.0,1.0,1.0,8.03,November 1822,0.67,0.5,1.0,7.73,-0.3299999999999999,-0.2999999999999989,-0.29999999999999893,多余解释/冗余输出（Precision掉）
5ae361dc5542992f92d822aa,3174,The Facts Behind the Helsinki Roccamatios was published by the creator of the award-winning fantasy adventure novel that was published in what year?,2001,2001,1.0,1.0,1.0,7.96,Knopf Canada in the spring of 1993,0.0,0.0,0.0,7.93,-1.0,-0.0300000000000002,-0.03000000000000025,数字取值错误（值不同）
5a9042825542990a984935d6,3180,What is the rule that makes a major difference between the National League and the American League that allows another player to bat for the pitcher?,the designated hitter rule,Designated hitter rule,1.0,1.0,1.0,8.21,"Under the rule, a team may use a batter in their lineup who is not in the field defensively",0.11,0.07,0.33,7.82,-0.89,-0.3900000000000005,-0.39000000000000057,实体跑偏/证据跑偏
5ade286e5542997c77aded81,3185,Which band has been around longer Catfish and the Bottlemen or The Lumineers?,The Lumineers,The Lumineers,1.0,1.0,1.0,8.33,Catfish and the Bottlemen,0.0,0.0,0.0,7.87,-1.0,-0.4599999999999999,-0.45999999999999996,实体跑偏/证据跑偏
5ab41677554299753aec5a38,3202,"Where was the air-cooled version of a weapon system used on the HMAS ""Narani"" found?",World War I fighter aircraft.,Allied World War I fighter aircraft,0.91,0.83,1.0,8.03,on many Allied World War I fighter aircraft,0.77,0.62,1.0,7.91,-0.14,-0.1199999999999992,-0.11999999999999922,实体跑偏/证据跑偏
5abae1e65542996cc5e49ed2,3203,JSOC was created on the recommendation of a colonel who served in the Malayan Emergency and what other war?,Vietnam War,Vietnam War,1.0,1.0,1.0,8.14,serving in the Malayan Emergency and the Vietnam War,0.44,0.29,1.0,7.73,-0.56,-0.4100000000000001,-0.41000000000000014,多余解释/冗余输出（Precision掉）
5ab6b59f5542995eadef0065,3211,Lost Someone was written by James Brown and an American R&B/soul singer who began his career in 1952 as a member of what gospel group?,Gospel Starlighters,Gospel Starlighters,1.0,1.0,1.0,8.02,Bobby Byrd the Gospel Starlighters,0.67,0.5,1.0,7.8,-0.3299999999999999,-0.2199999999999997,-0.21999999999999975,多余解释/冗余输出（Precision掉）
5a7a94f155429941d65f26ca,3214,What is the altitude of the town in England that has Leadgate between it and Garrigill?,"about 1,000 ft above sea level",over 1000 feet,0.22,0.33,0.17,8.36,mostly at an altitude of over 1000 feet,0.15,0.14,0.17,8.0,-0.07,-0.3599999999999994,-0.35999999999999943,数字取值错误（值不同）
5ab56b3a554299637185c585,3220,Matt McKenzie had a role on the television show that focused on the lives of teenage friends from what Wisconsin town?,Point Place,Point Place,1.0,1.0,1.0,7.7,That '70s Show,0.0,0.0,0.0,7.61,-1.0,-0.0899999999999998,-0.08999999999999986,实体跑偏/证据跑偏
5a8adbf55542992d82986fab,3222,"Hans Florian Zimmer composed The original music score for  Pacific Heights, since the 19080's how many films has he composed music for?",over 150 films,Over 150 films,1.0,1.0,1.0,8.0,"Since the 1980s, he has composed music for over 150 films",0.46,0.3,1.0,7.75,-0.54,-0.25,-0.25,多余解释/冗余输出（Precision掉）
5a8b19f45542996c9b8d5f9e,3226,Stewart Nozette is currenlty serving time in a correctional facility operated by which government agency?,the Federal Bureau of Prisons,Federal,0.4,1.0,0.25,7.97,"Federal Correctional Institution, Terre Haute",0.22,0.2,0.25,7.8,-0.18,-0.1699999999999999,-0.16999999999999993,实体跑偏/证据跑偏
5ac55ea55542993e66e82377,3228,Pacific Mozart Ensemble performed which German composer's Der Lindberghflug in 2002?,Kurt Julian Weill,Kurt Weill,0.8,1.0,0.67,7.93,Kurt Weill’s,0.4,0.5,0.33,7.74,-0.4,-0.1899999999999995,-0.1899999999999995,实体跑偏/证据跑偏
5a74cfed5542993748c896ea,3235,"Which musician or band is from further north, Matthew Good or Modern Baseball?",Matthew Good,Matthew Good,1.0,1.0,1.0,7.9,Matthew Good Band,0.8,0.67,1.0,7.38,-0.1999999999999999,-0.5200000000000005,-0.5200000000000005,多余解释/冗余输出（Precision掉）
5ae2ce505542996483e64a72,3237,In which year was this public research university in which Brock Marion played college football founded?,1874,1874,1.0,1.0,1.0,7.96,"University of Nevada, Reno",0.0,0.0,0.0,7.67,-1.0,-0.29,-0.29000000000000004,实体跑偏/证据跑偏
5a84f6c55542997175ce1f36,3241,Geoffrey Serle wrote a biography about which Australian military commander who planned the Allied attack at the Battle of Amiens in 1918?,John Monash,John Monash,1.0,1.0,1.0,8.1,General Sir John Monash,0.67,0.5,1.0,7.4,-0.3299999999999999,-0.6999999999999993,-0.6999999999999993,多余解释/冗余输出（Precision掉）
5ab514c05542991779162d72,3246,The school in which the Wilmslow Show is held is designated as what?,Centre of Excellence,Centre of Excellence,1.0,1.0,1.0,7.97,Wilmslow High School,0.0,0.0,0.0,7.64,-1.0,-0.33,-0.33000000000000007,实体跑偏/证据跑偏
5ab6e865554299710c8d1fad,3251,Between Danny Elfman and Fran Healy who has worked in more diverse fields?,Elfman,Danny Elfman,0.67,0.5,1.0,8.69,"According to the context, Fran Healy (musician) has worked in more diverse fields",0.0,0.0,0.0,8.0,-0.67,-0.6899999999999995,-0.6899999999999995,实体跑偏/证据跑偏
5ac458f8554299204fd21f2a,3257,What is the relationship of Yeshahework Yilma's mother to the man who was Ethiopia's emperor from 1930 to 1974?,niece,Niece,1.0,1.0,1.0,8.11,niece of Emperor Haile Selassie of Ethiopia,0.25,0.14,1.0,7.81,-0.75,-0.2999999999999998,-0.2999999999999998,多余解释/冗余输出（Precision掉）
5ae4a2d05542995ad6573de1,3258,"Bridger, Gallatin County, Montana comprises the ski area that serves which college?",Montana State University.,Montana State University,1.0,1.0,1.0,8.22,Bridger Bowl Ski Area,0.0,0.0,0.0,7.94,-1.0,-0.2800000000000002,-0.28000000000000025,实体跑偏/证据跑偏
5a8c42d7554299240d9c20f5,3259,"How long does the lower level degree program, offered at Helene Fuld College of Nursing, typically last?",two years,Two years,1.0,1.0,1.0,8.04,An associate degree (or associate's degree) is an undergraduate academic degree awarded by colleges and universities upon completion of a course of study intended to usually last two years,0.14,0.08,1.0,8.08,-0.86,0.0400000000000009,0.040000000000000924,多余解释/冗余输出（Precision掉）
5ab26a4b55429970612095fc,3262,Tile Kolup pretended to be a member of what House?,Hohenstaufen,Hohenstaufen,1.0,1.0,1.0,8.01,House of Hohenstaufen,0.5,0.33,1.0,7.81,-0.5,-0.2000000000000001,-0.20000000000000018,多余解释/冗余输出（Precision掉）
5a8a19c45542992e4fca8501,3271,Are either The Pogues or Pillar an electronic dance music group?,no,no,1.0,1.0,1.0,9.21,Neither,0.0,0.0,0.0,8.5,-1.0,-0.7100000000000009,-0.7100000000000009,实体跑偏/证据跑偏
5a80274e5542992e7d278dfb,3275,Follow the Yellow Brick Road Tour is taking place to commemorate the album that was recorded where?,Château d'Hérouville,Château d'Hérouville,1.0,1.0,1.0,7.91,after problems recording at the intended location of Jamaica,0.0,0.0,0.0,7.85,-1.0,-0.0600000000000005,-0.0600000000000005,实体跑偏/证据跑偏
5ab8750255429934fafe6dd1,3279,What is the southern border of the neighborhood that the Bruce Silverstein Gallery is located in?,14th Street,West Street,0.5,0.5,0.5,8.32,Chelsea,0.0,0.0,0.0,7.6,-0.5,-0.7200000000000006,-0.7200000000000006,实体跑偏/证据跑偏
5a7f7c285542994857a76746,3285,California joined the Union due to the passage of a package of how many separate bills?,five,five,1.0,1.0,1.0,8.24,five separate bills,0.5,0.33,1.0,7.87,-0.5,-0.3700000000000001,-0.3700000000000001,多余解释/冗余输出（Precision掉）
5abd8ee05542993062266cc8,3293,"What village in Nassau County, New York with a name meaning ""a pleasant place"" is represented by Kathleen Rice in the United States House of Representatives?",Mineola,Mineola,1.0,1.0,1.0,7.95,"Mineola, New York",0.5,0.33,1.0,7.6,-0.5,-0.3500000000000005,-0.35000000000000053,多余解释/冗余输出（Precision掉）
5ab2ed62554299166977413a,3295,Who designed the 1954 Plymouth Explorer produced by the Chrysler Corporation?,Luigi Segre,Luigi Segre,1.0,1.0,1.0,8.15,Luigi Segre at Carrozzeria Ghia,0.57,0.4,1.0,7.89,-0.43,-0.2600000000000007,-0.2600000000000007,多余解释/冗余输出（Precision掉）
5a85e5345542991dd0999ebb,3296,Which mechanical device which engages and disengages power transmission  uses brake fluid?,hydraulic clutch,Clutch,0.67,1.0,0.5,8.36,A clutch is a mechanical device which engages and disengages power transmission especially from driving shaft to driven shaft,0.11,0.06,0.5,7.94,-0.56,-0.419999999999999,-0.41999999999999904,实体跑偏/证据跑偏
5ac562115542993e66e823bf,3298,"The moon represents my heart is a mandarin song made famous by Teresa Teng, what other language does she sing in?","Taiwanese Hokkien, Cantonese, Japanese, Indonesian and English","Taiwanese Hokkien, Cantonese, Japanese, Indonesian, English",0.92,1.0,0.86,8.29,"She recorded songs not only in her native Mandarin but also in Taiwanese Hokkien, Cantonese, Japanese, Indonesian and English",0.54,0.37,1.0,7.41,-0.38,-0.879999999999999,-0.879999999999999,实体跑偏/证据跑偏
5ab3589455429976abd1bc93,3299,What is a common feature of both the Iron Rattler's inversion and a barrel roll?,combination of a loop and a roll,Combination of loop and roll,1.0,1.0,1.0,8.21,"sometimes described as a ""combination of a loop and a roll",0.77,0.62,1.0,7.92,-0.2299999999999999,-0.2900000000000009,-0.2900000000000009,实体跑偏/证据跑偏
5ae4606c5542996836b02c91,3303,"Where was the company, of which David DeVoe is Chief Financial Officer, ranked in the world, in 2014, in terms of revenue, against similar types of company ?",fourth-largest,Fourth-largest,1.0,1.0,1.0,7.48,The world's fourth-largest media group,0.57,0.4,1.0,7.54,-0.43,0.0599999999999996,0.05999999999999961,多余解释/冗余输出（Precision掉）
5adc1af75542994650320c75,3313,"In which year was this single by Cher, written by  Brian Higgins and included in the album The Very Best of Cher, released?",1998,1998,1.0,1.0,1.0,8.06,"April 1, 2003",0.0,0.0,0.0,7.82,-1.0,-0.2400000000000002,-0.2400000000000002,数字取值错误（值不同）
5a8463945542992ef85e23d9,3322,The Dying Swan is a famous solo associated with Anna Pavlova. Whose music is it based on?,Camille Saint-Saëns,Camille Saint-Saëns,1.0,1.0,1.0,8.5,"Camille Saint-Saëns's ""Le Cygne"" from ""Le Carnaval des animaux",0.31,0.2,0.67,7.92,-0.69,-0.5800000000000001,-0.5800000000000001,多余解释/冗余输出（Precision掉）
5ae0ba1155429924de1b7156,3327,Leonard Logsdail had a cameo role in the biographical film directed by whom?,Martin Scorsese,Martin Scorsese,1.0,1.0,1.0,8.02,"The Wolf of Wall Street, Martin Scorsese",0.5,0.33,1.0,7.67,-0.5,-0.3499999999999996,-0.34999999999999964,多余解释/冗余输出（Precision掉）
5a7f00b455429930675135f1,3330,Which Hells Angel member stabbed and beat an attendant of the 1969 counterculture-era rock concert in the United States?,Alan Passaro,Alan Passaro,1.0,1.0,1.0,7.97,He was stabbed and beaten to death by Hells Angel Alan Passaro,0.29,0.17,1.0,7.64,-0.71,-0.33,-0.33000000000000007,多余解释/冗余输出（Precision掉）
5a7e782655429934daa2fc26,3332,"How many acres did this plantation consist of, in which the Honourable The Irish Society was set up to colonise County Londonberry?",half a million acres,Half a million acres,1.0,1.0,1.0,8.39,an estimated half a million acres,0.86,0.75,1.0,7.53,-0.14,-0.8600000000000003,-0.8600000000000003,多余解释/冗余输出（Precision掉）
5a86038455429960ec39b600,3336,The winner of the the London Riders' Championship in 1953 scored how many points in the 1952 Individual Speedway World Championship?,14,14,1.0,1.0,1.0,7.58,Australian rider Jack Young became the first ever dual winner (and the first to win two in a row) when he won his second straight World Championship after scoring **14** points,0.07,0.04,1.0,7.3,-0.93,-0.2800000000000002,-0.28000000000000025,多余解释/冗余输出（Precision掉）
5a7182b65542994082a3e85b,3344,How many European Jews died in the catastrophe of which Eva Hayman is a survivor?,six million,Six million,1.0,1.0,1.0,8.1,some six million European Jews,0.57,0.4,1.0,7.84,-0.43,-0.2599999999999998,-0.2599999999999998,多余解释/冗余输出（Precision掉）
5a81d51a55429903bc27b9d2,3347,"Brinckerhoff, New Yorkhad a role in a CBS sitcom created by whom?",Justin Adler,Justin Adler,1.0,1.0,1.0,8.06,Life in Pieces,0.0,0.0,0.0,7.6,-1.0,-0.4600000000000008,-0.46000000000000085,实体跑偏/证据跑偏
5a90ad595542990a9849368b,3355,How many people go through the airport where Darwin Airline's headquarters are located?,"200,000","200,000",1.0,1.0,1.0,8.22,"Around 200,000 passengers use the airport each year",0.25,0.14,1.0,7.69,-0.75,-0.5300000000000002,-0.5300000000000002,多余解释/冗余输出（Precision掉）
5adcd5005542994d58a2f6f0,3356,Who voices the character that stars in Baseball Bugs?,Mel Blanc,Mel Blanc,1.0,1.0,1.0,7.46,voiced originally by Mel Blanc,0.57,0.4,1.0,7.59,-0.43,0.1299999999999999,0.1299999999999999,多余解释/冗余输出（Precision掉）
5a840e8a5542992ef85e239e,3359,"Between two bands, Mastodon and Hole, which one has more members?",Mastodon,Mastodon,1.0,1.0,1.0,7.91,The band had a revolving line-up of bassists and drummers,0.0,0.0,0.0,7.71,-1.0,-0.2000000000000001,-0.20000000000000018,实体跑偏/证据跑偏
5ae20c465542997283cd236a,3370,What type of film is Jordan Roberts 2017 film release?,3D computer-animated comedy,Animated,0.4,1.0,0.25,8.32,Academy Award-winning animated Disney film,0.2,0.17,0.25,7.68,-0.2,-0.6400000000000006,-0.6400000000000006,实体跑偏/证据跑偏
5a89e57f5542992e4fca845d,3377,The people for whom pap is a staple food speak a language that is a major branch of what language family?,Niger–Congo,Niger-Congo,1.0,1.0,1.0,7.82,"Bantu languages, a major branch of the Niger–Congo language family",0.36,0.22,1.0,7.84,-0.64,0.0199999999999995,0.019999999999999574,多余解释/冗余输出（Precision掉）
5a7f48e15542992e7d278ce6,3382,Brad Elterman is a professional photographer who addressed the rock 'n' roll lifestyle of a band that became noted for what?,its eclectic mix of musical styles,Blondie's eclectic mix,0.44,0.67,0.33,8.4,Blondie,0.0,0.0,0.0,7.54,-0.44,-0.8600000000000003,-0.8600000000000003,实体跑偏/证据跑偏
5ab729335542993667793f5a,3394,What kind of musician does Robert Plant discography and John Bonham have in common?,drummer,Rock drummer,0.67,0.5,1.0,8.86,English musician,0.0,0.0,0.0,7.91,-0.67,-0.9499999999999992,-0.9499999999999993,实体跑偏/证据跑偏
5a83bfc8554299123d8c21a1,3398,"What is the worth of the logo that appears alongside the ""Just Do It"" slogan?",$26 billion,$26 billion,1.0,1.0,1.0,7.93,having a worth of $26 billion alone,0.5,0.33,1.0,7.94,-0.5,0.0100000000000006,0.010000000000000675,多余解释/冗余输出（Precision掉）
5adddf5d5542997dc7907078,3418,"Which sports station was the host of The Late Show, prior to Damien Fahey, an anchor for?",ESPN,ESPN,1.0,1.0,1.0,7.92,"ESPN's ""SportsCenter",0.0,0.0,0.0,7.59,-1.0,-0.33,-0.33000000000000007,多余解释/冗余输出（Precision掉）
5a815f445542995ce29dcbec,3439,"Aside from the all-NBA third team member in 1995 who was also a three-time NBA All-Star and the NBA Sixth Man of the Year twice, which other two players were selected for the 1997 NBA All-Star Game from the Seattle SuperSonics?","Gary Payton, Shawn Kemp","Gary Payton, Shawn Kemp",1.0,1.0,1.0,7.95,"Gary Payton, Shawn Kemp and Detlef Schrempf",0.73,0.57,1.0,7.72,-0.27,-0.2300000000000004,-0.23000000000000043,多余解释/冗余输出（Precision掉）
5a8842435542994846c1ce6d,3440,What was the 2010 population of the city established around St. Mary's Mission?,"2,627","2,627",1.0,1.0,1.0,7.88,"As of the 2010 census, the city population was 2,627",0.22,0.12,1.0,7.58,-0.78,-0.2999999999999998,-0.2999999999999998,多余解释/冗余输出（Precision掉）
5a807f6a5542992bc0c4a737,3448,The HMS Seraph is most famous for a WWII operation intended to cover the allied invasion of Sicily in what year?,1943,1943,1.0,1.0,1.0,8.41,during World War II,0.0,0.0,0.0,8.07,-1.0,-0.3399999999999998,-0.33999999999999986,同义词/别名未规范化
5a862b0b554299211dda2a98,3452,The current home ground of the Salford Red Devils was built for what season?,the 2012 season,2012,0.67,1.0,0.5,8.76,"Their home ground since 2012 has been the AJ Bell Stadium in Barton-upon-Irwell, before which they played at the Willows in Weaste",0.08,0.05,0.5,8.06,-0.5900000000000001,-0.6999999999999993,-0.6999999999999993,数字/单位格式不一致（值相同）
5ac264195542992f1f2b38a5,3455,Which song that John Kirby scored  is often the final piece of music played during an evening of revelry?,"""Loch Lomond""",Loch Lomond,1.0,1.0,1.0,7.84,The Bonnie Banks o' Loch Lomond,0.57,0.4,1.0,7.62,-0.43,-0.2199999999999997,-0.21999999999999975,多余解释/冗余输出（Precision掉）
5ae129115542990adbacf722,3457,A Pair of Brown Eyes and Wild Mountain Thyme is based from what artists song?,Francis McPeake,Francis McPeake,1.0,1.0,1.0,8.11,"on the melody of ""Wild Mountain Thyme"", also known as ""Will Ye Go Lassie Go,"" a song by Francis McPeake in a traditional Irish folk style",0.16,0.09,1.0,8.07,-0.84,-0.0399999999999991,-0.03999999999999915,多余解释/冗余输出（Precision掉）
5ae306115542992decbdcdc4,3459,What is the brand who makes canned meats that had its own cook off in Austin until 2007?,Hormel Foods Corporation,Hormel Foods Corporation,1.0,1.0,1.0,8.06,SPAM,0.0,0.0,0.0,7.82,-1.0,-0.2400000000000002,-0.2400000000000002,同义词/别名未规范化
5a7da98e5542990b8f503a17,3474,What crossroads is the town located 10 km north of the Charcoal Tank Nature Reserve located?,Newell Highway,Newell Highway,1.0,1.0,1.0,7.92,"The Newell Highway between Melbourne and Brisbane, and the Mid-Western Highway between Sydney and Adelaide",0.25,0.14,1.0,7.81,-0.75,-0.1100000000000003,-0.11000000000000032,多余解释/冗余输出（Precision掉）
5a88e7a55542993b751ca8ca,3478,"Where was the 2015 MSA Formula Championship, a multi-event, Formula 4 open-wheel single seater motor racing championship held?",England and Scotland,England and Scotland,1.0,1.0,1.0,8.02,across England and Scotland,0.86,0.75,1.0,7.45,-0.14,-0.5699999999999994,-0.5699999999999994,多余解释/冗余输出（Precision掉）
5a7c4a6455429907fabeef53,3484,"Before moving to Boston to play at the New England Patriots, in which city did Dean Caliguire play his college and NFL football?",Pittsburgh,Pittsburgh,1.0,1.0,1.0,7.96,"McKees Rocks, Pennsylvania",0.0,0.0,0.0,7.72,-1.0,-0.2400000000000002,-0.2400000000000002,实体跑偏/证据跑偏
5ab2beba554299166977408f,3489,Who is the father of the Prince in which William Joseph Weaver is most famous for painting a full length portrait of?,George III,George III,1.0,1.0,1.0,7.75,"Prince Edward, Duke of Kent and Strathearn",0.0,0.0,0.0,7.14,-1.0,-0.6100000000000003,-0.6100000000000003,同义词/别名未规范化
5ac3c0495542995ef918c215,3490,SLS station was designed to allow access to the area of Las Vegas that includes a hotel and casino in what other town?,Winchester,Winchester,1.0,1.0,1.0,7.71,The Circus Circus Las Vegas and the Riviera,0.0,0.0,0.0,7.67,-1.0,-0.04,-0.040000000000000036,实体跑偏/证据跑偏
5a8e2147554299068b959e67,3491,"Murray Seafield St George Head most recognised for which song from the concept album and subsequent musical ""Chess"" by Tim Rice, Benny Andersson and Björn Ulvaeus?",One Night in Bangkok,One Night in Bangkok,1.0,1.0,1.0,8.13,"his international hit songs ""Superstar"" (from the 1970 rock opera ""Jesus Christ Superstar"") and ""One Night in Bangkok",0.38,0.24,1.0,8.03,-0.62,-0.1000000000000014,-0.10000000000000142,多余解释/冗余输出（Precision掉）
5ab5a7f45542997d4ad1f1a5,3492,What organization does Sandra Pizzarello and Doctorate have in common?,University,Arizona State University,0.5,0.33,1.0,8.7,International Society for the Study of the Origin of Life,0.0,0.0,0.0,7.85,-0.5,-0.8499999999999996,-0.8499999999999996,实体跑偏/证据跑偏
5ac2f6b8554299677310265f,3493,Henry W. Bloch School of Management is named after the founder of an American tax preparation company that is based where?,Kansas City,H&R Block Kansas City,0.67,0.5,1.0,8.24,"named after Alumnus Henry W. Bloch, founder of H&R Block in Kansas City-based company",0.24,0.13,1.0,7.64,-0.43,-0.6000000000000005,-0.6000000000000005,实体跑偏/证据跑偏
5a7509175542993748c897a3,3494,What group of Elektra Records recording artists are known to be an indie pop band?,Saint Motel,Saint Motel,1.0,1.0,1.0,7.79,American indie pop band Saint Motel,0.5,0.33,1.0,7.66,-0.5,-0.1299999999999999,-0.1299999999999999,多余解释/冗余输出（Precision掉）
5a8b058055429971feec4612,3507,Holland Park is located next to the shopping center owned by which corporation?,Blackwood Partners Management Corporation,Blackwood Partners Management Corporation,1.0,1.0,1.0,8.17,Central City Shopping Centre,0.0,0.0,0.0,7.58,-1.0,-0.5899999999999999,-0.5899999999999999,实体跑偏/证据跑偏
5a8b051255429971feec460e,3510,Henderson Executive Airport got its name in 1996 when it was purchased by Clark County to be used as a reliever airport for an airport named after what politican?,U.S. Senator Pat McCarran,Pat McCarran,0.67,1.0,0.5,8.42,McCarran International Airport,0.29,0.33,0.25,7.58,-0.38,-0.8399999999999999,-0.8399999999999999,实体跑偏/证据跑偏
5a7dc2185542990b8f503a7b,3521,"Which county is Jollyville, Texas located in that had a population of 1,024,266 as of the 2010 census?",Travis County,Travis County,1.0,1.0,1.0,8.43,"Travis County, Texas",0.8,0.67,1.0,7.63,-0.1999999999999999,-0.7999999999999998,-0.7999999999999998,多余解释/冗余输出（Precision掉）
5ae165aa5542997b2ef7d1d1,3530,What is the genre of music shared by vocalists Barney Greenway and Jens Kidman?,extreme metal,Extreme metal,1.0,1.0,1.0,7.91,Swedish extreme metal,0.8,0.67,1.0,7.41,-0.1999999999999999,-0.5,-0.5,多余解释/冗余输出（Precision掉）
5a7354e35542994cef4bc55b,3535,What is the name of second extended play by the artists of the mini-abum Code#01?,Code#02 Pretty Pretty,Code#02 Pretty Pretty,1.0,1.0,1.0,8.25,[VectorJump] 'Code 02 Pretty Pretty,0.5,0.4,0.67,7.86,-0.5,-0.3899999999999997,-0.3899999999999997,多余解释/冗余输出（Precision掉）
5ac4e07e5542996feb3fe95c,3539,"The Bragg–Gray cavity theory was developed by Louis Harold Gray, William Lawrence Bragg, and a man that was knighrted in what year?",1920,1920,1.0,1.0,1.0,7.94,It was knighrted in 1920,0.33,0.2,1.0,7.67,-0.6699999999999999,-0.2700000000000004,-0.27000000000000046,多余解释/冗余输出（Precision掉）
5ac4db1d554299076e296e1a,3541,who is a British physicist  and also a  British government's chief scientific adviser,Frederick Alexander,Frederick Lindemann,0.5,0.5,0.5,8.46,"Frederick Lindemann, Baron Cherwell",0.33,0.25,0.5,7.56,-0.1699999999999999,-0.9000000000000012,-0.9000000000000012,实体跑偏/证据跑偏
5a80b35c5542992bc0c4a7b8,3542,Sinimole Paulose's favorite events are the 800 metres and another event that has been a contest at the Summer Olympics begining in what year?,1896,1896,1.0,1.0,1.0,8.2,since 1896,0.67,0.5,1.0,7.83,-0.3299999999999999,-0.3699999999999992,-0.3699999999999992,多余解释/冗余输出（Precision掉）
5adfba9555429942ec259b1e,3544,The central figure used in the corporate branding of Singapore Airlines has been an element of it's marketing since what year?,1972,1972,1.0,1.0,1.0,8.01,since 1972,0.67,0.5,1.0,7.78,-0.3299999999999999,-0.2299999999999995,-0.22999999999999954,多余解释/冗余输出（Precision掉）
5a72334755429971e9dc934c,3546,"""Heartbreak Hurricane"" was recorded by which country artist, that also goes by the name Ricky Skaggs?",Rickie Lee Skaggs,Ricky Skaggs,0.4,0.5,0.33,8.35,American country music artist Ricky Skaggs,0.22,0.17,0.33,7.3,-0.18,-1.0499999999999998,-1.0499999999999998,实体跑偏/证据跑偏
5abd81ff5542993062266cb3,3554,What do the Church of St. Mary of the Spring and Hagia Irene have in common?,Greek Eastern Orthodox church,Both are Eastern Orthodox churches,0.44,0.4,0.5,8.66,one of the few churches in Istanbul that has not been converted into a mosque,0.0,0.0,0.0,7.89,-0.44,-0.7700000000000005,-0.7700000000000005,实体跑偏/证据跑偏
5ade662155429975fa854ebd,3556,What were the nicknames for the companion of Nuna?,"white fox, polar fox, or snow fox",Fox Companion,0.22,0.5,0.14,8.31,Arctic fox companion,0.2,0.33,0.14,7.66,-0.0199999999999999,-0.6500000000000004,-0.6500000000000004,实体跑偏/证据跑偏
5a89e0ec5542992e4fca8427,3558,What philosophical system did the author of a novel about Howard Roark develop?,Objectivism,Objectivism,1.0,1.0,1.0,7.48,her first major literary success,0.0,0.0,0.0,7.61,-1.0,0.1299999999999999,0.1299999999999999,实体跑偏/证据跑偏
5a8b46925542995d1e6f133c,3562,When was the singer of Miss Emily's Picture born?,"August 11, 1946",August 1981,0.4,0.5,0.33,8.61,"March 18, 1963",0.0,0.0,0.0,7.5,-0.4,-1.1099999999999994,-1.1099999999999994,数字取值错误（值不同）
5ae444b55542996836b02c63,3563,When was the brewery founded which has The Stag Inn Hastings as a tied house ?,1698,1698,1.0,1.0,1.0,8.14,Shepherd Neame Brewery,0.0,0.0,0.0,7.82,-1.0,-0.3200000000000003,-0.3200000000000003,实体跑偏/证据跑偏
5abc87a8554299114383a13e,3569,"Which Indian film playback singer as well a devotional singer contributed to the film ""Baabul"" (2006) and Sukshinder Shinda's album ""Collaborations 3?""",Richa Sharma,Richa Sharma,1.0,1.0,1.0,7.7,Richa Sharma (singer),0.8,0.67,1.0,7.23,-0.1999999999999999,-0.4699999999999997,-0.46999999999999975,多余解释/冗余输出（Precision掉）
5a7b1a82554299042af8f6cf,3571,What is the fourth most populous urban area in the Republic of Ireland and has the housing estate Corrib Park?,Galway,Galway,1.0,1.0,1.0,7.69,Galway City,0.67,0.5,1.0,7.48,-0.3299999999999999,-0.2099999999999999,-0.20999999999999996,多余解释/冗余输出（Precision掉）
5ae37e6e5542992f92d822e0,3572,Which countries forces fought in The Battle of Hürtgen Forest which was covered in the shooter video game Darkest Hour: Europe '44-'45?,American and German,American and German,1.0,1.0,1.0,7.92,American and German forces,0.86,0.75,1.0,7.5,-0.14,-0.4199999999999999,-0.41999999999999993,多余解释/冗余输出（Precision掉）
5a88d6df554299206df2b377,3576,"What animated movie, starring Danny Devito, featured music written and produced by Kool Kojak?",The Lorax,The Lorax,1.0,1.0,1.0,8.73,Dr. Seuss' The Lorax,0.5,0.33,1.0,8.4,-0.5,-0.33,-0.33000000000000007,多余解释/冗余输出（Precision掉）
5ae6dd745542996d980e7ca0,3579,"What novella was the basis of the movie that featured the song ""Wien, du Stadt meiner Träume"" by Rudolf Sieczyński?",Traumnovelle,Traumnovelle,1.0,1.0,1.0,7.99,Eyes Wide Shut,0.0,0.0,0.0,7.76,-1.0,-0.2300000000000004,-0.23000000000000043,实体跑偏/证据跑偏
5a8dacf2554299068b959d91,3580,"Which year did the band, who released ""Hooligan's Holiday,"" retire?",2015,2015,1.0,1.0,1.0,8.17,until the band retired in 2015,0.33,0.2,1.0,7.94,-0.6699999999999999,-0.2299999999999995,-0.22999999999999954,多余解释/冗余输出（Precision掉）
5a7133fa5542994082a3e660,3593,What is the relation between current manager of Chinese club Tianjin Quanjian and Paolo Cannavaro?,brother,Brother,1.0,1.0,1.0,7.94,"After beginning his career with Napoli, he moved to Parma in 1999, where he played alongside his older brother, 2006 FIFA World Cup and Ballon d'Or winner Fabio Cannavaro, who was also a defender, and who currently coaches Chinese club Tianjin Quanjian",0.05,0.02,1.0,8.2,-0.95,0.2599999999999989,0.2599999999999989,多余解释/冗余输出（Precision掉）
5ae61ac355429929b0807ac6,3594,H Pistorius & Co is part of the reason for the wealth of the family that includes which South African sprinter?,Oscar Leonard Carl Pistorius,Oscar Pistorius,0.67,1.0,0.5,8.19,one member being Oscar Pistorius,0.44,0.4,0.5,7.44,-0.23,-0.7499999999999991,-0.7499999999999991,实体跑偏/证据跑偏
5ae3ffba5542995dadf242b2,3598,Valais is known for the resort municipality in which district in Switzerland?,Sierre,Sierre,1.0,1.0,1.0,7.9,"The canton of Valais is widely known for the Matterhorn and resort towns such as Crans-Montana, Saas Fee and Zermatt",0.0,0.0,0.0,7.88,-1.0,-0.0200000000000004,-0.020000000000000462,实体跑偏/证据跑偏
5ae0111e55429906c02daabc,3599,Kyle York is the Chief Strategy Officer of a company that was aqured by what corporation in 2016?,Oracle Corporation,Oracle Corporation,1.0,1.0,1.0,8.25,"Dyn, Inc. is an Internet performance management company, offering products to monitor, control, and optimize online infrastructure, and also domain registration services and email products. The company was acquired by Oracle Corporation in 2016",0.12,0.06,1.0,7.89,-0.88,-0.3600000000000003,-0.3600000000000003,多余解释/冗余输出（Precision掉）
5a74e9c255429974ef308c93,3605,"The book translated as ""School of Religions"" was suggested to be written by whom?",Mohsin Fani,Mohsin Fani,1.0,1.0,1.0,8.08,Some suggest he is the author of Dabistan-E-Mazahib,0.0,0.0,0.0,7.46,-1.0,-0.6200000000000001,-0.6200000000000001,实体跑偏/证据跑偏
5ade895955429975fa854ef5,3611,In what year did the conference in which the 2005 Air Force Falcons participated begin operations?,1999,1999,1.0,1.0,1.0,8.24,The NCAA Division I-A football season,0.0,0.0,0.0,7.61,-1.0,-0.6299999999999999,-0.6299999999999999,同义词/别名未规范化
5adf21bc5542993344016bf4,3617,Lost in Time includes the theme song for a French/Japanese anime series that was created by who?,Savin Yeatman-Eiffel,Savin Yeatman-Eiffel,1.0,1.0,1.0,8.08,Savin Yeatman-Eiffel of Sav! The World Productions,0.6,0.43,1.0,7.57,-0.4,-0.5099999999999998,-0.5099999999999998,多余解释/冗余输出（Precision掉）
5ac19eb35542994ab5c67da3,3619,What does the organization associated with Carl Wieland believe about anything other than the young earth view?,a compromise on biblical inerrancy,A compromise on biblical inerrancy,1.0,1.0,1.0,7.95,believes anything other than the young earth view is a compromise on biblical inerrancy,0.5,0.33,1.0,7.53,-0.5,-0.4199999999999999,-0.41999999999999993,多余解释/冗余输出（Precision掉）
5adcf20f5542994ed6169c2c,3625,"Who directed the Hindi remake of the Korean film that starred Uhm Jung-hwa, Kim Sang-kyung, and Song Young-Chang?",Ribhu Dasgupta.,Ribhu Dasgupta,1.0,1.0,1.0,8.18,Not mentioned in context,0.0,0.0,0.0,7.61,-1.0,-0.5699999999999994,-0.5699999999999994,实体跑偏/证据跑偏
5abca6375542993a06baf946,3638,"According to the 2010 census, what was the population of the city in which Andover USD 385 is located?","11,791","11,791",1.0,1.0,1.0,7.72,"As of the 2010 census, the city population was 11,791",0.22,0.12,1.0,7.35,-0.78,-0.3700000000000001,-0.3700000000000001,多余解释/冗余输出（Precision掉）
5ae7f41c5542997ec2727701,3639,"What is the alleged rank of the mafioso who ran the Chicago Outfit with John DiFronzo, Joseph Andriacchi, Angelo LaPietra and ames Marcello?",Consigliere of the Outfit,Consigliere,0.5,1.0,0.33,8.32,figurehead,0.0,0.0,0.0,7.5,-0.5,-0.8200000000000003,-0.8200000000000003,实体跑偏/证据跑偏
5ac4fbe255429924173fb53b,3640,"Name one of the Judges of Spring Baking Championship television series who was born on December 17, 1974 ?","Jeffrey Adam ""Duff"" Goldman",Duff Goldman,0.67,1.0,0.5,8.38,None (no judge's birthdate is mentioned),0.0,0.0,0.0,7.61,-0.67,-0.7700000000000005,-0.7700000000000005,实体跑偏/证据跑偏
5abea7c25542990832d3a068,3646,The State Theatre is part of a performing arts centre located in what Australian suburb?,Southbank,Southbank,1.0,1.0,1.0,7.8,Melbourne suburb of Southbank,0.4,0.25,1.0,7.49,-0.6,-0.3099999999999996,-0.3099999999999996,多余解释/冗余输出（Precision掉）
5a7172105542994082a3e837,3647,What film did Tom Wu appear in that also starred Jason Statham and Ray Liotta?,Revolver,Revolver,1.0,1.0,1.0,8.35,Revolver (2005 film),0.5,0.33,1.0,8.11,-0.5,-0.2400000000000002,-0.2400000000000002,多余解释/冗余输出（Precision掉）
5a7636fb55429976ec32bd79,3652,Who was the wife of the president when William Bainbridge started his career?,Abigail,Abigail Adams,0.67,0.5,1.0,7.93,John Adams,0.0,0.0,0.0,7.49,-0.67,-0.4399999999999995,-0.4399999999999995,实体跑偏/证据跑偏
5a81d1f0554299676cceb0ee,3654,"Which part of Handel's Messiah covers the birth of a child who, according to the gospels of Luke and Matthew, was born in Bethlehem?",Part I,Part I,1.0,1.0,1.0,8.39,Part I begins with the prophecy of the Messiah and his birth,0.33,0.2,1.0,7.98,-0.6699999999999999,-0.4100000000000001,-0.41000000000000014,多余解释/冗余输出（Precision掉）
5adfa22655429942ec259ac4,3655,"How many total staff (including part-time, flexible, and fixed contract staff) does the broadcaster, who released HyperNormalisation, employ?","35,402","35,402",1.0,1.0,1.0,7.88,"The total number of staff is 35,402 when part-time, flexible, and fixed contract staff are included",0.12,0.06,1.0,7.75,-0.88,-0.1299999999999999,-0.1299999999999999,多余解释/冗余输出（Precision掉）
5abaa32655429955dce3eeaa,3656,James Conlon directed the oldest outdoor Music Festival that is located and what state?,Illinois,Ravinia Festival Illinois,0.5,0.33,1.0,8.39,"The Ravinia Festival, the summer home of the Chicago Symphony Orchestra. Located in Highland Park, Illinois",0.14,0.08,1.0,8.06,-0.36,-0.33,-0.33000000000000007,实体跑偏/证据跑偏
5ac4f04e5542995c82c4ad81,3657,In which of the largest surviving medieval old towns in Europe is the Vilnius Cathedral located?,Vilnius Old Town,Vilnius Old Town,1.0,1.0,1.0,7.95,The Old Town of Vilnius,0.86,0.75,1.0,7.06,-0.14,-0.8900000000000006,-0.8900000000000006,实体跑偏/证据跑偏
5ae5a3bb55429960a22e0314,3678,"Srivariki Premalekha is a movie based on ""Premalekha"" which is what type of book that is a long, written work of narrative fiction?",novel,Novel,1.0,1.0,1.0,7.82,"any relatively long, written work of narrative fiction",0.0,0.0,0.0,7.93,-1.0,0.1099999999999994,0.10999999999999943,实体跑偏/证据跑偏
5a74397055429974ef308bbe,3681,which coach did the longest tenured active coach n both the NBA and all US major sports leagues replaced in 1996?,Bob Hill,Bob Hill,1.0,1.0,1.0,7.8,Gregg Popovich,0.0,0.0,0.0,7.72,-1.0,-0.08,-0.08000000000000007,实体跑偏/证据跑偏
5ab94bc2554299743d22eacf,3683,Bytham Castle is a castle in the civil parish of how many houses?,300,300,1.0,1.0,1.0,7.67,around 300 houses,0.5,0.33,1.0,7.39,-0.5,-0.2800000000000002,-0.28000000000000025,多余解释/冗余输出（Precision掉）
5abd2af955429933744ab74b,3688,What movie did actress Irene Jacob complete before the American action crime thriller film directed by Stuart Bird?,Beyond the Clouds,Beyond the Clouds,1.0,1.0,1.0,8.01,The Secret Garden,0.0,0.0,0.0,7.49,-1.0,-0.5199999999999996,-0.5199999999999996,实体跑偏/证据跑偏
5a8e5a635542990e94052ae4,3700,"How many albums have been sold by the singer who released the 2002 single ""Sk8er Boi""?",40 million,More than 40 million,0.67,0.5,1.0,8.31,"By the age of 15, she had appeared on stage with Shania Twain; by 16, she had signed a two-album recording contract with Arista Records worth more than $2 million",0.06,0.03,0.5,8.13,-0.6100000000000001,-0.1799999999999997,-0.17999999999999972,数字取值错误（值不同）
5a8f03855542997ba9cb3186,3705,The Collection at RiverPark is anchored by Target and an American supermarket chain that features foods without what type of fat?,hydrogenated,hydrogenated,1.0,1.0,1.0,7.84,hydrogenated fats,0.67,0.5,1.0,7.48,-0.3299999999999999,-0.3599999999999994,-0.35999999999999943,多余解释/冗余输出（Precision掉）
5abd580855429924427fcfb8,3707,Both Dusty Drake and Joe Diffie sing which genre of music?,country,Country,1.0,1.0,1.0,8.1,country music,0.67,0.5,1.0,7.68,-0.3299999999999999,-0.4199999999999999,-0.41999999999999993,多余解释/冗余输出（Precision掉）
5ab93781554299131ca422c7,3710,Which star in the Maltese Bippy died in 1987?,Dan Rowan,Dan Rowan,1.0,1.0,1.0,8.74,"Daniel Hale ""Dan"" Rowan",0.67,0.5,1.0,9.09,-0.3299999999999999,0.3499999999999996,0.34999999999999964,多余解释/冗余输出（Precision掉）
5a7fb90655429969796c1b34,3730,"What is the real name of the free jazz drummer on the album ""Center of the World""?",Raymond Patterson,Raymond Patterson,1.0,1.0,1.0,7.97,"Muhammad Ali (born Raymond Patterson, 1936)",0.5,0.33,1.0,7.65,-0.5,-0.3199999999999994,-0.3199999999999994,多余解释/冗余输出（Precision掉）
5a886b7555429938390d3f4d,3732,When did the party inspired by Cacareco begin in Canada?,1960s,1960s,1.0,1.0,1.0,8.1,"The Rhinoceros Party (French: ""Parti Rhinocéros"") was a registered political party in Canada from the 1960s to the 1990s",0.12,0.07,1.0,8.07,-0.88,-0.0299999999999993,-0.02999999999999936,多余解释/冗余输出（Precision掉）
5abee4ff5542993fe9a41d7d,3733,Jim Atchison was the President of the theme park that had headquarters in what city?,Orlando,Orlando,1.0,1.0,1.0,7.81,"Orlando, Florida",0.67,0.5,1.0,7.64,-0.3299999999999999,-0.1699999999999999,-0.16999999999999993,多余解释/冗余输出（Precision掉）
5ae7a2e255429952e35ea99e,3752,"""You Are"" is a song from which Pearl Jam album dealing with the September 2001 terrorist attacks?",Riot Act,Riot Act,1.0,1.0,1.0,7.51,"following a full-scale tour in support of its previous album, ""Binaural"" (2000), Pearl Jam took a year-long break",0.0,0.0,0.0,7.8,-1.0,0.29,0.29000000000000004,同义词/别名未规范化
5a81b2505542995ce29dcc32,3757,Kaye Stevens was an American singer and actress whose big break came at what hotel on the Las Vegas Strip that operated from April 1955 to May 2015?,Riviera,Riviera,1.0,1.0,1.0,8.25,Riviera Hotel,0.67,0.5,1.0,8.07,-0.3299999999999999,-0.1799999999999997,-0.17999999999999972,多余解释/冗余输出（Precision掉）
5ab3acc5554299233954ff7e,3760,"Helen Margaret Lederer appeared on a BBC television sitcom created by Jennifer Saunders, that is based on what 1990 sketch?",French & Saunders,French & Saunders,1.0,1.0,1.0,7.96,"a 1990 ""French & Saunders"" sketch",0.67,0.5,1.0,7.71,-0.3299999999999999,-0.25,-0.25,多余解释/冗余输出（Precision掉）
5ab1d6545542997061209588,3764,At what age did Cieli di Toscana's singer become blind?,Bocelli became completely blind at the age of 12,12,0.22,1.0,0.12,8.7,following a football accident,0.0,0.0,0.0,7.81,-0.22,-0.8899999999999997,-0.8899999999999997,实体跑偏/证据跑偏
5ae09ea05542993d6555ebc1,3769,The Bachelor was based on what novel written by an Austrian author?,"""Dr. Gräsler, Badearzt""","Dr. Gräsler, Badearzt",1.0,1.0,1.0,8.54,"based on the novel ""Dr. Gräsler, Badearzt"" by Arthur Schnitzler",0.5,0.33,1.0,7.73,-0.5,-0.8099999999999987,-0.8099999999999987,多余解释/冗余输出（Precision掉）
5adc3d7455429944faac248a,3775,When did the event that led Marissa Kurtimah to flee her country of birth begin?,1991,"March 23, 1991",0.5,0.33,1.0,8.51,The Sierra Leone Civil War (1991–2002) began on 23 March 1991,0.17,0.09,1.0,7.9,-0.3299999999999999,-0.6099999999999994,-0.6099999999999994,数字/单位格式不一致（值相同）
5a80b9df5542992bc0c4a7ec,3781,What was the nickname of Judy Lewis's father?,"""The King of Hollywood""",King Kong,0.4,0.5,0.33,8.48,Clark Gable,0.0,0.0,0.0,7.8,-0.4,-0.6800000000000006,-0.6800000000000006,实体跑偏/证据跑偏
5ac371aa5542995ef918c191,3799,Socialist Thought and Practice was a magazine that was regarded as an important veicle for a form of management based on what?,self-directed work processes,Workers' self-management,0.29,0.33,0.25,8.27,...spread of the ideas of Third Camp Socialism and Yugoslav Workers' self-management,0.12,0.08,0.25,7.6,-0.1699999999999999,-0.6699999999999999,-0.6699999999999999,实体跑偏/证据跑偏
5ac0f7df554299012d1db667,3800,"The ""Happy Fun Ball"" was the subject of a series of parody advertisements on a show created by who?",Lorne Michaels,Lorne Michaels,1.0,1.0,1.0,8.05,Saturday Night Live,0.0,0.0,0.0,7.92,-1.0,-0.1300000000000007,-0.13000000000000078,实体跑偏/证据跑偏
5ab85f555542992aa3b8c8ca,3804,"""Hold On"" is a song that features the vocals of a British singer whose debut album won what prize in 2017?",Mercury Prize,Mercury Prize,1.0,1.0,1.0,8.15,"Sampha's debut album, ""Process"", was released on 3 February 2017, through Young Turks and won the 2017 Mercury Prize",0.2,0.11,1.0,8.01,-0.8,-0.1400000000000005,-0.14000000000000057,多余解释/冗余输出（Precision掉）
5a8297c055429954d2e2eb71,3810,"Who does the previous Vice President of Production at the animation studio that is owned and operated by Viacom, currently work for?",Cartoon Network Studios,Cartoon Network Studios,1.0,1.0,1.0,7.99,Brian A. Miller,0.0,0.0,0.0,7.61,-1.0,-0.3799999999999999,-0.3799999999999999,实体跑偏/证据跑偏
5a8af11a55429950cd6afc21,3811,The Hoch Conservatory had the teacher on-staff who was the first to publicly perform any work by which composer?,Brahms,Brahms,1.0,1.0,1.0,8.22,Clara Schumann,0.0,0.0,0.0,7.84,-1.0,-0.3800000000000008,-0.3800000000000008,实体跑偏/证据跑偏
5ab913205542991b5579f0e0,3814,The Sanders-Brown Center on Aging was funded by a grant from a businessman known for what restaurant chain?,Kentucky Fried Chicken (KFC),Kentucky Fried Chicken,0.86,1.0,0.75,8.1,"a grant from the Eleanor and John Y. Brown Jr., Foundation led to the construction of the current facility",0.0,0.0,0.0,7.69,-0.86,-0.4099999999999992,-0.40999999999999925,实体跑偏/证据跑偏
5a8756f25542994775f607dc,3821,What pistol cartridge was the original cartridge for the service pistol produced by a German arms manufacturer between 1896 and 1937?,7.63×25mm Mauser,7.63×25mm Mauser,1.0,1.0,1.0,7.86,The 7.63×25mm Mauser (.30 Mauser Automatic) round,0.5,0.33,1.0,7.37,-0.5,-0.4900000000000002,-0.4900000000000002,多余解释/冗余输出（Precision掉）
5adc83c65542994d58a2f623,3823,How many students attend the Swiss University Philip Kraft has lectured at?,"26,000","Over 26,000",0.67,0.5,1.0,8.59,"over 26,000 students",0.5,0.33,1.0,7.67,-0.17,-0.92,-0.9199999999999999,数字/单位格式不一致（值相同）
5a8af92c55429950cd6afc33,3825,Author David Chanoff has collaborated with a U.S. Navy admiral who served as the ambassador to the United Kingdom under which President?,Bill Clinton,Bill Clinton,1.0,1.0,1.0,7.57,William J. Crowe,0.0,0.0,0.0,7.43,-1.0,-0.1400000000000005,-0.14000000000000057,实体跑偏/证据跑偏
5abafb6d5542992ccd8e7e92,3827,White love was what number of single created by a record label est in 2008 by Kim Shi Dao?,the second,Second,1.0,1.0,1.0,8.34,second collaboration single,0.5,0.33,1.0,7.82,-0.5,-0.5199999999999996,-0.5199999999999996,实体跑偏/证据跑偏
5ae17f1e5542990adbacf7a6,3832,In what region of Argentina is the city of Gualeguaychu located?,Mesopotamia,Mesopotamia,1.0,1.0,1.0,8.01,Mesopotamia region,0.67,0.5,1.0,7.15,-0.3299999999999999,-0.8599999999999994,-0.8599999999999994,多余解释/冗余输出（Precision掉）
5ae07c6255429924de1b70d6,3837,"What is the top speed of the faster roller coaster, between The Riddler's Revenge and Green Lantern ?",65 mph,65 mph,1.0,1.0,1.0,8.24,It stands 156 ft tall and features a top speed of **65 mph,0.29,0.17,1.0,7.61,-0.71,-0.6299999999999999,-0.6299999999999999,多余解释/冗余输出（Precision掉）
5a74e6e855429974ef308c8e,3850,What portable media player was distributed through HP?,iPod+HP,iPod+HP,1.0,1.0,1.0,7.89,"The Apple iPod+HP is an Apple iPod 4G with an HP logo on the back, distributed through HP",0.13,0.07,1.0,7.4,-0.87,-0.4899999999999993,-0.4899999999999993,多余解释/冗余输出（Precision掉）
5ae3fcfc5542995dadf2428c,3853,When was the  American singer-songwriter born who recorded “Spirit In The Sky”?,"November 20, 1942","November 20, 1942",1.0,1.0,1.0,7.78,"born November 20, 1942",0.86,0.75,1.0,7.32,-0.14,-0.4599999999999999,-0.45999999999999996,多余解释/冗余输出（Precision掉）
5ae72e5d5542991e8301cba8,3860,What position did the winner of the MVP in Pool C of the 2017 WBC play?,third baseman,Third baseman,1.0,1.0,1.0,8.26,Batting .357,0.0,0.0,0.0,8.18,-1.0,-0.08,-0.08000000000000007,实体跑偏/证据跑偏
5ae0ee2c5542993d6555eca3,3865,Travis McGee was a precursor to what contemporary mystery protagonist in a series that has been on multiple best seller lists?,Stephanie Plum,Stephanie Plum,1.0,1.0,1.0,8.09,,0.0,0.0,0.0,7.61,-1.0,-0.4799999999999995,-0.47999999999999954,空输出/解析失败
5ab7e3c45542995dae37e9db,3872,Marine Air Control Group 48 is stationed at Naval Station Great Lakes which located where?,"Lake County, Illinois",Illinois,0.5,1.0,0.33,8.18,"Naval Station Great Lakes, Illinois",0.25,0.2,0.33,7.72,-0.25,-0.4599999999999999,-0.45999999999999996,实体跑偏/证据跑偏
5adf1c3f5542993a75d263ec,3883,In which six Western European territories have Celtic languages or cultural traits survived?,"Brittany, Cornwall, Ireland, Isle of Man, Scotland and Wales.","Brittany, Cornwall, Ireland, Isle of Man, Scotland, Wales",0.94,1.0,0.89,8.21,"The Celtic nations: Brittany, Cornwall, Ireland, Isle of Man, Scotland and Wales",0.9,0.82,1.0,7.46,-0.0399999999999999,-0.7500000000000009,-0.7500000000000009,实体跑偏/证据跑偏
5a7b177b55429927d897bf35,3886,What current state is the location of unrecognized and autonomous territory in the United States created in 1784 that was led by David Campbell?,Tennessee,Tennessee,1.0,1.0,1.0,7.9,eastern Tennessee,0.67,0.5,1.0,7.75,-0.3299999999999999,-0.1500000000000003,-0.15000000000000036,多余解释/冗余输出（Precision掉）
5a8db9b3554299068b959dde,3888,What animal does Mahratta Greyhound and Tibetan Spaniel have in common?,dog,Dog,1.0,1.0,1.0,7.66,Pug,0.0,0.0,0.0,7.46,-1.0,-0.2000000000000001,-0.20000000000000018,实体跑偏/证据跑偏
5a8b14125542992d82986fd5,3901,During what months of the 2003 invasion of the Iraq were the media outlets accused of having a pro war basis?,20 March to 1 May 2003,March,0.29,1.0,0.17,7.83,"The coverage itself became a source of controversy, as media outlets were accused of pro-war bias",0.0,0.0,0.0,7.68,-0.29,-0.1500000000000003,-0.15000000000000036,实体跑偏/证据跑偏
5a7eec6f55429934daa2fc7c,3909,The Hindmarsh Stadium is sponsored by a brewery that sold how many liters of beer in 2013 ?,69.7 million litres,69.7 million,0.8,1.0,0.67,8.15,the world's largest producer of homebrewing equipment,0.0,0.0,0.0,7.68,-0.8,-0.4700000000000006,-0.47000000000000064,实体跑偏/证据跑偏
5abced075542993a06baf9ac,3913,"What time did the show, in which Gordon Burns was the host, usually air on Monday?",7pm,7pm,1.0,1.0,1.0,8.0,Mondays at 7pm,0.5,0.33,1.0,7.71,-0.5,-0.29,-0.29000000000000004,多余解释/冗余输出（Precision掉）
5a71646e5542994082a3e80e,3914,What is the proper name for the steroid used by the retired British track sprinter who is one of the fastest European sprinters in the history of athletics?,Tetrahydrogestrinone,Tetrahydrogestrinone,1.0,1.0,1.0,8.06,Tetrahydrogestrinone (THG),0.67,0.5,1.0,7.67,-0.3299999999999999,-0.3900000000000005,-0.39000000000000057,多余解释/冗余输出（Precision掉）
5a84eecd5542994c784dda8e,3919,What type of group does Pablo Carballo and Argentine Air Force have in common?,military,Military,1.0,1.0,1.0,7.43,Fuerza Aérea Argentina,0.0,0.0,0.0,7.18,-1.0,-0.25,-0.25,实体跑偏/证据跑偏
5aba5e2555429955dce3edf1,3922,Where does Yannick Ferreira Carrasco play home games?,Wanda Metropolitano,Wanda Metropolitano,1.0,1.0,1.0,7.96,Atlético Madrid,0.0,0.0,0.0,7.93,-1.0,-0.0300000000000002,-0.03000000000000025,实体跑偏/证据跑偏
5a882ffb5542994846c1ce0d,3934,On what river is the city where Stade 24 Novembre is located situated on?,the Congo River,Congo River,1.0,1.0,1.0,7.88,Democratic Republic of the Congo,0.33,0.25,0.5,7.35,-0.6699999999999999,-0.5300000000000002,-0.5300000000000002,实体跑偏/证据跑偏
5a819e2755429903bc27b988,3951,Nguyễn Văn Trỗi tried to assassinate a future ambassador from which US state ?,Massachusetts,Massachusetts,1.0,1.0,1.0,8.64,United States Secretary of Defense Robert McNamara and future ambassador Henry Cabot Lodge Jr,0.0,0.0,0.0,8.19,-1.0,-0.450000000000001,-0.45000000000000107,实体跑偏/证据跑偏
5ae096d755429906c02daadf,3953,What is the net worth of the founder of Intel Corporation as of 2016?,7.3 billion,$7.3 billion,1.0,1.0,1.0,8.05,"As of January 2016, his net worth is $7.3 billion",0.33,0.2,1.0,7.58,-0.6699999999999999,-0.4700000000000006,-0.47000000000000064,多余解释/冗余输出（Precision掉）
5adc82fc554299438c868dce,3962,How many Major League Baseball teams usually attend the meeting where the John H. Johnson President's Award is awarded?,30 Major League Baseball teams,30,0.33,1.0,0.2,8.23,All 30,0.29,0.5,0.2,7.53,-0.04,-0.7000000000000002,-0.7000000000000002,数字/单位格式不一致（值相同）
5ade1f1c55429939a52fe82d,3963,"Len Wiseman directed ""Live Free or Die Hard"" which is the 4 installment in the Die Hard film franchise base on what character?",John McClane,John McClane,1.0,1.0,1.0,8.31,Bruce Willis as John McClane,0.57,0.4,1.0,8.33,-0.43,0.0199999999999995,0.019999999999999574,多余解释/冗余输出（Precision掉）
5a8c743e5542996e8ac88ab3,3965,What mixed martial arts promotion that was purchased by the Ultimate Fighting Championship in 2001 used to feature Nate Diaz as a competitor?,World Extreme Cagefighting,World Extreme Cagefighting,1.0,1.0,1.0,8.09,World Extreme Cagefighting (WEC),0.86,0.75,1.0,7.42,-0.14,-0.6699999999999999,-0.6699999999999999,多余解释/冗余输出（Precision掉）
5a8789115542994846c1cd9a,3969,Imran Khan has worked in what type of films refering to the Pashto Language film industry?,Pollywood,Pollywood,1.0,1.0,1.0,8.28,Pollywood films,0.67,0.5,1.0,7.81,-0.3299999999999999,-0.4699999999999997,-0.46999999999999975,多余解释/冗余输出（Precision掉）
5a9051615542995651fb5136,3971,Shenley Hall is a house at a parish how far from central London?,18.7 miles,18.7 miles,1.0,1.0,1.0,7.76,The village is located 18.7 miles from Central London,0.4,0.25,1.0,7.68,-0.6,-0.08,-0.08000000000000007,多余解释/冗余输出（Precision掉）
5ab8284d5542990e739ec83f,3974,Hostel: Part III is the first film in the series to be neither written nor directed by a director born in which year ?,1972,1972,1.0,1.0,1.0,8.09,Eli Roth,0.0,0.0,0.0,7.37,-1.0,-0.7199999999999998,-0.7199999999999998,实体跑偏/证据跑偏
5a808cbd5542996402f6a54b,3975,"What is the profession of Ansel Elgort's character in ""Baby Driver?""",getaway driver,Getaway driver,1.0,1.0,1.0,7.89,young getaway driver,0.8,0.67,1.0,7.46,-0.1999999999999999,-0.4299999999999997,-0.4299999999999997,多余解释/冗余输出（Precision掉）
5abd889f55429924427fd046,3983,What number installment of the Ghost School and Ghost School Horror was the film Voice?,4,4,1.0,1.0,1.0,7.62,Whispering Corridors 4: Voice,0.4,0.25,1.0,7.54,-0.6,-0.08,-0.08000000000000007,多余解释/冗余输出（Precision掉）
5a82f35f5542995ce29dcd14,3989,Which radio station did Nic Nolan Programme Director for?,5AA,5AA,1.0,1.0,1.0,8.36,5AA (FIVEaa),0.67,0.5,1.0,7.82,-0.3299999999999999,-0.5399999999999991,-0.5399999999999991,多余解释/冗余输出（Precision掉）
5ae6453e55429908198fa56c,3990,Which MTV show was hosted by a member of the Likwit Crew?,Pimp My Ride,Pimp My Ride,1.0,1.0,1.0,7.85,The Barbershop MC's,0.0,0.0,0.0,7.97,-1.0,0.1200000000000001,0.1200000000000001,同义词/别名未规范化
5ae37ec25542990afbd1e178,3992,what is the football club that formed in 1876 and has Dael Jonathan Fry as a player?,Middlesbrough,Middlesbrough F.C,0.67,0.5,1.0,8.37,Middlesbrough Football Club,0.5,0.33,1.0,7.61,-0.17,-0.7599999999999989,-0.7599999999999989,实体跑偏/证据跑偏
5add39ca5542992ae4cec4fb,3995,Which maker of Robatumumab is American?,Merck,Merck,1.0,1.0,1.0,7.8,"Merck & Co., Inc",0.5,0.33,1.0,7.53,-0.5,-0.2699999999999996,-0.2699999999999996,多余解释/冗余输出（Precision掉）
5abfce075542994516f454f7,3999,Inglis Barracks bombing was the first IRA attack in England since a bombing thats purpose was to kill what leader?,Prime Minister Margaret Thatcher,Margaret Thatcher,0.67,1.0,0.5,8.27,the 1984 Brighton Bombing,0.0,0.0,0.0,7.71,-0.67,-0.5599999999999996,-0.5599999999999996,实体跑偏/证据跑偏
5a771d6155429966f1a36c6d,4006,What lieutenant general stayed in the Elliott-Donaldson House?,Nathan Bedford Forrest,Nathan Bedford Forrest,1.0,1.0,1.0,8.12,Confederate States Army General Nathan Bedford Forrest,0.6,0.43,1.0,7.46,-0.4,-0.6599999999999993,-0.6599999999999993,多余解释/冗余输出（Precision掉）
5ae4f6c755429960a22e022a,4009,What is the 2010 population of the village at which Smith Haven Mall was located?,"11,163","11,163",1.0,1.0,1.0,7.97,"The population was 11,163 at the 2010 census",0.29,0.17,1.0,7.7,-0.71,-0.2699999999999996,-0.2699999999999996,多余解释/冗余输出（Precision掉）
5ab3d764554299233954ffc7,4011,Who made a spoof of the Radiohead's fourth studio album?,The Shirehorses,The Shirehorses,1.0,1.0,1.0,7.75,Mark and Lard,0.0,0.0,0.0,7.64,-1.0,-0.1100000000000003,-0.11000000000000032,实体跑偏/证据跑偏
5a8af0a355429950cd6afc1c,4013,Armand Castelmary played Horatio in the 1868 version of the opera set to a play by whom?,William Shakespeare,William Shakespeare,1.0,1.0,1.0,7.88,"William Shakespeare's play ""Hamlet",0.33,0.25,0.5,7.73,-0.6699999999999999,-0.1499999999999994,-0.14999999999999947,多余解释/冗余输出（Precision掉）
5ab30ebf554299753aec592c,4017,What film was Rebecca Gibney in that also had Kate Winslet in it?,The Dressmaker,The Dressmaker,1.0,1.0,1.0,8.05,Mental,0.0,0.0,0.0,7.65,-1.0,-0.4000000000000003,-0.40000000000000036,实体跑偏/证据跑偏
5ab52cb2554299637185c4f1,4019,In what city did Nancy Winstel coach women's collegiate basketball?,Highland Heights,Highland Heights,1.0,1.0,1.0,8.45,Northern Kentucky University,0.0,0.0,0.0,7.88,-1.0,-0.5699999999999994,-0.5699999999999994,实体跑偏/证据跑偏
5a81ff1a554299676cceb1c2,4025,Oscar is what type of animal with black fur that may be a mixed or specific breed?,black cat,Black cat,1.0,1.0,1.0,7.91,A domestic cat with black fur that may be a mixed or specific breed,0.29,0.17,1.0,7.65,-0.71,-0.2599999999999998,-0.2599999999999998,实体跑偏/证据跑偏
5add4fd15542992200553a98,4028,"In the Glee episode ""Bad Reputation,"" Sue Sylvester dances to this song, by a four-time Grammy winner and star of musical film ""Grease.""",Physical,Physical,1.0,1.0,1.0,8.38,Olivia Newton-John,0.0,0.0,0.0,7.9,-1.0,-0.4800000000000004,-0.4800000000000004,实体跑偏/证据跑偏
5a7c76275542990527d554b4,4033,Which film was released first out of The Hunchback of Notre Dame and Miracle of the White Stallions?,Miracle of the White Stallions,Miracle of the White Stallions,1.0,1.0,1.0,7.85,1963,0.0,0.0,0.0,7.45,-1.0,-0.3999999999999994,-0.39999999999999947,实体跑偏/证据跑偏
5a79dae35542994f819ef0d3,4036,In what part of Scotland is Bass Rock located?,the Firth of Forth in the east of Scotland,East of Scotland,0.6,1.0,0.43,8.44,"The Bass Rock, or simply the Bass ( ), is an island in the outer part of the Firth of Forth in the east of Scotland",0.56,0.39,1.0,8.0,-0.0399999999999999,-0.4399999999999995,-0.4399999999999995,实体跑偏/证据跑偏
5a7cb8bc554299452d57b9be,4043,What is the capacity of the stadium that is the home ground of the Lahore Eagles?,"27,000",27000,1.0,1.0,1.0,7.98,"It has a capacity of 27,000 spectators",0.29,0.17,1.0,7.74,-0.71,-0.2400000000000002,-0.2400000000000002,数字/单位格式不一致（值相同）
5ab87b2955429934fafe6df4,4048,"Who was the writer of the Tamil-language romantic thriller film in which ""Pookkalae Sattru Oyivedungal"" is a song?",Shankar,Shankar,1.0,1.0,1.0,7.97,Shankar and Subha,0.5,0.33,1.0,7.62,-0.5,-0.3499999999999996,-0.34999999999999964,多余解释/冗余输出（Precision掉）
5ae82c3d55429952e35eaa75,4049,This high school located in the Bronzeville neighborhood was named after a settler who was arrested by who?,the British military,British authorities,0.5,0.5,0.5,8.6,"Chicago's first permanent non-native settler, Jean Baptiste Point Du Sable",0.0,0.0,0.0,8.1,-0.5,-0.5,-0.5,实体跑偏/证据跑偏
5adc54085542994650320cce,4053,"When was the newspaper, in which the 1891 Birthday Honours list appeared on 30 May 1891, adopt its current name ?",January 1788,1788,0.67,1.0,0.5,8.22,"It began in 1785 under the title The Daily Universal Register , adopting its current name on 1 January 1788",0.21,0.12,1.0,7.78,-0.4600000000000001,-0.4400000000000004,-0.4400000000000004,数字取值错误（值不同）
5a7384755542992d56e7e354,4055,"Which soccer club's head coach was born August 1, 1973?",Columbus Crew Soccer Club,Columbus Crew SC,0.57,0.67,0.5,8.07,Gregg Berhalter,0.0,0.0,0.0,7.43,-0.57,-0.6400000000000006,-0.6400000000000006,实体跑偏/证据跑偏
5a77e70f5542992a6e59dfeb,4057,"What is the title of the 1979 film adaptation of William Shakespeare's play in which the English poet, actor, political activist and dramatist who wrote wrote a number of book-length polemical poems such as ""Autogeddon"", ""Falling for a Dolphin"" and ""Whale Nation"" played a main character?",The Tempest,The Tempest,1.0,1.0,1.0,7.65,The Tempest (1979 film),0.5,0.33,1.0,7.73,-0.5,0.08,0.08000000000000007,多余解释/冗余输出（Precision掉）
5ab520dd5542996a3a96a02c,4066,"Which US State, hIstorically dominated by the Republican party from 1860 to 1932 is represented by State Senator George D. Maziarz?",New York,New York,1.0,1.0,1.0,8.01,New York State,0.8,0.67,1.0,7.45,-0.1999999999999999,-0.5599999999999996,-0.5599999999999996,多余解释/冗余输出（Precision掉）
5a8019db5542992097ad2fd5,4077,How far is Sadie Macdonald's home town from Sydney?,300 km north west,300 km,0.67,1.0,0.5,8.52,"located about 300 km north west of Sydney, and about 30 km north of Mudgee along the Castlereagh Highway",0.36,0.22,1.0,7.82,-0.31,-0.6999999999999993,-0.6999999999999993,数字/单位格式不一致（值相同）
5adec7925542995534e8c70d,4078,Which book by William A. Dembski summarizes the concepts he introduced about intelligent design in another of his works?,Intelligent Design,Intelligent Design,1.0,1.0,1.0,7.9,Intelligent Design: The Bridge Between Science and Theology,0.44,0.29,1.0,7.65,-0.56,-0.25,-0.25,多余解释/冗余输出（Precision掉）
5adff1a255429925eb1afb5e,4080,The Kilby International Awards were named after the inventor who discovered what electronics phenomenon?,integrated circuit,Integrated Circuit,1.0,1.0,1.0,7.37,the first integrated circuit,0.8,0.67,1.0,7.44,-0.1999999999999999,0.0700000000000002,0.07000000000000028,多余解释/冗余输出（Precision掉）
5a77cba65542995d831812e2,4083,The movie Chariots of Fire was based on the true story of which Scottish Christian athlete?,Eric Liddell,Eric Liddell,1.0,1.0,1.0,8.19,Eric Henry Liddell,0.8,0.67,1.0,7.44,-0.1999999999999999,-0.7499999999999991,-0.7499999999999991,实体跑偏/证据跑偏
5ae3e0535542992e3233c496,4086,The 1948 Commonwealth Prime Ministers' Conference was hosted by the Prime Minister from what British party?,Labour,Labour,1.0,1.0,1.0,7.88,Labour Party,0.67,0.5,1.0,7.53,-0.3299999999999999,-0.3499999999999996,-0.34999999999999964,多余解释/冗余输出（Precision掉）
5a8badef554299240d9c2080,4096,"""It's Me That You Need"" is a song with lyrics written by Bernie Taupin and which artist whose career spans five decades?",Elton John,Elton John,1.0,1.0,1.0,7.87,Sir Elton Hercules John,0.67,0.5,1.0,7.35,-0.3299999999999999,-0.5200000000000005,-0.5200000000000005,实体跑偏/证据跑偏
5ae07db855429945ae95937a,4098,Cyrina Fiallo has guest starred on which Michael Jacobs-created sitcom?,Girl Meets World,Girl Meets World,1.0,1.0,1.0,7.86,Community,0.0,0.0,0.0,7.76,-1.0,-0.1000000000000005,-0.10000000000000053,实体跑偏/证据跑偏
5a7143625542994082a3e71e,4108,Who co-founded View Askew Productions and produced numerous movies starring Jason Lee?,Kevin Smith,Kevin Smith,1.0,1.0,1.0,8.17,Kevin Smith and Scott Mosier,0.57,0.4,1.0,7.87,-0.43,-0.2999999999999998,-0.2999999999999998,多余解释/冗余输出（Precision掉）
5a8ef1e35542995a26add57a,4110,The creator of the Lisa Simpson character was born in what year?,1954,1954,1.0,1.0,1.0,8.09,He named the elder Simpson daughter after his younger sister Lisa Groening,0.0,0.0,0.0,7.79,-1.0,-0.2999999999999998,-0.2999999999999998,实体跑偏/证据跑偏
5adfc8f45542992d7e9f93d0,4112,What English rock band with Guy Garvey did Joe Duddell work with?,Elbow,Elbow,1.0,1.0,1.0,7.83,"James, Elbow and Daughter",0.4,0.25,1.0,7.55,-0.6,-0.2800000000000002,-0.28000000000000025,多余解释/冗余输出（Precision掉）
5a7d043755429909bec768f7,4114,"William James ""Count"" Basie has an album that is a collection of musical pieces from what movie series?",James Bond,James Bond films,0.8,0.67,1.0,7.82,The first four James Bond films,0.57,0.4,1.0,7.53,-0.2300000000000001,-0.29,-0.29000000000000004,实体跑偏/证据跑偏
5abc436f5542993a06baf8c3,4116,Perry Ellis played for the college team that competes in what conference?,Big 12,Big 12 Conference,0.8,0.67,1.0,8.23,University of Kansas,0.0,0.0,0.0,7.74,-0.8,-0.4900000000000002,-0.4900000000000002,实体跑偏/证据跑偏
5ae7a6da5542994a481bbdb9,4117,In what year did Mets fans start taking New York City Bus: Q48 to watch home games?,2009,2009,1.0,1.0,1.0,9.75,There is no mention of Mets fans taking the New York City Bus: Q48 to watch home games in the context,0.0,0.0,0.0,9.62,-1.0,-0.1300000000000007,-0.13000000000000078,数字取值错误（值不同）
5a8ed87955429917b4a5bdd2,4118,Which character in The Hunt for Red October was played by the actor who made his film debut in The Revolutionary,Skip Tyler,Skip Tyler,1.0,1.0,1.0,8.17,Jeffrey Jones,0.0,0.0,0.0,7.62,-1.0,-0.5499999999999998,-0.5499999999999998,实体跑偏/证据跑偏
5ae54b6355429908b63265cc,4121,Sporobolus and Zea are in the same what?,family,grass family,0.67,0.5,1.0,8.09,genus of plants,0.0,0.0,0.0,7.5,-0.67,-0.5899999999999999,-0.5899999999999999,实体跑偏/证据跑偏
5a79120755429974737f7966,4123,What is the birthday of the singer whose songs are remixed in Queen of Clubs Trilogy: Onyx Edition?,3 August 1980,3 August 1980,1.0,1.0,1.0,7.9,born 3 August 1980,0.86,0.75,1.0,7.43,-0.14,-0.4700000000000006,-0.47000000000000064,多余解释/冗余输出（Precision掉）
5a78ad26554299148911f913,4128,"Aleksandr Dugin, the father of fascism, came to prominence during which era in Russia?",20th-century,Early 20th-century,0.8,0.67,1.0,8.52,early 20th-century Europe,0.67,0.5,1.0,7.95,-0.13,-0.5699999999999994,-0.5699999999999994,数字/单位格式不一致（值相同）
5add18345542994ed6169c7e,4131,What liberal arts college has their athletic teams named the Lincoln Memorial Railsplitters?,Lincoln Memorial University,Lincoln Memorial University,1.0,1.0,1.0,7.62,The Lincoln Memorial Railsplitters,0.67,0.67,0.67,7.45,-0.3299999999999999,-0.1699999999999999,-0.16999999999999993,实体跑偏/证据跑偏
5a78d2b955429974737f78c0,4149,On what day did the battle that involved the Gin Drinkers Line end?,25 December 1941,25 December 1941,1.0,1.0,1.0,8.09,within a week,0.0,0.0,0.0,7.48,-1.0,-0.6099999999999994,-0.6099999999999994,实体跑偏/证据跑偏
5a84aca95542992a431d1a89,4150,What is the day of the horse race of which ESPN covers both the post position draw and the undercard races?,Saturday,Saturday,1.0,1.0,1.0,7.94,Kentucky Derby,0.0,0.0,0.0,7.8,-1.0,-0.1400000000000005,-0.14000000000000057,实体跑偏/证据跑偏
5ae5b81d5542990ba0bbb2c2,4151,"Which of Aaron Goodwin client was born in May 31, 1984?",Nate Robinson,Nate Robinson,1.0,1.0,1.0,8.29,Nathaniel Cornelius Robinson,0.4,0.33,0.5,7.88,-0.6,-0.4099999999999992,-0.40999999999999925,实体跑偏/证据跑偏
5ac4d717554299076e296e0e,4153,In which part of New York was the singer who released the song No Problem raised ?,Harlem,Harlem,1.0,1.0,1.0,8.09,Harlem neighborhood,0.67,0.5,1.0,8.01,-0.3299999999999999,-0.08,-0.08000000000000007,多余解释/冗余输出（Precision掉）
5a83b4d35542996488c2e495,4154,The Sophia Amalia was named after the wife of a king that ruled which two countries in 1648?,Denmark and Norway,Denmark and Norway,1.0,1.0,1.0,9.0,King Frederick III of Denmark and Norway,0.6,0.43,1.0,8.27,-0.4,-0.7300000000000004,-0.7300000000000004,多余解释/冗余输出（Precision掉）
5a9094ba55429933b8a2056d,4157,The last Republic serial made about a superhero stars what actor in the title role?,"Richard Gerald ""Dick"" Purcell Jr.",Dick Purcell,0.57,1.0,0.4,8.5,Captain America,0.0,0.0,0.0,7.52,-0.57,-0.9800000000000004,-0.9800000000000004,实体跑偏/证据跑偏
5ae7535c5542997b22f6a6d8,4160,The 53rd National Hockey League All-Star Game took place at the indoor arena that was completed in what year?,1998,1998,1.0,1.0,1.0,7.86,It was completed in 1998,0.33,0.2,1.0,7.67,-0.6699999999999999,-0.1900000000000004,-0.1900000000000004,多余解释/冗余输出（Precision掉）
5ac34fdb554299741d48a24a,4170,"Which TV series directed and written by the same person as ""Buffy the Vampire Slayer"" starred Tahmoh Penikett?",Dollhouse,Dollhouse,1.0,1.0,1.0,7.71,Firefly,0.0,0.0,0.0,7.5,-1.0,-0.2099999999999999,-0.20999999999999996,实体跑偏/证据跑偏
5a7d26fd554299452d57bb2a,4171,"What was the significance of the lions, about whom a fictionalized account provided the basis of the film, The Ghost and the Darkness?",their unusual behavior,Unusual behavior and killings,0.57,0.5,0.67,8.27,"The significance of this pair of lions was their unusual behavior, such as the number of men killed and the manner of the attacks",0.26,0.15,1.0,7.64,-0.3099999999999999,-0.6299999999999999,-0.6299999999999999,实体跑偏/证据跑偏
5ab5627b5542992aa134a2ff,4173,How many members did Joseph Yablonski's union have in 2014?,"35,000","35,000",1.0,1.0,1.0,7.95,"The UMW was left with 35,000 members, of whom 20,000 were coal miners, chiefly in underground mines in Kentucky and West Virginia",0.09,0.05,1.0,7.78,-0.91,-0.1699999999999999,-0.16999999999999993,多余解释/冗余输出（Precision掉）
5ae6f1675542991bbc9761a1,4176,"Which British music producer and engineer is notable for working wih an English electronic band having the founders: Dave Gahan, Martin Gore, and Andy Fletcher?",Gareth Jones,Gareth Jones,1.0,1.0,1.0,8.63,Gareth Jones (music producer),0.67,0.5,1.0,7.92,-0.3299999999999999,-0.7100000000000009,-0.7100000000000009,多余解释/冗余输出（Precision掉）
5ab416a25542996a3a969f28,4178,"Where was the Danish colony, in which the Scandinavian Collectors Club claims as part of their region and includes the islands of Saint Thomas, located?",Caribbean,Caribbean,1.0,1.0,1.0,7.97,The Danish West Indies,0.0,0.0,0.0,7.22,-1.0,-0.75,-0.75,实体跑偏/证据跑偏
5abb8e2d554299642a094aa4,4180,"An actor who appeared in all eight ""American Pie Films"" stared alongside which actor in Armed and Dangerous?",John Candy,John Candy,1.0,1.0,1.0,7.81,Eugene Levy,0.0,0.0,0.0,7.35,-1.0,-0.4599999999999999,-0.45999999999999996,实体跑偏/证据跑偏
5a8dae82554299068b959d99,4181,What year was the actor son of Jeremiah Porter born?,1997,1997,1.0,1.0,1.0,8.13,"December 11, 1997",0.5,0.33,1.0,7.84,-0.5,-0.2900000000000009,-0.2900000000000009,多余解释/冗余输出（Precision掉）
5ab761d955429928e1fe3856,4187,Which Austrian Chancellor does Jörg Leichtfried serve under?,Christian Kern,Christian Kern,1.0,1.0,1.0,8.32,"Federal Minister for Transport, Innovation and Technology in the government of Chancellor Christian Kern",0.27,0.15,1.0,8.23,-0.73,-0.0899999999999998,-0.08999999999999986,多余解释/冗余输出（Precision掉）
5abbfc2b554299642a094bc9,4196,What was the 15th comedy album by the star of the 1960s series I Spy?,Fat Albert,Fat Albert,1.0,1.0,1.0,8.41,Fat Albert (1973),0.8,0.67,1.0,8.32,-0.1999999999999999,-0.0899999999999998,-0.08999999999999986,多余解释/冗余输出（Precision掉）
5adfeeed55429925eb1afb44,4201,"What is the birthdate of this Uruguayan former footballer, who management team consists of Charlie Oatway?",15 November 1967,15 November 1967,1.0,1.0,1.0,8.32,"Gustavo Augusto ""Gus"" Poyet Domínguez (born 15 November 1967)",0.5,0.33,1.0,8.05,-0.5,-0.2699999999999996,-0.2699999999999996,多余解释/冗余输出（Precision掉）
5a8efef05542997ba9cb3178,4223,In what city did Jack J. Stephans coach from 1979 to 1980?,New York City,New York City,1.0,1.0,1.0,7.81,Fordham University,0.0,0.0,0.0,7.6,-1.0,-0.2099999999999999,-0.20999999999999996,实体跑偏/证据跑偏
5a8aecff55429950cd6afbef,4224,How many beer brands are in the portfolio of the company that hired Leonardus (Leo) Petrus Beukeboom to decorate cafes?,over 170,Heineken owns over 125 breweries,0.29,0.2,0.5,8.63,"Heineken International is a group which owns a worldwide portfolio of over 170 beer brands, mainly pale lager, though some other beer styles are produced",0.16,0.09,1.0,7.85,-0.1299999999999999,-0.7800000000000011,-0.7800000000000011,数字/单位格式不一致（值相同）
5a80a1b25542992bc0c4a78c,4232,Are either Edward H. Griffith or Edward Burns from Germany?,no,no,1.0,1.0,1.0,8.53,,0.0,0.0,0.0,7.58,-1.0,-0.9499999999999992,-0.9499999999999993,空输出/解析失败
5ab5ec2a5542992aa134a3e3,4236,What kind of group does Takahiro Moriuchi and Doug Pinnick have in common?,band,Rock band,0.67,0.5,1.0,8.82,Japanese rock band,0.5,0.33,1.0,8.08,-0.17,-0.7400000000000002,-0.7400000000000002,实体跑偏/证据跑偏
5ab3b7c555429969a97a8190,4253,"On what date did the geological event, that caused the 2011 Japanese motorcycle Grand Prix to be rescheduled, take place ?","11 March 2011,",11 March 2011,1.0,1.0,1.0,8.29,Friday 11 March 2011,0.86,0.75,1.0,7.54,-0.14,-0.7499999999999991,-0.7499999999999991,多余解释/冗余输出（Precision掉）
5abd8ac25542993062266cc2,4256,In what year did the American Record company established in 1958 release a record co-produced by Adam Faith?,January 1974,1974,0.67,1.0,0.5,8.13,It was co-produced by former British pop teen idol Adam Faith and David Courtney,0.0,0.0,0.0,7.6,-0.67,-0.5300000000000011,-0.5300000000000011,实体跑偏/证据跑偏
5ac2610f55429951e9e68593,4257,which  Indian businessman and politician owns Mabula Game Reserve,Vijay Vittal Mallya,Vijay Mallya,0.8,1.0,0.67,8.11,the Indian businessman and liquor baron Vijay Mallya,0.4,0.29,0.67,7.77,-0.4,-0.3399999999999998,-0.33999999999999986,实体跑偏/证据跑偏
5a8e39475542995085b373f1,4262,Paddington is a television program based on the books that first appeared on what date?,13 October 1958,13 October 1958,1.0,1.0,1.0,7.93,He first appeared on 13 October 1958,0.6,0.43,1.0,7.86,-0.4,-0.0699999999999994,-0.0699999999999994,多余解释/冗余输出（Precision掉）
5a74e5aa5542996c70cfae2e,4263,Which cloth town in the high Middle Ages gives the name to the dye associated with the man who is said to rob from the rich and give to the poor?,Lincoln,Lincoln,1.0,1.0,1.0,8.06,The dyers of Lincoln,0.5,0.33,1.0,7.78,-0.5,-0.2800000000000002,-0.28000000000000025,多余解释/冗余输出（Precision掉）
5ab2a32f554299706120967b,4264,"Eugene Rosenburg, who founded the Hologenome theory of evolution is a microbiologist as what university?",Tel Aviv University,Tel Aviv University,1.0,1.0,1.0,8.12,Faculty of Life Sciences at Tel Aviv University,0.55,0.38,1.0,7.92,-0.4499999999999999,-0.1999999999999993,-0.1999999999999993,多余解释/冗余输出（Precision掉）
5ab9dd9a554299232ef4a231,4273,"With the help of Adam Lambert, Josh Abraham has sold how many albums worldwide?",40 million,3 million,0.5,0.5,0.5,8.59,accounting for sales of more than 40 million albums worldwide,0.33,0.2,1.0,8.12,-0.1699999999999999,-0.4700000000000006,-0.47000000000000064,数字/单位格式不一致（值相同）
5a8f06075542995b44241f2d,4275,"What car did the German rally driver, who won victories for Fiat, Opel, Lancia, and Audi drive?",The Lancia Rally,Lancia Stratos HF,0.4,0.33,0.5,8.71,"Fiat, Opel, Lancia, and Audi",0.29,0.2,0.5,8.18,-0.11,-0.5300000000000011,-0.5300000000000011,实体跑偏/证据跑偏
5ab3bb7b55429969a97a8198,4279,"The actor that plays Joe MacMillan in ""Halt and Catch Fire"" also starred with Carrie Coon in what 2017 horror film?",The Keeping Hours,The Keeping Hours,1.0,1.0,1.0,8.11,Lee Pace,0.0,0.0,0.0,7.57,-1.0,-0.5399999999999991,-0.5399999999999991,实体跑偏/证据跑偏
5adea95055429939a52fe931,4282,What was the previous occupation of the Canadian-born Indian-American actress and model who appeared in Tina & Lolo alongside Karishma Tanna?,pornstar,Pornstar,1.0,1.0,1.0,7.82,She is a former pornstar,0.4,0.25,1.0,7.66,-0.6,-0.1600000000000001,-0.16000000000000014,多余解释/冗余输出（Precision掉）
5a808f3f5542992097ad2ffd,4283,"""The Empire Builder""'s Columbia River Subdivision was part of which line?",Great Northern Railway,Great Northern Railway,1.0,1.0,1.0,7.88,James J. Hill's Great Northern Railway,0.67,0.5,1.0,7.75,-0.3299999999999999,-0.1299999999999999,-0.1299999999999999,多余解释/冗余输出（Precision掉）
5adf80605542995534e8c7d2,4289,The 2012–13 Boston Celtics season was marred by an occurence which took the lives of how many people?,three,three,1.0,1.0,1.0,7.93,killing three people,0.5,0.33,1.0,7.62,-0.5,-0.3099999999999996,-0.3099999999999996,多余解释/冗余输出（Precision掉）
5a7cb993554299452d57b9c2,4294,How much change in elevation is there at the site of the 1999 FIA GT Hockenheim 500km?,very little,very little,1.0,1.0,1.0,8.02,The circuit has very little change in elevation,0.44,0.29,1.0,7.64,-0.56,-0.3799999999999999,-0.3799999999999999,多余解释/冗余输出（Precision掉）
5a735c3a55429901807daff7,4302,Nikolay Mitrofanovich Krylov and Anatoly Fomenko both held what academic title?,mathematician,Mathematician,1.0,1.0,1.0,7.76,professor,0.0,0.0,0.0,7.59,-1.0,-0.1699999999999999,-0.16999999999999993,实体跑偏/证据跑偏
5a89bcc85542992e4fca83a7,4312,"What uniform number was the umpire wearing when ""Pudge"" hit a home run in Game 6 of the 1975 World Series?",4,4,1.0,1.0,1.0,8.83,"David ""Satch"" Davidson wore uniform number 4",0.25,0.14,1.0,8.55,-0.75,-0.2799999999999993,-0.27999999999999936,多余解释/冗余输出（Precision掉）
5a8ec02e5542995a26add501,4315,Which American sketch comedy television series starring John C. Reilly was produced by Abso Lutely Productions?,Check It Out!,Check It Out,1.0,1.0,1.0,8.1,Check It Out! with Dr. Steve Brule,0.6,0.43,1.0,7.56,-0.4,-0.54,-0.54,多余解释/冗余输出（Precision掉）
5a8e0c595542995085b373b0,4316,The founder of the Metroplex record label attending high school in what city?,Belleville,Belleville,1.0,1.0,1.0,7.47,"Belleville, Michigan",0.67,0.5,1.0,7.82,-0.3299999999999999,0.3500000000000005,0.35000000000000053,多余解释/冗余输出（Precision掉）
5abec90a5542994516f45438,4317,1920 Politics was a Republican political strategy to reassert the authority of the white race in which US state?,Hawaii,Hawaii,1.0,1.0,1.0,7.86,US Territory of Hawaii,0.4,0.25,1.0,7.2,-0.6,-0.6600000000000001,-0.6600000000000001,多余解释/冗余输出（Precision掉）
5a722a6855429971e9dc9320,4324,"What is the character's name for which Anna Leonidovna Kovalchuk won a prize in the legal festival ""Law and Society""?",Chief Detective Maria Shvetsova,Maria Shvetsova,0.67,1.0,0.5,8.3,title role,0.0,0.0,0.0,7.79,-0.67,-0.5100000000000007,-0.5100000000000007,实体跑偏/证据跑偏
5ae7473f5542991bbc9761d2,4326,What is the estimated population of the city in which the suburb of Beaumont is located ?,"44,300","44,300",1.0,1.0,1.0,8.28,"An estimated population of 44,300 people",0.33,0.2,1.0,7.71,-0.6699999999999999,-0.5699999999999994,-0.5699999999999994,多余解释/冗余输出（Precision掉）
5ae234385542992decbdcc59,4348,in 1992 Spengler Cup all matches were played at the home arena of what professional Swiss ice hockey club,HC Davos,HC Davos,1.0,1.0,1.0,7.93,Eisstadion Davos,0.5,0.5,0.5,7.71,-0.5,-0.2199999999999997,-0.21999999999999975,实体跑偏/证据跑偏
5ae3eabc5542995dadf2424f,4349,Thea Ruth White is best known for her voice over work as Muriel Bagge on  an American animated horror comedy television series created for who?,Cartoon Network,Cartoon Network,1.0,1.0,1.0,7.97,Courage the Cowardly Dog,0.0,0.0,0.0,7.81,-1.0,-0.1600000000000001,-0.16000000000000014,实体跑偏/证据跑偏
5ae2b83c5542992decbdcd7f,4352,Typically how many pages were in the fiction magazine in which Robert E. Howard wrote in 1930s?,128 pages,128,0.67,1.0,0.5,8.37,The typical pulp magazine had 128 pages,0.5,0.33,1.0,7.65,-0.17,-0.7199999999999989,-0.7199999999999989,数字/单位格式不一致（值相同）
5ab9cfe655429970cfb8ebaf,4353,Walt Disney World Quest: Magical Racing Tour includes the space-themed roller coaster that was opened on what date?,"January 15, 1975","January 15, 1975",1.0,1.0,1.0,8.06,"January 15,",0.8,1.0,0.67,7.42,-0.1999999999999999,-0.6400000000000006,-0.6400000000000006,数字/单位格式不一致（值相同）
5ab2ac3d55429929539467ce,4355,Be Quick '28  football club is locayed in what province?,Overijssel,Overijssel,1.0,1.0,1.0,7.89,"Zwolle, Netherlands",0.0,0.0,0.0,7.5,-1.0,-0.3899999999999997,-0.3899999999999997,实体跑偏/证据跑偏
5a7f35015542992e7d278c8a,4359,In what year was the college that Cal Hovde served as dean for founded?,1754,1754,1.0,1.0,1.0,8.5,Columbia University,0.0,0.0,0.0,7.89,-1.0,-0.6100000000000003,-0.6100000000000003,实体跑偏/证据跑偏
5a89e85c5542992e4fca846f,4372,WDAL is a country music radio station licensed to a city in what Georgia county?,Whitfield County,"Dalton, Whitfield",0.5,0.5,0.5,8.21,"Dalton, Georgia, USA",0.0,0.0,0.0,7.54,-0.5,-0.6700000000000008,-0.6700000000000008,实体跑偏/证据跑偏
5ac273455542992f1f2b38d4,4375,What philosophy related to creationism is Paul Nelson noted for?,intelligent design,Intelligent Design,1.0,1.0,1.0,8.12,young earth creationism and intelligent design,0.5,0.33,1.0,7.43,-0.5,-0.6899999999999995,-0.6899999999999995,多余解释/冗余输出（Precision掉）
5a87ed5b5542994846c1cdfc,4376,"What type of license is the open source roguelike video game video released 2012, in which a subset of it's pricing model is a called free-to-play, licensed under?",GNU GPLv3,GNU GPLv3,1.0,1.0,1.0,8.05,GNU GPLv3 license,0.8,0.67,1.0,7.47,-0.1999999999999999,-0.580000000000001,-0.580000000000001,多余解释/冗余输出（Precision掉）
5ae7821b5542997ec2727678,4378,The Zapruder film shows President John F. Kennedy's motorcade as it passed through a plaza that was named aNational Historic Landmark in what year?,1993,1993,1.0,1.0,1.0,8.08,Dealey Plaza,0.0,0.0,0.0,7.66,-1.0,-0.4199999999999999,-0.41999999999999993,实体跑偏/证据跑偏
5a8c4c5f554299585d9e3651,4380,"Luisa Miller is an opera with three acts, whereas Don Quichotte is an opera with how many acts?",five,five,1.0,1.0,1.0,8.07,five acts,0.67,0.5,1.0,7.73,-0.3299999999999999,-0.3399999999999998,-0.33999999999999986,多余解释/冗余输出（Precision掉）
5ae56c875542990ba0bbb2a2,4382,"How many albums does the duo who sang ""Yesterday Once More"" have?",11 albums,11,0.67,1.0,0.5,8.49,"During their 14-year career, the Carpenters recorded 11 albums",0.36,0.22,1.0,7.64,-0.31,-0.8500000000000005,-0.8500000000000005,数字取值错误（值不同）
5a90485755429933b8a204d2,4388,"Calling All Dawns includes the theme for the game ""Civilization IV,"" written by whom?",Christopher Tin,Christopher Tin,1.0,1.0,1.0,7.83,composer Christopher Tin,0.8,0.67,1.0,7.51,-0.1999999999999999,-0.3200000000000003,-0.3200000000000003,多余解释/冗余输出（Precision掉）
5adc393f5542996e685252e7,4389,What occupations are shared by Maher Sabry and Til Schweiger?,"director, and producer","Director, Producer",0.8,1.0,0.67,8.05,"film director, producer",0.67,0.67,0.67,7.74,-0.13,-0.3100000000000005,-0.3100000000000005,实体跑偏/证据跑偏
5a7e513a5542994959419996,4395,what other school is located in the same suburb as the Ghana Police College?,Ghana Technology University College,Ghana Technology University College,1.0,1.0,1.0,7.7,The main campus of Ghana Technology University College,0.73,0.57,1.0,7.48,-0.27,-0.2199999999999997,-0.21999999999999975,多余解释/冗余输出（Precision掉）
5adf51595542993344016c52,4396,Who did the 39th Vice President of the United States serve under?,Richard Nixon,Richard Nixon,1.0,1.0,1.0,0.79,"Spiro Theodore ""Ted"" Agnew",0.0,0.0,0.0,0.79,-1.0,0.0,0.0,实体跑偏/证据跑偏
5a7526945542993748c897d2,4400,What year did the movement that Tess Asplund protested in the viral image of her with her fist in the air disband?,2016,2016,1.0,1.0,1.0,8.0,before it was disbanded for inactivity in 2016,0.22,0.12,1.0,7.96,-0.78,-0.04,-0.040000000000000036,多余解释/冗余输出（Precision掉）
5a72944c5542994cef4bc351,4403,"What man, born in 1963, was instrumental in bringing the Boston Red Sox to the stadium City of Palms Park in Fort Myers, Florida?",Mike Greenwell,Mike Greenwell,1.0,1.0,1.0,7.9,Former Boston Red Sox left fielder Mike Greenwell,0.4,0.25,1.0,7.52,-0.6,-0.3800000000000008,-0.3800000000000008,多余解释/冗余输出（Precision掉）
5a883c175542997e5c09a5ae,4410,George Tawengwa was the first black person to buy a farm located in a country now known as which country ?,Zimbabwe,Zimbabwe,1.0,1.0,1.0,8.04,Southern Rhodesia,0.0,0.0,0.0,7.53,-1.0,-0.5099999999999989,-0.5099999999999989,实体跑偏/证据跑偏
5a83697e5542996488c2e441,4415,Park Seo-joon is best known for his role in a series that premiered on what month and day?,May 22,May 22,1.0,1.0,1.0,7.89,every Monday and Tuesday,0.0,0.0,0.0,7.46,-1.0,-0.4299999999999997,-0.4299999999999997,实体跑偏/证据跑偏
5ac434ed554299204fd21f09,4423,"""Coming Over"" is the second Japanese single album by a boy group that debuted in what year?",2012,2012,1.0,1.0,1.0,8.03,"Formed by S.M. Entertainment in 2011, the group debuted in 2012",0.18,0.1,1.0,7.91,-0.8200000000000001,-0.1199999999999992,-0.11999999999999922,多余解释/冗余输出（Precision掉）
5a7228f655429971e9dc9312,4433,"Which ""novel with a key"" was written by John Ehrlichman about the CIA, base on events leading up to the Watergate coverup?",The Company,The Company,1.0,1.0,1.0,8.07,"The Company is a political fiction ""roman à clef"" novel written by John Ehrlichman",0.15,0.08,1.0,7.89,-0.85,-0.1800000000000006,-0.1800000000000006,多余解释/冗余输出（Precision掉）
5ab682dc55429954757d3318,4434,"author of the popular ""Getting Started in Electronics"" founded Micro Instrumentation and Telemetry Systems (MITS) in what state?","Albuquerque, New Mexico",New Mexico,0.8,1.0,0.67,7.68,Forrest Mims founded Micro Instrumentation and Telemetry Systems (MITS) in December 1969 to produce miniaturized telemetry modules for model rockets such as a roll rate sensor,0.0,0.0,0.0,7.76,-0.8,0.08,0.08000000000000007,实体跑偏/证据跑偏
5a806e01554299485f5985e5,4450,Who starred in the 1991 American action comedy film The Hard Way and was featured on the roster of Rawkus Records?,Mos Def,Mos Def,1.0,1.0,1.0,7.93,"Michael J. Fox, Mos Def",0.57,0.4,1.0,7.7,-0.43,-0.2299999999999995,-0.22999999999999954,多余解释/冗余输出（Precision掉）
5ab96c93554299743d22eb63,4451,Which of the cities of Dujiangyan City and Ezhou has the larger population according to their latest census ?,Ezhou,Ezhou,1.0,1.0,1.0,7.99,"As of the 2010 census, the city had a population of 1,048,668",0.0,0.0,0.0,8.0,-1.0,0.0099999999999997,0.009999999999999787,实体跑偏/证据跑偏
5ae7eed8554299540e5a56b5,4458,"No issue, lelo tissue was started by which company that has the largest mobile network in Pakistan?",Jazz,Jazz,1.0,1.0,1.0,7.83,Jazz Pakistan,0.67,0.5,1.0,7.65,-0.3299999999999999,-0.1799999999999997,-0.17999999999999972,多余解释/冗余输出（Precision掉）
5a8e0370554299068b959e2d,4459,"In which Florida city is Skyplex being constructed, featuring Skyscraper, the tallest rollercoaster in the world?",Orlando,Orlando,1.0,1.0,1.0,7.81,"Orlando, Florida",0.67,0.5,1.0,7.56,-0.3299999999999999,-0.25,-0.25,多余解释/冗余输出（Precision掉）
5ab44a775542991779162c57,4460,"Where was the opera, which was the subject of After Aida, first performed?",Teatro alla Scala,Teatro alla Scala,1.0,1.0,1.0,8.13,Cairo's Khedivial Opera House,0.0,0.0,0.0,7.72,-1.0,-0.410000000000001,-0.41000000000000103,实体跑偏/证据跑偏
5ae22eae554299495565da30,4465,What was the 2010 population of the town where Black Crescent Mountain was located?,310,310,1.0,1.0,1.0,8.07,"As of the 2010 census, the town had a total population of 310",0.18,0.1,1.0,7.96,-0.8200000000000001,-0.1100000000000003,-0.11000000000000032,多余解释/冗余输出（Precision掉）
5ae70c7b5542991bbc9761aa,4466,Bridgewater Trustees major source of income came from a canal that was commissioned by whom/,Francis Egerton,Francis Egerton,1.0,1.0,1.0,7.69,"Francis Egerton, 3rd Duke of Bridgewater",0.5,0.33,1.0,7.14,-0.5,-0.5500000000000007,-0.5500000000000007,多余解释/冗余输出（Precision掉）
5abfd5c45542994516f4550e,4475,"When ""Good Night"" was aired on ""The Simpsons 138th Epsiode Spectacular,"" which actress did the voice of the character named after Matt Groening's mother?",Julie Kavner,Julie Kavner,1.0,1.0,1.0,8.3,Marge Simpson,0.0,0.0,0.0,7.62,-1.0,-0.6800000000000006,-0.6800000000000006,实体跑偏/证据跑偏
5ae347fb5542992e3233c368,4479,"In the 2004 United States senate election, re-election was won by what American plitician who was first elected in 1998, defeating what three-term Republican incumbent?",Al D'Amato,"Chuck Schumer, Al D'Amato",0.67,0.5,1.0,8.48,Chuck Schumer defeated Al D'Amato,0.57,0.4,1.0,7.48,-0.1,-1.0,-1.0,实体跑偏/证据跑偏
5a773c5c55429966f1a36cbb,4481,What Deepdale area football club did Andy Pilling play for?,Preston North End,Preston North End,1.0,1.0,1.0,7.69,Preston North End Football Club,0.75,0.6,1.0,7.46,-0.25,-0.2300000000000004,-0.23000000000000043,多余解释/冗余输出（Precision掉）
5abae14b5542996606241657,4494,The 2016 San Jose State Spartans football team were members of a NCAA conference that officially began operations in what year?,1999,1999,1.0,1.0,1.0,7.75,The Mountain West Conference officially began operations in July 1999,0.2,0.11,1.0,7.58,-0.8,-0.1699999999999999,-0.16999999999999993,多余解释/冗余输出（Precision掉）
5a72f0e25542991f9a20c5cf,4497,"What television show was,based,on an 1908 novel by Lucy Maud Montgomery?   Anne.",Anne,Anne with an E,0.5,0.33,1.0,8.66,Anne (titled Anne with an E on Netflix),0.25,0.14,1.0,7.71,-0.25,-0.9500000000000002,-0.9500000000000002,实体跑偏/证据跑偏
5abf11d45542997719eab660,4504,Driven To Perform has a sponsor that includes the electronics store chain from what country?,Canada,Future Shop Canada,0.5,0.33,1.0,8.26,Future Shop,0.0,0.0,0.0,7.65,-0.5,-0.6099999999999994,-0.6099999999999994,实体跑偏/证据跑偏
5adfed5e55429942ec259b92,4507,What city does the company that owns Bumble and bumble have its headquarters in?,New York City,New York City,1.0,1.0,1.0,8.53,"Midtown Manhattan, New York City",0.75,0.6,1.0,8.4,-0.25,-0.129999999999999,-0.129999999999999,多余解释/冗余输出（Precision掉）
5a88401c5542994846c1ce60,4511,When was the conference the The 1998 West Virginia Mountaineers football team was part of  created?,1979,1979,1.0,1.0,1.0,7.82,It was the Mountaineers' 8th season as a member of the Big East Conference (Big East),0.0,0.0,0.0,7.74,-1.0,-0.08,-0.08000000000000007,数字取值错误（值不同）
5a78bd515542990784727749,4513,The show featuring a young boy named Gerald Bald Z premiered on what TV channel?,Cartoon Network,Cartoon Network,1.0,1.0,1.0,7.77,Cartoon Network's late night programming block Adult Swim,0.2,0.12,0.5,7.66,-0.8,-0.1099999999999994,-0.10999999999999943,多余解释/冗余输出（Precision掉）
5ae0b0af55429945ae959424,4529,"From 2015 to 2016, Jill Marie Jones starred in a Starz horror-comedy series set in the ""Evil Dead"" universe created by who?",Ivan Raimi,Sam Raimi,0.5,0.5,0.5,8.3,Ash vs Evil Dead,0.0,0.0,0.0,7.78,-0.5,-0.5200000000000005,-0.5200000000000005,实体跑偏/证据跑偏
5ac3bd0c554299204fd21e21,4530,Sam Mendes and Ruby Yang share what profession?,filmmaker.,Filmmaker,1.0,1.0,1.0,8.37,Oscar-winning Chinese-American filmmaker,0.33,0.2,1.0,8.07,-0.6699999999999999,-0.2999999999999989,-0.29999999999999893,多余解释/冗余输出（Precision掉）
5a7746cf5542994aec3b7263,4535,"St Mary's School in Pune, India was run for over 100 years by what organization started by the Reverend William John Butler?",The Community of St Mary the Virgin (CSMV),Community of St Mary the Virgin,0.91,1.0,0.83,8.02,Sisters of the Community of St Mary the Virgin,0.77,0.71,0.83,7.42,-0.14,-0.5999999999999996,-0.5999999999999996,实体跑偏/证据跑偏
5ab48ec25542991779162cdc,4541,What was the English football club Tottenham Hotspur  that Leonard Francis played for commonly referred to as ?,Spurs,Spurs,1.0,1.0,1.0,7.9,Tottenham ( ) or Spurs,0.5,0.33,1.0,7.6,-0.5,-0.3000000000000007,-0.3000000000000007,多余解释/冗余输出（Precision掉）
5adca0845542994d58a2f684,4542,"""One Less Set of Footsteps"" is a song written and performed by a singer born in which year ?",1943,1943,1.0,1.0,1.0,7.69,"January 10, 1943",0.5,0.33,1.0,7.62,-0.5,-0.0700000000000002,-0.07000000000000028,多余解释/冗余输出（Precision掉）
5ab2f50a55429929539468cd,4545,SkyJump Las Vegas is located at a hotel on what street?,Las Vegas Boulevard,Las Vegas Boulevard,1.0,1.0,1.0,7.84,Stratosphere Las Vegas,0.67,0.67,0.67,7.65,-0.3299999999999999,-0.1899999999999995,-0.1899999999999995,实体跑偏/证据跑偏
5a87081755429960ec39b6fe,4546,"Jessica Jones is a television series created for Netflix, the second in the series of the shows that lead to ""The Defenders"" miniseries after what show released on Netflix earlier?",Daredevil,Daredevil,1.0,1.0,1.0,7.85,"set in the Marvel Cinematic Universe (MCU), sharing continuity with the films of the franchise, and is the second in a series of shows that will lead up to a Defenders crossover miniseries",0.0,0.0,0.0,8.0,-1.0,0.1500000000000003,0.15000000000000036,同义词/别名未规范化
5ac17c865542994ab5c67d6a,4547,Who did the actor that plays Sean Tully defeat in a dancing contest?,Jodie Prenger,Jodie Prenger,1.0,1.0,1.0,7.98,fellow finalist Jodie Prenger,0.67,0.5,1.0,7.38,-0.3299999999999999,-0.6000000000000005,-0.6000000000000005,多余解释/冗余输出（Precision掉）
5a714f6f5542994082a3e7b3,4552,How many people live in the County serviced by The Collier Area Transit system?,"321,520","321,520",1.0,1.0,1.0,7.93,"As of the 2010 census, the population was 321,520",0.25,0.14,1.0,7.4,-0.75,-0.5299999999999994,-0.5299999999999994,多余解释/冗余输出（Precision掉）
5ae362105542991a06ce99ae,4565,What was the size of the 1700 Cascadia earthquake predicted by Kenji Satake?,8.7,8.7-9.2,0.67,0.5,1.0,8.82,estimated moment magnitude of 8.7–9.2,0.29,0.17,1.0,7.94,-0.38,-0.8799999999999999,-0.8799999999999999,数字/单位格式不一致（值相同）
5ac3a364554299391541385d,4571,What is the origin of the National Space Olympiad and Kalpana Chawla ?,Indian,Indian astronaut,0.67,0.5,1.0,8.32,in remembrance of Indian astronaut Kalpana Chawla,0.25,0.14,1.0,7.26,-0.42,-1.0600000000000005,-1.0600000000000005,实体跑偏/证据跑偏
5a86f94a5542991e7718169e,4585,Who did an actress from The Secret of NIMH play in A Patch of Blue?,Selina D'Arcy,Selina D'Arcy,1.0,1.0,1.0,8.07,Elizabeth Hartman,0.0,0.0,0.0,7.77,-1.0,-0.3000000000000007,-0.3000000000000007,实体跑偏/证据跑偏
5a80ad19554299485f5986a8,4586,"In addition to his role in The Fattest Man in Britain, Bobby Ball is best known for his half of the doublt act Cannon and Ball with which other comedian?",Tommy Cannon,Tommy Cannon,1.0,1.0,1.0,7.72,with Tommy Cannon,0.8,0.67,1.0,7.19,-0.1999999999999999,-0.5299999999999994,-0.5299999999999994,多余解释/冗余输出（Precision掉）
5adcfebe5542992c1e3a24f3,4588,How many members were in the South Korean boy group whose first official sub-unit is Bastarz?,seven members,Seven,0.67,1.0,0.5,7.97,The group consists of seven members,0.57,0.4,1.0,7.07,-0.1,-0.8999999999999995,-0.8999999999999995,数字/单位格式不一致（值相同）
5ae564a155429960a22e02e4,4591,What is part of an alternate title to a Three 6 Mafia song and is slang for a concoction which includes prescription-strength cough syrup also known as purple drank?,Sizzurp,Sizzurp,1.0,1.0,1.0,8.57,Sippin' on Some Sizzurp,0.4,0.25,1.0,8.12,-0.6,-0.450000000000001,-0.45000000000000107,多余解释/冗余输出（Precision掉）
5adfa8d0554299025d62a32c,4593,How many times have the team that won the 11th DFB-Pokal won the national championship ?,"five times,",Five,0.67,1.0,0.5,8.31,VfB Stuttgart has won the national championship five times,0.4,0.25,1.0,7.8,-0.27,-0.5100000000000007,-0.5100000000000007,数字/单位格式不一致（值相同）
5a84524a554299123d8c2203,4597,How many books are in the text composed by the founder Nyaya school of Hindu philosophy and is used in the development of Indian logic?,five books,Five,0.67,1.0,0.5,8.26,The text consists of five books,0.57,0.4,1.0,7.56,-0.1,-0.7000000000000002,-0.7000000000000002,数字/单位格式不一致（值相同）
5ac3c10a554299204fd21e33,4601,"""Call Me Mañana"" is a song by a group that has sold how many records?",over 30 million,Over 30 million records,0.86,0.75,1.0,7.85,"Scooter are a German techno group founded in Hamburg, who have sold over 30 million records and earned over 80 Gold and Platinum awards",0.23,0.13,1.0,8.06,-0.63,0.2100000000000008,0.21000000000000085,数字/单位格式不一致（值相同）
5ac4f33355429924173fb507,4614,where is the Vanderbilt mansion which Ochre Point–Cliffs Historic District is its home located,Ochre Point Avenue,Ochre Point Avenue,1.0,1.0,1.0,7.82,"Ochre Point Avenue, Newport, Rhode Island, United States",0.55,0.38,1.0,7.79,-0.4499999999999999,-0.0300000000000002,-0.03000000000000025,多余解释/冗余输出（Precision掉）
5ac39f7b554299218029dbe7,4620,Robert Earl Holding owned an oil company that was originally founded by who?,Harry F. Sinclair,Harry Sinclair,0.8,1.0,0.67,7.59,Sinclair Oil Corporation,0.33,0.33,0.33,7.4,-0.47,-0.1899999999999995,-0.1899999999999995,实体跑偏/证据跑偏
5a8a07725542992d82986e5b,4636,"Along side Thomas Alan, which singer's first three albums were recorded at The Boarding House?",Steve Martin,Steve Martin,1.0,1.0,1.0,7.58,Steve Martin's,0.5,0.5,0.5,7.7,-0.5,0.1200000000000001,0.1200000000000001,多余解释/冗余输出（Precision掉）
5ae3a0be5542991a06ce9a05,4641,"The coach of the Karachi Kings, Mickey Arthur, is of what decent?",South African,South African,1.0,1.0,1.0,7.89,a former South African cricketer,0.67,0.5,1.0,7.55,-0.3299999999999999,-0.3399999999999998,-0.33999999999999986,多余解释/冗余输出（Precision掉）
5ac344d6554299741d48a23f,4649,What is the gross leasable area of the shopping mall served by the Merrick Boulevard buses?,1800000 sqft,1800000 sqft,1.0,1.0,1.0,7.59,The mall has a gross leasable area (GLA) of 1800000 sqft,0.36,0.22,1.0,7.65,-0.64,0.0600000000000005,0.0600000000000005,多余解释/冗余输出（Precision掉）
5ade66dd55429975fa854ebe,4658,SMS Emden mounted a symbol on her stem-head from what Kingdom?,Prussia,Prussia,1.0,1.0,1.0,8.13,Iron Cross,0.0,0.0,0.0,7.98,-1.0,-0.1500000000000003,-0.15000000000000036,实体跑偏/证据跑偏
5a75e814554299109176e5c7,4664,"Which Republican Chairman was born June 1, 1956?",Gregg Harper,Gregg Harper,1.0,1.0,1.0,7.87,"Gregory Livingston Harper (born June 1, 1956)",0.22,0.14,0.5,7.73,-0.78,-0.1399999999999996,-0.13999999999999968,实体跑偏/证据跑偏
5a90937955429933b8a20568,4672,The father of Manning Marius Kimmel retired from the Navy in what year?,1942,1942,1.0,1.0,1.0,7.99,early 1942,0.67,0.5,1.0,7.7,-0.3299999999999999,-0.29,-0.29000000000000004,多余解释/冗余输出（Precision掉）
5ab520645542991779162d85,4687,"The comedian who starred in ""Gone Are the Dayes"" made his big break in which show?",The Danny Kaye Show,The Danny Kaye Show,1.0,1.0,1.0,8.3,"His big break was being a featured performer on CBS' ""The Danny Kaye Show",0.4,0.25,1.0,7.9,-0.6,-0.4000000000000003,-0.40000000000000036,多余解释/冗余输出（Precision掉）
5a7f53445542992097ad2f15,4688,Which star of A Family Affair was born in September of 1948?,Samuel Hui,Samuel Hui,1.0,1.0,1.0,8.12,None (no mention of birthdate or year in context),0.0,0.0,0.0,8.0,-1.0,-0.1199999999999992,-0.11999999999999922,同义词/别名未规范化
5a77ad2f55429967ab105225,4689,Sony/Philips Digital Interface Format can transmit over what Toshiba optical fiber connector system?,"TOSLINK (from ""Toshiba Link"") is a standardized optical fiber connector system.",TOSLINK,0.18,1.0,0.1,7.85,fibre optic cable with TOSLINK connectors,0.12,0.17,0.1,7.61,-0.06,-0.2399999999999993,-0.23999999999999932,实体跑偏/证据跑偏
5a84a97f5542992a431d1a87,4690,Which British engineering company is best known for its luxury motor cars in the era of British history that covers the brief reign of King Edward VII?,D. Napier & Son,D. Napier & Son,1.0,1.0,1.0,7.83,D. Napier & Son Limited,0.86,0.75,1.0,7.3,-0.14,-0.5300000000000002,-0.5300000000000002,多余解释/冗余输出（Precision掉）
5ab6f7415542991d322236f4,4691,Sadok Sassi played for a national team that made its first World Cup in what year?,1978,1978,1.0,1.0,1.0,8.22,He was a goalkeeper and played for Club Africain and the Tunisian national team,0.0,0.0,0.0,8.07,-1.0,-0.1500000000000003,-0.15000000000000036,实体跑偏/证据跑偏
5a8e0b7f5542995085b373ae,4692,Mount Gunnison was named in honor of an explorer born in what year?,1812,1812,1.0,1.0,1.0,8.12,John Williams Gunnison,0.0,0.0,0.0,7.96,-1.0,-0.1599999999999992,-0.15999999999999925,实体跑偏/证据跑偏
5ae0ec48554299422ee9955a,4700,"How was Ada Lovelace, the first computer programmer, related to Lord Byron in Childe Byron?",his daughter,Daughter,0.67,1.0,0.5,8.67,"about the strained relationship between the poet, Lord Byron, and his daughter, Ada Lovelace",0.29,0.17,1.0,7.94,-0.38,-0.7299999999999995,-0.7299999999999995,实体跑偏/证据跑偏
5a8f5a185542992414482a71,4706,Of these two publication--Báiki and Sick--what type of publication is the one that was published most frequently?,satirical-humor magazine,Sick magazine,0.4,0.5,0.33,10.17,"Sick was a satirical-humor magazine published from 1960 to 1980, lasting 134 issues",0.38,0.23,1.0,9.4,-0.02,-0.7699999999999996,-0.7699999999999996,实体跑偏/证据跑偏
5ab2b1e05542997061209685,4707,What show does the host of The 2011 Teen Choice Awards ceremony currently star on?,The Big Bang Theory,Big Bang Theory,1.0,1.0,1.0,7.77,"Kaley Cuoco stars on ""The Big Bang Theory",0.6,0.43,1.0,7.64,-0.4,-0.1299999999999999,-0.1299999999999999,实体跑偏/证据跑偏
5ac3959855429939154137f0,4714,What is the name of the role that Cleo Demetriou played in the series So Awkward ?,Lily Hampton,Lily Hampton,1.0,1.0,1.0,7.8,Cleo Demetriou as Lily Hampton,0.57,0.4,1.0,7.58,-0.43,-0.2199999999999997,-0.21999999999999975,多余解释/冗余输出（Precision掉）
5a8782f25542996e4f308818,4715,Live Acoustic America features a cover of a Beatles song that peaked at what number in the United Kingdom?,4,No. 4,0.67,0.5,1.0,8.14,peaked at No. 4,0.4,0.25,1.0,7.28,-0.27,-0.8600000000000003,-0.8600000000000003,数字/单位格式不一致（值相同）
5abadcb35542996606241647,4718,The languages Hussein Ali Mahfouz studied are spoken by how many people?,more than 330 million people,More than 330 million,0.89,1.0,0.8,7.87,Semitic languages are spoken by more than 330 million people,0.67,0.5,1.0,7.4,-0.2199999999999999,-0.4699999999999997,-0.46999999999999975,数字/单位格式不一致（值相同）
5ab7f78f5542991d322237e6,4719,Co-Dependents' Day is an episode of a tv show season which began when?,"Sunday, November 2, 2003","November 2, 2003",0.86,1.0,0.75,7.79,"It originally aired on the Fox network in the United States on March 21, 2004",0.0,0.0,0.0,7.68,-0.86,-0.1100000000000003,-0.11000000000000032,数字取值错误（值不同）
5ae5c212554299546bf82f4b,4722,The Clavivox was invented by an American composer who was born Harry Warnow in what year?,1908,1908,1.0,1.0,1.0,8.01,"September 10, 1908",0.5,0.33,1.0,7.61,-0.5,-0.3999999999999994,-0.39999999999999947,多余解释/冗余输出（Precision掉）
5ab9b939554299743d22ebca,4724,"What is the name of this American entrepreneur-businessman and author from Michigan, who incumbent Governor Jennifer Granholm was elected over in the 2005 Michigan gubernatorial election?",Dick DeVos,Dick DeVos,1.0,1.0,1.0,7.85,"Richard Marvin ""Dick"" DeVos Jr",0.57,0.4,1.0,7.58,-0.43,-0.2699999999999996,-0.2699999999999996,多余解释/冗余输出（Precision掉）
5a7da6015542995f4f40229d,4726,What was the third studio album released by Richard Melville Hall?,Everything Is Wrong,Everything Is Wrong,1.0,1.0,1.0,7.78,Everything Is Wrong (album),0.86,0.75,1.0,7.33,-0.14,-0.4500000000000002,-0.4500000000000002,多余解释/冗余输出（Precision掉）
5a79c8945542994bb945709e,4732,"What year did the director of ""Madadayo"" die?",1998,1998,1.0,1.0,1.0,7.98,"September 6, 1998",0.5,0.33,1.0,7.85,-0.5,-0.1300000000000007,-0.13000000000000078,多余解释/冗余输出（Precision掉）
5ade4801554299728e26c6ab,4735,Wolf and Sheep was screened at which 2016 film festival?,69th Cannes Film Festival,Cannes Film Festival,0.86,1.0,0.75,7.77,the Directors' Fortnight section at the 2016 Cannes Film Festival,0.5,0.38,0.75,7.26,-0.36,-0.5099999999999998,-0.5099999999999998,数字取值错误（值不同）
5a7bc5f255429927d897c03e,4748,Luther: The Calling is based on the BBC crime drama comprising six episodes that were run in which year?,2010,2010,1.0,1.0,1.0,7.73,May and June 2010,0.4,0.25,1.0,7.68,-0.6,-0.0500000000000007,-0.05000000000000071,多余解释/冗余输出（Precision掉）
5ac0e0c75542997d64295a6e,4750,Reggaetón Lento is a song by the boy band formed on which date?,"December 13, 2015","December 13, 2015",1.0,1.0,1.0,8.56,"Latin American boy band CNCO was formed on December 13,",0.31,0.2,0.67,8.14,-0.69,-0.4199999999999999,-0.41999999999999993,数字/单位格式不一致（值相同）
5ac06e24554299294b218fd1,4755,What was the manager for the 1891 Cincinnati Kelly's Killers also commonly known as?,"$10,000 Kelly","$10,000 Kelly",1.0,1.0,1.0,8.0,"$10,000 Kelly,"" was an American outfielder, catcher, and manager in various professional American baseball leagues including the National League, International Association, Players' League, and the American Association",0.15,0.08,1.0,8.16,-0.85,0.1600000000000001,0.16000000000000014,多余解释/冗余输出（Precision掉）
5aba7a22554299232ef4a2e7,4758,The Indigenous Team of the Century's coach played over how many games at senior level?,400,Over 400 games,0.5,0.33,1.0,8.67,He played over 400 games,0.33,0.2,1.0,8.1,-0.1699999999999999,-0.5700000000000003,-0.5700000000000003,数字/单位格式不一致（值相同）
5a8e341c5542995085b373d6,4761,Were either Hou Hsiao-hsien or Kenny Ortega winners of an Academy Award?,no,no,1.0,1.0,1.0,9.62,Hou Hsiao-hsien,0.0,0.0,0.0,7.79,-1.0,-1.8299999999999992,-1.8299999999999992,实体跑偏/证据跑偏
5a7c988755429935c91b524d,4766,"A play that was first performed on February 16th, 1728, at the Theatre Royal, was written by an English novelist who was also the author of what novel?",Tom Jones,Tom Jones,1.0,1.0,1.0,7.84,Love in Several Masques,0.0,0.0,0.0,7.61,-1.0,-0.2299999999999995,-0.22999999999999954,实体跑偏/证据跑偏
5a796bfd55429970f5fffeac,4779,What adorns the archaeological artefact excavated by Thomas Bateman on 3 May 1848?,A simple iron boar crest,Boar crest,0.67,1.0,0.5,8.0,"The Benty Grange helmet is an archaeological artefact excavated by Thomas Bateman on 3 May 1848 from an Anglo-Saxon tumulus (or ""barrow"") at the Benty Grange Farm in the civil parish of Monyash in the English county of Derbyshire",0.0,0.0,0.0,8.08,-0.67,0.08,0.08000000000000007,实体跑偏/证据跑偏
5a7c6c9d554299683c1c6302,4780,In what county was Duffy Jackson born?,Nassau County,Nassau County,1.0,1.0,1.0,7.94,"Freeport, New York",0.0,0.0,0.0,7.55,-1.0,-0.3900000000000005,-0.39000000000000057,实体跑偏/证据跑偏
5a777ca855429949eeb29e6a,4782,What company produced both The Little Mermaid and The Strongest Man in the World?,Walt Disney,Walt Disney,1.0,1.0,1.0,7.97,Walt Disney Pictures,0.8,0.67,1.0,7.45,-0.1999999999999999,-0.5199999999999996,-0.5199999999999996,多余解释/冗余输出（Precision掉）
5ae644cc55429908198fa568,4787,"Which Independent Spirit Award was an actress, who was in a film directed by Neil LaBute, nominated for?",Best Female Lead,Best Female Lead,1.0,1.0,1.0,8.22,Independent Spirit Award for Best Female Lead,0.6,0.43,1.0,7.61,-0.4,-0.6100000000000003,-0.6100000000000003,多余解释/冗余输出（Precision掉）
5ae31ca155429928c4239608,4790,Lucy Pevensie is a character in the series of fantasy novels that have sold more than how many copies?,100 million,Over 100 million,0.8,0.67,1.0,8.03,millions,0.0,0.0,0.0,7.38,-0.8,-0.6499999999999995,-0.6499999999999995,实体跑偏/证据跑偏
5a71278c5542994082a3e5e2,4802,What North Carolina native did Danja produce songs for?,J. Cole,J. Cole,1.0,1.0,1.0,8.27,Whitney Houston,0.0,0.0,0.0,8.1,-1.0,-0.1699999999999999,-0.16999999999999993,实体跑偏/证据跑偏
5ae3376455429928c4239688,4804,"What NFL Team, undefeated in 1972, had on their staff the coach of the 2004 Florida Atlantic Owls football team?",Miami Dolphins,Miami Dolphins,1.0,1.0,1.0,7.89,the 1972 Miami Dolphins,0.8,0.67,1.0,7.43,-0.1999999999999999,-0.4599999999999999,-0.45999999999999996,多余解释/冗余输出（Precision掉）
5a737d3c55429908901be2c8,4811,"I Can See Your Voice, a reality show from South Korea, offers what kind of performers a chance to make their dreams of stardom a reality?",singers,Talented singers,0.67,0.5,1.0,8.36,A reality show platform which offers talented singers the chance to make their dreams of stardom a reality,0.12,0.07,1.0,8.0,-0.55,-0.3599999999999994,-0.35999999999999943,实体跑偏/证据跑偏
5ac4edf155429924173fb4e3,4815,One of the actors in the film Dhruva Natchathiram was awarded an Honorary Doctorate by the People's University of Milan in what year?,2011,2011,1.0,1.0,1.0,8.06,May 2011,0.67,0.5,1.0,7.65,-0.3299999999999999,-0.4100000000000001,-0.41000000000000014,多余解释/冗余输出（Precision掉）
5ac0dcf25542996f0d89cc2c,4828,Who is writing a book about the Koch family who control the second-largest privately owned company in the United States?,Jane Mayer,Jane Mayer,1.0,1.0,1.0,7.77,Forbes,0.0,0.0,0.0,7.53,-1.0,-0.2399999999999993,-0.23999999999999932,实体跑偏/证据跑偏
5ae3dcc05542991a06ce9a33,4834,"Thomas Tull produced the comedy movie The Hangover, which was based in which city?",Las Vegas,Las Vegas,1.0,1.0,1.0,7.75,"None (The context does not mention the city where ""The Hangover"" is based)",0.0,0.0,0.0,7.79,-1.0,0.04,0.040000000000000036,同义词/别名未规范化
5a7619765542992db9473728,4836,"In 1632, where was one of the most highly acclaimed English architects born?",East Knoyle,East Knoyle,1.0,1.0,1.0,8.65,30 October 1632 [O.S. 20 October],0.0,0.0,0.0,8.32,-1.0,-0.33,-0.33000000000000007,同义词/别名未规范化
5ae76e615542997ec2727647,4837,Alternative facts is a phrase use by this U.S. Counselor to the President born in what year?,1967,1967,1.0,1.0,1.0,8.19,"January 20, 1967",0.5,0.33,1.0,7.69,-0.5,-0.4999999999999991,-0.4999999999999991,多余解释/冗余输出（Precision掉）
5a7dab795542990b8f503a22,4847,"El Chavo is a video game published by Slang Publishing, that was based on what Mexican animated series that was based on another TV series created by Roberto Gomez Bolanos?",El Chavo Animado,El Chavo Animado,1.0,1.0,1.0,7.81,"El Chavo Animado"", and only released in Mexico and Brazil, for the Wii on April 27, 2012",0.32,0.19,1.0,7.76,-0.6799999999999999,-0.0499999999999998,-0.04999999999999982,多余解释/冗余输出（Precision掉）
5a779fd95542997042120ab5,4848,In what year were the European Athletics Junior Championships held in the capital of Slovenia?,1997,1997,1.0,1.0,1.0,7.92,The 1997 European Athletics Junior Championships,0.33,0.2,1.0,7.76,-0.6699999999999999,-0.1600000000000001,-0.16000000000000014,多余解释/冗余输出（Precision掉）
5a78d9c455429970f5fffda7,4849,The 1st Alabama Siege Artillery Unit were massacred by Confederate troops under whose command?,Major General Nathan Bedford Forrest,Nathan Bedford Forrest,0.75,1.0,0.6,8.22,soldiers under the command of Confederate Major General Nathan Bedford Forrest,0.67,0.5,1.0,7.75,-0.0799999999999999,-0.4700000000000006,-0.47000000000000064,实体跑偏/证据跑偏
5a7ef49a5542994959419a91,4857,When was the eighth season renewed for the series starring Al Harrington?,"March 23, 2017","March 23, 2017",1.0,1.0,1.0,7.97,"On March 23, 2017",0.86,0.75,1.0,7.11,-0.14,-0.8599999999999994,-0.8599999999999994,多余解释/冗余输出（Precision掉）
5a835e215542992ef85e2296,4859,"Between Pine and Butea, which genus has the greatest number of species?","""Pinus""",Pinus,1.0,1.0,1.0,7.9,None mentioned,0.0,0.0,0.0,7.84,-1.0,-0.0600000000000005,-0.0600000000000005,实体跑偏/证据跑偏
5ae1e1e55542997f29b3c15e,4861,"Lenroy Thomas is the current commonwealth heavyweight champion after beating a British , professional boxer who has a record of 12 wins, 3 defeats, and how many draws?",1,1,1.0,1.0,1.0,8.02,"His record stands at 12 wins, 3 defeats and 1 draw",0.17,0.09,1.0,7.74,-0.83,-0.2799999999999993,-0.27999999999999936,多余解释/冗余输出（Precision掉）
5a72239a55429971e9dc92cf,4868,Who was soldier Archie A. Peck's commanding officer during the Meuse-Argonne Offensive?,Major Charles White Whittlesey,Major Charles White Whittlesey,1.0,1.0,1.0,8.13,General John J. Pershing,0.0,0.0,0.0,7.71,-1.0,-0.4200000000000008,-0.4200000000000008,实体跑偏/证据跑偏
5a7c0dab5542997c3ec972d2,4871,"Los Angeles Historic-Cultural Monument (No. 139) hosted an event by what organization on Oct 12, 1991?",IFBB professional bodybuilding,IFBB,0.5,1.0,0.33,9.39,"The 1991 Ms. Olympia contest was an IFBB professional bodybuilding competition was held on October 12 and 13, 1991 at the Shrine Auditorium in Los Angeles, California",0.22,0.12,1.0,8.9,-0.28,-0.4900000000000002,-0.4900000000000002,实体跑偏/证据跑偏
5a8ce584554299585d9e375c,4874,"Which town in New Hampshire with a population of 5,457 in 2010 is located by Mount Monadnock?",Jaffrey,Jaffrey,1.0,1.0,1.0,8.11,"Jaffrey, New Hampshire",0.5,0.33,1.0,8.07,-0.5,-0.0399999999999991,-0.03999999999999915,多余解释/冗余输出（Precision掉）
5ae0bc185542993d6555ec29,4882,Penny Rae Bridges starred in a television sitcom with what other actor?,Ben Savage,Ben Savage,1.0,1.0,1.0,7.78,Boy Meets World,0.0,0.0,0.0,7.54,-1.0,-0.2400000000000002,-0.2400000000000002,实体跑偏/证据跑偏
5abd0814554299700f9d797a,4883,Jimmy D'Arcy played in Northern Ireland for the team based in what county?,Antrim,Antrim,1.0,1.0,1.0,8.23,Ballymena United,0.0,0.0,0.0,7.61,-1.0,-0.6200000000000001,-0.6200000000000001,实体跑偏/证据跑偏
5a865bbf5542991e77181615,4905,what movie starring Melissa McCarthy features a character named Slimer?,Ghostbusters: Answer the Call,Ghostbusters,0.5,1.0,0.33,8.47,Tammy,0.0,0.0,0.0,7.63,-0.5,-0.8400000000000007,-0.8400000000000007,实体跑偏/证据跑偏
5ae7fa5a554299540e5a56e4,4913,Nochnye Snaipery was founded by Svetlana Surganova and a female who is an Honored Artist of where?,the Chechen Republic,Chechen Republic,1.0,1.0,1.0,7.97,Honored Artist of the Chechen Republic,0.57,0.4,1.0,7.62,-0.43,-0.3499999999999996,-0.34999999999999964,实体跑偏/证据跑偏
5a7a098d5542996c55b2dce3,4925,Dane William DeHaan starred in a movie directed by Anton Corbijn along side which actor?,Robert Pattinson,Robert Pattinson,1.0,1.0,1.0,7.83,James Dean,0.0,0.0,0.0,7.54,-1.0,-0.29,-0.29000000000000004,实体跑偏/证据跑偏
5abe67ae5542991f6610616b,4931,"What is the name of the region that includes the cities Dover and Portsmouth, New Hampshire?",Seacoast Region,Seacoast Region,1.0,1.0,1.0,7.77,Seacoast Region (New Hampshire),0.67,0.5,1.0,7.79,-0.3299999999999999,0.0200000000000004,0.020000000000000462,多余解释/冗余输出（Precision掉）
5a8a5c0d554299515336137b,4937,What professional dancers twice turned on a lights festival taking place on the Fylde Coast in Lancashire?,Audrey Mossom,Audrey Mossom,1.0,1.0,1.0,7.69,Elsie Audrey Mossom,0.8,0.67,1.0,7.29,-0.1999999999999999,-0.4000000000000003,-0.40000000000000036,多余解释/冗余输出（Precision掉）
5ab3849a55429969a97a8170,4945,What part did Dan Lewis play for Arsenal Football Club?,goalkeeper,Goalkeeper,1.0,1.0,1.0,7.87,He kept goal for Arsenal in the 1927 FA Cup Final,0.0,0.0,0.0,8.0,-1.0,0.1299999999999999,0.1299999999999999,同义词/别名未规范化
5ae69df255429908198fa664,4949,"In what year was the singer whose second remix album was ""Hannah Montana Hits Remixed"" born?",1992,1992,1.0,1.0,1.0,8.09,"November 23, 1992",0.5,0.33,1.0,7.91,-0.5,-0.1799999999999997,-0.17999999999999972,多余解释/冗余输出（Precision掉）
5a72bb045542994cef4bc3e4,4966,The Nun is based on what film series based on the real life cases of Ed and Lorraine Warren?,The Conjuring,The Conjuring,1.0,1.0,1.0,8.14,"The Conjuring"" series",0.67,0.5,1.0,7.77,-0.3299999999999999,-0.370000000000001,-0.370000000000001,多余解释/冗余输出（Precision掉）
5ae331fb55429928c4239670,4967,What year did the father of Willem van Oldenbarnevelt die?,1619,1619,1.0,1.0,1.0,7.86,13 May 1619,0.5,0.33,1.0,7.54,-0.5,-0.3200000000000003,-0.3200000000000003,多余解释/冗余输出（Precision掉）
5a8b77705542995d1e6f13aa,4970,What American broadcasting company broadcasted the comedy show hosted by Emma Willmann?,Sirius XM Holdings,Sirius XM,0.8,1.0,0.67,7.79,Sirius XM Satellite Radio,0.57,0.5,0.67,7.73,-0.2300000000000001,-0.0599999999999996,-0.05999999999999961,实体跑偏/证据跑偏
5ac3c1805542995ef918c21f,4973,"The court in which the most important decisions of the ""Black Book of the Admiralty"" where established under a monarch who was also known as the what of Scots?",Hammer,"High Court of Admiralty, Hammer of the Scots",0.25,0.14,1.0,8.34,"High Court of Admiralty during the reign of Edward I, the Hammer of the Scots",0.15,0.08,1.0,7.71,-0.1,-0.6299999999999999,-0.6299999999999999,实体跑偏/证据跑偏
5aba11d25542994dbf0198a6,4980,Which party dominated the last three elections of the state in which Arataca is a municipality?,Workers' Party,Workers' Party,1.0,1.0,1.0,7.8,whose last three elections have been dominated by the Workers' Party,0.33,0.2,1.0,7.59,-0.6699999999999999,-0.2099999999999999,-0.20999999999999996,多余解释/冗余输出（Precision掉）
5a8072a5554299485f5985f1,4982,What separates the islands where the 2015 Africa Magic Viewers Choice Awards were held?,creeks,Creeks,1.0,1.0,1.0,8.09,"creeks, fringing the southwest mouth of Lagos Lagoon",0.25,0.14,1.0,7.74,-0.75,-0.3499999999999996,-0.34999999999999964,多余解释/冗余输出（Precision掉）
5a73d3ea5542992d56e7e3af,5000,Which Native American activist was known for his involvement in the American Indian Movement which addresses incidents of police harassment and racism against Native Americans?,Arlo Looking Cloud,Arlo Looking Cloud,1.0,1.0,1.0,7.94,The American Indian Movement,0.0,0.0,0.0,7.7,-1.0,-0.2400000000000002,-0.2400000000000002,实体跑偏/证据跑偏
5a89dca8554299669944a5dd,5010,Carol Kane played the wife of which fictional character on Taxi?,Latka Gravas,Latka Gravas,1.0,1.0,1.0,8.53,Latka,0.67,1.0,0.5,7.4,-0.3299999999999999,-1.129999999999999,-1.129999999999999,实体跑偏/证据跑偏
5ac4241e5542997ea680ca10,5019,Camp Modin moved to the Belgrade Lakes region of Maine from its previous location in what Maine county?,Somerset County,Kennebec County,0.5,0.5,0.5,7.99,In 1992 the camp moved to Salmon Lake in Maine's Belgrade Lakes region,0.0,0.0,0.0,7.68,-0.5,-0.3100000000000005,-0.3100000000000005,实体跑偏/证据跑偏
5a8db788554299653c1aa145,5020,"Which male singer performed together with a female American singer, who was born in 1954 and whose third studio album was named Through His Eyes, have a hit duet with in 1985?",Phil Collins,Phil Collins,1.0,1.0,1.0,7.83,Marilyn Martin,0.0,0.0,0.0,7.57,-1.0,-0.2599999999999998,-0.2599999999999998,实体跑偏/证据跑偏
5ae49f2c5542995ad6573dc1,5021,"Radio On: A Listener's Diary is the first book by an author that voiced what character in the film ""The Incredibles""?",Violet,Violet,1.0,1.0,1.0,7.8,Sarah Vowell,0.0,0.0,0.0,7.62,-1.0,-0.1799999999999997,-0.17999999999999972,实体跑偏/证据跑偏
5a8933fe55429951533612df,5028,"The younger brother, who became king, of Princess Mafalda of Savoy reigned for how many days?",34 days,34,0.67,1.0,0.5,8.4,He reigned for 34 days,0.57,0.4,1.0,7.57,-0.1,-0.8300000000000001,-0.8300000000000001,数字/单位格式不一致（值相同）
5a83d0ed5542996488c2e4e7,5030,Triangle Brewing Company was started by a founder who had experience as what non-commercial alcohol producer?,homebrewer,Homebrewer,1.0,1.0,1.0,8.05,an avid homebrewer,0.67,0.5,1.0,7.34,-0.3299999999999999,-0.7100000000000009,-0.7100000000000009,多余解释/冗余输出（Precision掉）
5ae13c5155429920d5234336,5038,"After partially sinking in 1994, Celestyal Crystal was rebuilt for the purpose of what Bermudian company?",Norwegian Cruise Line Holdings Ltd.,Norwegian Cruise Line,0.75,1.0,0.6,8.6,"MS ""Leeward for Norwegian Cruise Line",0.55,0.5,0.6,7.81,-0.1999999999999999,-0.79,-0.79,实体跑偏/证据跑偏
5a8708ba55429960ec39b701,5043,Snoop Dogg's Doggystyle and Snoop Dogg's Hustlaz: Diary of a Pimp are hip-hop music videos that feature what film genre?,hardcore pornography,Hardcore pornography,1.0,1.0,1.0,8.02,mixed hardcore pornography,0.8,0.67,1.0,7.41,-0.1999999999999999,-0.6099999999999994,-0.6099999999999994,多余解释/冗余输出（Precision掉）
5add750c5542990dbb2f7e53,5049,"What Guiness World Record is held by the actor who stars as ""Jack"" in a series created by Jim O'Doherty?.",youngest TV director ever,Youngest TV director ever,1.0,1.0,1.0,7.88,certified as the youngest TV director ever,0.8,0.67,1.0,7.33,-0.1999999999999999,-0.5499999999999998,-0.5499999999999998,多余解释/冗余输出（Precision掉）
5aba7cb455429901930fa7eb,5051,What honor has been received by both a former NASA Astronaut and the Founder of FlightSafety International?,National Aviation Hall of Fame,National Aviation Hall of Fame,1.0,1.0,1.0,7.93,"enshrined at Dayton, Ohio",0.0,0.0,0.0,7.62,-1.0,-0.3099999999999996,-0.3099999999999996,实体跑偏/证据跑偏
5ae40a2955429970de88d8a3,5065,In what Italian region was the House of Grimaldi?,Liguria,Liguria,1.0,1.0,1.0,7.76,Italy,0.0,0.0,0.0,7.43,-1.0,-0.33,-0.33000000000000007,实体跑偏/证据跑偏
5ab225565542993be8fa98bf,5072,What child starred in a Chicago production of Alice Walker's 1982 novel?,Diamond White,Diamond White,1.0,1.0,1.0,7.84,"Diamond White (born January 1, 1999)",0.5,0.33,1.0,7.74,-0.5,-0.0999999999999996,-0.09999999999999964,多余解释/冗余输出（Precision掉）
5a8b78f055429971feec471a,5073,Was Steve Sekely and Willian King Baggot known by multiple names or nicknames?,yes,yes,1.0,1.0,1.0,9.06,A,0.0,0.0,0.0,7.8,-1.0,-1.260000000000001,-1.2600000000000007,实体跑偏/证据跑偏
5a79186f55429907847277af,5075,Where is stadium that was named after Rodney Cline Carew?,Panama City,Panama City,1.0,1.0,1.0,7.77,Estadio Nacional de Panama,0.33,0.25,0.5,7.66,-0.6699999999999999,-0.1099999999999994,-0.10999999999999943,实体跑偏/证据跑偏
5ab3e4ee554299233954ffe1,5082,Which University of Virginia alumnus also served under the 30th Governor of Kentucky?,John Nicholas Galleher,John Nicholas Galleher,1.0,1.0,1.0,7.68,Simon Bolivar Buckner,0.0,0.0,0.0,7.52,-1.0,-0.1600000000000001,-0.16000000000000014,实体跑偏/证据跑偏
5ab844815542992aa3b8c8af,5083,What county is Icknield Walk First School located in?,Hertfordshire,Hertfordshire,1.0,1.0,1.0,7.69,"Hertfordshire, England",0.67,0.5,1.0,7.45,-0.3299999999999999,-0.2400000000000002,-0.2400000000000002,多余解释/冗余输出（Precision掉）
5a8da2b05542994ba4e3dcdc,5089,The Grieg crater is named for a Norwegian composer who composed during what era?,Romantic,Romantic,1.0,1.0,1.0,8.16,Romantic era,0.67,0.5,1.0,8.09,-0.3299999999999999,-0.0700000000000002,-0.07000000000000028,多余解释/冗余输出（Precision掉）
5a8bbb8c5542995d1e6f142e,5090,From what countries are Gauhar Ali and Iftikhar Ahmed from?,Pakistan,Pakistan,1.0,1.0,1.0,7.38,Pakistani,0.0,0.0,0.0,7.22,-1.0,-0.1600000000000001,-0.16000000000000014,多余解释/冗余输出（Precision掉）
5a8fbfcd5542997ba9cb3316,5092,Philip Kraft lectured at the largest university in what European country?,Switzerland,Switzerland,1.0,1.0,1.0,7.93,University of Zurich,0.0,0.0,0.0,7.88,-1.0,-0.0499999999999998,-0.04999999999999982,实体跑偏/证据跑偏
5a7cb5f0554299452d57b9b5,5095,"What year was the essay which Henry Louis Gates and Cornel West criticized in their book, ""The Future of the Race"" first published?",1903,1903,1.0,1.0,1.0,7.93,"both commentary and criticism on W. E. B. Du Bois' essay ""The Talented Tenth",0.0,0.0,0.0,7.86,-1.0,-0.0699999999999994,-0.0699999999999994,同义词/别名未规范化
5adf33b35542993a75d26420,5096,"Which university did the singer of ""Long Time Gone"" study?",Tufts University,Tufts University,1.0,1.0,1.0,7.82,He attended Tufts University,0.67,0.5,1.0,7.66,-0.3299999999999999,-0.1600000000000001,-0.16000000000000014,多余解释/冗余输出（Precision掉）
5ac2a277554299657fa28ff3,5099,The Soul of a Butterfly is an autobiography of a professional boxer that was born in what year?,1942,1942,1.0,1.0,1.0,7.91,"January 17, 1942",0.5,0.33,1.0,7.7,-0.5,-0.2099999999999999,-0.20999999999999996,多余解释/冗余输出（Precision掉）
5a8ba761554299240d9c2066,5102,How long did the career span of the actor who starred with Mickey Rooney and Marilyn Maxwell in Off Limits?,nearly 80 years,Nearly 80 years,1.0,1.0,1.0,8.13,"With a career spanning nearly 80 years,",0.67,0.5,1.0,7.63,-0.3299999999999999,-0.5000000000000009,-0.5000000000000009,多余解释/冗余输出（Precision掉）
5a8732505542991e77181713,5104,Friedrich Ratzel coined the phrase Lebensraum; which political movement made it notorious by taking it to extremes?,the Nazi Party,Nazi Party,1.0,1.0,1.0,7.94,The Nazi Party (NSDAP),0.8,0.67,1.0,7.58,-0.1999999999999999,-0.3600000000000003,-0.3600000000000003,实体跑偏/证据跑偏
5add889b5542997545bbbd68,5107,A song sung by Palak Muchhal was picturized by what Indian film actress?,Disha Patani,Disha Patani,1.0,1.0,1.0,7.85,Sushant Singh Rajput and Disha Patani,0.5,0.33,1.0,7.92,-0.5,0.0700000000000002,0.07000000000000028,多余解释/冗余输出（Precision掉）
5a82bb3c55429966c78a6a86,5117,Live at Radio City is a live Album recorded in what City?,New York City,New York,0.8,1.0,0.67,7.65,Radio City Music Hall,0.29,0.25,0.33,7.5,-0.51,-0.1500000000000003,-0.15000000000000036,实体跑偏/证据跑偏
5a888a625542997e5c09a602,5118,What number largest commercial airline in the United States is Hana Hou! published for?,8th,8th,1.0,1.0,1.0,7.72,the 8th largest commercial airline in the US,0.29,0.17,1.0,7.72,-0.71,0.0,0.0,多余解释/冗余输出（Precision掉）
5ae7936d5542997ec27276a7,5148,"How many times was the writer, who invited Hu Lanqi to meet him in Moscow, a nominee for the Nobel Prize in Literature ?",a five-time nominee,Five,0.5,1.0,0.33,8.55,He was a five-time nominee for the Nobel Prize in Literature,0.46,0.3,1.0,7.4,-0.0399999999999999,-1.1500000000000004,-1.1500000000000004,数字/单位格式不一致（值相同）
5abbda84554299642a094b5b,5150,What is the ratio of flow velocity past a boundary to the local speed of sound for a Saab JAS 39 Gripen?,2,Mach 2,0.67,0.5,1.0,8.67,"In fluid dynamics, the Mach number (M or Ma)",0.0,0.0,0.0,8.0,-0.67,-0.6699999999999999,-0.6699999999999999,实体跑偏/证据跑偏
5ac238c555429951e9e684ab,5151,"According to the 2010 census, what was the population of the city in which Boyle's Thirty Acres was located?","247,597","247,597",1.0,1.0,1.0,7.88,"approximately 247,597",0.67,0.5,1.0,7.58,-0.3299999999999999,-0.2999999999999998,-0.2999999999999998,多余解释/冗余输出（Precision掉）
5ae7620f5542997ec2727627,5154,FC Barcelona ambassador Ronaldinho won what French award in addition to FIFA World Player of the Year?,Ballon d'Or,Ballon d'Or,1.0,1.0,1.0,8.07,,0.0,0.0,0.0,7.62,-1.0,-0.4500000000000002,-0.4500000000000002,空输出/解析失败
5a774a9855429972597f14ea,5155,"Which internationl football team has had a player endorse the ""Nike Hypervenom"" football boot?",England,England,1.0,1.0,1.0,7.78,None mentioned,0.0,0.0,0.0,7.9,-1.0,0.1200000000000001,0.1200000000000001,实体跑偏/证据跑偏
5a88a1bb5542997e5c09a64c,5156,Who directed a 2006 film where Ron Perkins character plays the manager of a hotel?,Christopher Nolan,Christopher Nolan,1.0,1.0,1.0,8.09,David Lynch,0.0,0.0,0.0,7.35,-1.0,-0.7400000000000002,-0.7400000000000002,实体跑偏/证据跑偏
5abd7d0c55429924427fd010,5170,Ciril Cvetko is the brother of a scholar who participates in what analysis of music?,Musicology,Musicology,1.0,1.0,1.0,8.34,musical research-based study of music,0.0,0.0,0.0,7.83,-1.0,-0.5099999999999998,-0.5099999999999998,实体跑偏/证据跑偏
5abf12005542997719eab661,5175,"Louis, Count of Armagnac has a descendant that includes which final king of Italy?",Umberto II,Umberto II,1.0,1.0,1.0,7.92,Umberto II of Italy,0.67,0.5,1.0,7.26,-0.3299999999999999,-0.6600000000000001,-0.6600000000000001,多余解释/冗余输出（Precision掉）
5adf73a45542992d7e9f9378,5178,Philip Despencer's brother was a favorite of which king who was deposed in January of 1327?,King Edward II,Edward II,0.8,1.0,0.67,9.45,Edward II of England,0.57,0.5,0.67,9.05,-0.2300000000000001,-0.3999999999999986,-0.3999999999999986,实体跑偏/证据跑偏
5ae6e36155429908198fa6d3,5184,How many disciplines are combined in the degree that Hector Janse van Rensburg graduated from the University of York with?,three,Three,1.0,1.0,1.0,7.84,"Philosophy, Politics and Economics",0.0,0.0,0.0,7.51,-1.0,-0.33,-0.33000000000000007,实体跑偏/证据跑偏
5adc6ca85542994650320ce1,5187,The 1998–99 Los Angeles Lakers season included the signing of the rebounding specialist who had what nickname?,The Worm,The Worm,1.0,1.0,1.0,8.03,"Dennis Rodman, nicknamed ""The Worm",0.4,0.25,1.0,7.8,-0.6,-0.2299999999999995,-0.22999999999999954,多余解释/冗余输出（Precision掉）
5adc02905542994650320c50,5195,Thomas Major was the engraver to the estranged son of which monarch?,George II,George II,1.0,1.0,1.0,8.26,"Frederick, Prince of Wales",0.0,0.0,0.0,7.49,-1.0,-0.7699999999999996,-0.7699999999999996,同义词/别名未规范化
5ae807d25542993210984045,5200,Nominated in ten categories at the 38th Annual César Awards ceremony was a film whose narrative focuses on what two people?,Anne and Georges,Anne and Georges,1.0,1.0,1.0,8.12,"an elderly couple, Anne and Georges",0.75,0.6,1.0,8.03,-0.25,-0.0899999999999998,-0.08999999999999986,多余解释/冗余输出（Precision掉）
5abe45b855429976d4830ad0,5201,During what race leading up to the 1994 Monaco Grand Prix was Roland Ratzenberger killed?,San Marino Grand Prix,San Marino Grand Prix,1.0,1.0,1.0,7.97,during qualifying for the 1994 San Marino Grand Prix,0.67,0.5,1.0,7.69,-0.3299999999999999,-0.2799999999999993,-0.27999999999999936,多余解释/冗余输出（Precision掉）
5ab7f2d05542993667794064,5209,"The Van cat's eyes have what feline form of complete heterochromia, a condition that occurs in some other animals?",odd-eyed,Odd-eyed,1.0,1.0,1.0,8.04,odd-eyed cat,0.8,0.67,1.0,7.25,-0.1999999999999999,-0.7899999999999991,-0.7899999999999991,多余解释/冗余输出（Precision掉）
5a8911dd554299515336129d,5211,The Un-Americans contained which wrestler who also went by what TNA Wrestling name?,Andrew Martin,Andrew Martin,1.0,1.0,1.0,8.17,Christian and Test,0.0,0.0,0.0,7.71,-1.0,-0.4599999999999999,-0.45999999999999996,实体跑偏/证据跑偏
5a90984f55429933b8a20578,5220,"The man tried for the murder of Anthony ""White Tony"" Johnson is suspected of how many unsolved murders along with his younger brother?",96,96,1.0,1.0,1.0,7.63,"He and his younger brother, Dominic Noonan, were suspected by police to be responsible for at least 96 unsolved murders",0.1,0.05,1.0,7.72,-0.9,0.0899999999999998,0.08999999999999986,多余解释/冗余输出（Precision掉）
5ab66a3555429954757d3290,5229,2006 KNVB Cup Final had two goals scored by a player of what nationality?,Dutch,Dutch,1.0,1.0,1.0,7.77,Klaas-Jan Huntelaar,0.0,0.0,0.0,7.63,-1.0,-0.1399999999999996,-0.13999999999999968,实体跑偏/证据跑偏
5add7b0c5542992200553b39,5231,The 2013 Oregon Ducks football team was led by which former American football coach who is currently a college football analyst for Fox Sports?,Mark August Helfrich,Mark Helfrich,0.8,1.0,0.67,7.71,Mark Helfrich (American football),0.57,0.5,0.67,7.32,-0.2300000000000001,-0.3899999999999997,-0.3899999999999997,实体跑偏/证据跑偏
5a72d7b35542991f9a20c5be,5234,What is the name of the pop artist that belongs on the Pledis Entertainment label and has 13 members?,Seventeen,Seventeen,1.0,1.0,1.0,7.82,Seventeen (Hangul: 세븐틴 ),0.5,0.33,1.0,7.56,-0.5,-0.2600000000000007,-0.2600000000000007,多余解释/冗余输出（Precision掉）
5ae143ed55429920d5234360,5239,In what year was the university where Sergei Aleksandrovich Tokarev was a professor founded?,1755,1755,1.0,1.0,1.0,7.54,Moscow State University,0.0,0.0,0.0,7.48,-1.0,-0.0599999999999996,-0.05999999999999961,实体跑偏/证据跑偏
5a8f8c6d5542997ba9cb32b1,5245,"What is the name of this South Asian island country, located in the Indian Ocean for which Ahmed Abdulla is a professional footballer?",Maldives,Maldives,1.0,1.0,1.0,7.81,The Republic of Maldives,0.5,0.33,1.0,7.23,-0.5,-0.5799999999999992,-0.5799999999999992,多余解释/冗余输出（Precision掉）
5a8b56d655429949d91db557,5247,"The remaining two seasons of Kenan & Kel were filmed at which stage facility located at 6230 Sunset Boulevard in Hollywood, California?",Nick on Sunset,Nick on Sunset,1.0,1.0,1.0,8.18,Nick on Sunset theater,0.86,0.75,1.0,7.8,-0.14,-0.3799999999999999,-0.3799999999999999,多余解释/冗余输出（Precision掉）
5ac033495542996f0d89cb59,5248,HK Express is one of how many founding members of the world's first alliance of low cost carriers?,one of the four founding members,Four,0.33,1.0,0.2,8.14,the world's first alliance of low-cost carriers,0.17,0.14,0.2,7.7,-0.16,-0.4400000000000004,-0.4400000000000004,实体跑偏/证据跑偏
5ab6cd0e554299710c8d1f68,5249,What are a Uruguayan professional footballer and Luz Pfannenstiel are best known as?,the best known globetrotters,Globetrotters,0.5,1.0,0.33,8.3,He is regarded along Lutz Pfannenstiel and Sebastián Abreu among the best known globetrotters,0.38,0.23,1.0,7.89,-0.12,-0.410000000000001,-0.41000000000000103,实体跑偏/证据跑偏
5a7a2ec35542990783324eae,5250,Where is the animation studio that produced Mary and the Witch's Flower based in?,Tokyo,"Musashino, Tokyo",0.67,0.5,1.0,7.95,"Musashino, Tokyo, Japan",0.5,0.33,1.0,7.5,-0.17,-0.4500000000000002,-0.4500000000000002,实体跑偏/证据跑偏
5adf8c375542995534e8c7dd,5254,In what year was the 1965 World Series MVP elected to the Baseball Hall of Fame?,1972,1972,1.0,1.0,1.0,8.63,At age 36 in 1972,0.33,0.2,1.0,8.01,-0.6699999999999999,-0.620000000000001,-0.620000000000001,多余解释/冗余输出（Precision掉）
5ac2ffea55429921a00ab0cc,5257,Jordan's Furniture is a furniture retailer with a location in an enclosed shopping mall on the north side of Interstate 295 near what?,the junction with Interstate 95,Interstate 95,0.67,1.0,0.5,8.14,Warwick Mall,0.0,0.0,0.0,7.51,-0.67,-0.6300000000000008,-0.6300000000000008,实体跑偏/证据跑偏
5abab18d55429901930fa89e,5263,"The man Tony Bennet called ""The Father of Rock and Roll"" once toured with what singer who once auditioned for ""Junior Junction"", and landed a recording contract in her teens?",Lola Dee,Lola Dee,1.0,1.0,1.0,7.99,Johnnie Ray and Lola Dee,0.57,0.4,1.0,7.9,-0.43,-0.0899999999999998,-0.08999999999999986,多余解释/冗余输出（Precision掉）
5adbf44355429944faac23ce,5272,In which county does the  8th Military Police Brigade  of the United States Army's Barracks located?,Honolulu,Honolulu,1.0,1.0,1.0,7.69,City and County of Honolulu,0.33,0.2,1.0,7.53,-0.6699999999999999,-0.1600000000000001,-0.16000000000000014,多余解释/冗余输出（Precision掉）
5ae492955542995ad6573daa,5283,"The rock band Sugar Ray began as a funk metal band, while the band Das Damen was considered what?",alternative rock,Alternative rock,1.0,1.0,1.0,7.97,alternative rock band,0.8,0.67,1.0,7.48,-0.1999999999999999,-0.4899999999999993,-0.4899999999999993,多余解释/冗余输出（Precision掉）
5a83161555429940e5e1a958,5286,"What age did a wrestler began his training at who began his friendship with Trevor Mann in Brookport, Illinois CPW?",15,15,1.0,1.0,1.0,8.79,He was unable to wrestle during shows in-state until age 18,0.0,0.0,0.0,8.63,-1.0,-0.1599999999999983,-0.15999999999999837,数字取值错误（值不同）
5a7e23655542997cc2c47528,5290,WBYA is a radio station licensed to a town with what population as of the 2010 census?,566,566,1.0,1.0,1.0,8.18,The population was 566 at the 2010 census,0.29,0.17,1.0,7.91,-0.71,-0.2699999999999996,-0.2699999999999996,多余解释/冗余输出（Precision掉）
5ab6f17d5542995eadef00ee,5293,Alex Yemenidjian is the CEO of the company that owns what Las Vegas Strip hotel?,Tropicana Las Vegas,Tropicana Las Vegas,1.0,1.0,1.0,8.06,"The New Tropicana Las Vegas, Inc",0.75,0.6,1.0,7.68,-0.25,-0.3800000000000008,-0.3800000000000008,多余解释/冗余输出（Precision掉）
5ae0ead25542990adbacf6c8,5303,What is the name for plastic water-filled barriers that you might find along the MacArthur Road highway in Pennsylvania?,Jersey barrier,Jersey barrier,1.0,1.0,1.0,7.98,Jersey barriers,0.5,0.5,0.5,7.65,-0.5,-0.33,-0.33000000000000007,多余解释/冗余输出（Precision掉）
5adc02445542994650320c4e,5310,Ethel Winter worked with which avant-garde theater director?,Jean Erdman,Jean Erdman,1.0,1.0,1.0,7.97,Martha Graham,0.0,0.0,0.0,7.58,-1.0,-0.3899999999999997,-0.3899999999999997,实体跑偏/证据跑偏
5ac299b155429967731025ad,5313,"Human Shadow Etched in Stone is an exhibition to showcase which bombing that killed 129,000 people in 1945?",Hiroshima and Nagasaki,Hiroshima,0.5,1.0,0.33,8.4,Atomic bomb,0.0,0.0,0.0,7.63,-0.5,-0.7700000000000005,-0.7700000000000005,实体跑偏/证据跑偏
5adde5155542997dc7907092,5315,How old was Virginia Bruce when she starred in Let Freedom Ring?,29,29,1.0,1.0,1.0,7.76,not mentioned,0.0,0.0,0.0,7.41,-1.0,-0.3499999999999996,-0.34999999999999964,实体跑偏/证据跑偏
5ac24d725542996366519966,5323,"Who was Germany's large-scale, low strength fortification unit, disbanded in 1919, named after?",Menges,Menges,1.0,1.0,1.0,7.66,Menges Division,0.67,0.5,1.0,7.43,-0.3299999999999999,-0.2300000000000004,-0.23000000000000043,多余解释/冗余输出（Precision掉）
5a7c7c225542996dd594b93f,5326,Which host of Sunday Night Safran has the hebrew first name Yehoshua?,John Safran,John Safran,1.0,1.0,1.0,8.45,John Michael Safran,0.8,0.67,1.0,7.85,-0.1999999999999999,-0.5999999999999996,-0.5999999999999996,实体跑偏/证据跑偏
5a8e4b7c5542990e94052ab7,5327,What is the familial relationship of the founder of the Gulf Cartel to Juan García Ábrego?,uncle,Uncle,1.0,1.0,1.0,7.65,under the tutelage,0.0,0.0,0.0,7.46,-1.0,-0.1900000000000004,-0.1900000000000004,实体跑偏/证据跑偏
5a79caec5542994bb94570ad,5334,When was Leeds no longer called Elmet?,early 7th century,Early 7th century,1.0,1.0,1.0,7.82,between about the 5th century and early 7th century,0.55,0.38,1.0,7.61,-0.4499999999999999,-0.2099999999999999,-0.20999999999999996,多余解释/冗余输出（Precision掉）
5ae73c00554299572ea5478a,5349,"The Runge-Kutta methods were developed by M.W. Kutta and a German mathematician, physicist, and Spectroscopist that was born in what year?",1856,1856,1.0,1.0,1.0,8.21,30 August 1856,0.5,0.33,1.0,7.88,-0.5,-0.3300000000000009,-0.33000000000000096,多余解释/冗余输出（Precision掉）
5ab262e2554299722f9b4cfd,5352,Oxley Highway ends at a coastal town that had how many inhabitants in June 2016 ?,"45,698","45,698",1.0,1.0,1.0,7.97,Port Macquarie,0.0,0.0,0.0,7.38,-1.0,-0.5899999999999999,-0.5899999999999999,实体跑偏/证据跑偏
5aba454855429901930fa794,5360,How many times has the author of Writing with Intent been shortlisted for the Booker Prize ?,five times,Five,0.67,1.0,0.5,8.26,"She is a winner of the Arthur C. Clarke Award and Prince of Asturias Award for Literature, has been shortlisted for the Booker Prize five times, winning once",0.15,0.08,1.0,7.76,-0.52,-0.5,-0.5,数字/单位格式不一致（值相同）
5ae4903855429913cc2044a0,5367,What do Woodstock and American Dream have in common?,documentary film,Film,0.67,1.0,0.5,8.43,,0.0,0.0,0.0,7.63,-0.67,-0.7999999999999998,-0.7999999999999998,空输出/解析失败
5a882d9a5542997e5c09a599,5371,"I Love Melvin is a musical and dancing comedy film starring an American dancer, singer, and actor who co=starred with a talking mule named what?",Francis,Francis,1.0,1.0,1.0,8.07,Francis the Talking Mule,0.5,0.33,1.0,7.68,-0.5,-0.3900000000000005,-0.39000000000000057,多余解释/冗余输出（Precision掉）
5ab602405542992aa134a401,5372,June Martino served as bookkeeper for the man who revolutionized what company?,McDonald's,McDonald's,1.0,1.0,1.0,7.81,Ray Kroc's,0.0,0.0,0.0,7.53,-1.0,-0.2799999999999993,-0.27999999999999936,实体跑偏/证据跑偏
5ab6cce1554299710c8d1f67,5373,From which phrase the name of the place where Hazina Towers is under construction?,Maasai phrase,Maasai phrase,1.0,1.0,1.0,7.42,Nairobi,0.0,0.0,0.0,7.44,-1.0,0.0200000000000004,0.020000000000000462,实体跑偏/证据跑偏
5a72814f5542994cef4bc2eb,5374,The American Astronomical Society presents an award named after what New Zealand astronomer?,Beatrice Tinsley,Beatrice Tinsley,1.0,1.0,1.0,8.17,Beatrice Muriel Hill Tinsley,0.67,0.5,1.0,7.52,-0.3299999999999999,-0.6500000000000004,-0.6500000000000004,实体跑偏/证据跑偏
5ab3d2595542992ade7c6ebf,5379,Where is the university located in which the current editor-in-chief of Review of Policy Reseach is from?,Toronto,Toronto,1.0,1.0,1.0,8.18,"Toronto, Ontario, Canada",0.5,0.33,1.0,7.57,-0.5,-0.6099999999999994,-0.6099999999999994,多余解释/冗余输出（Precision掉）
5adf6b405542992d7e9f9341,5393,"Which contributor to Fear: 13 Stories of Suspense and Horror was born on March 15, 1953 ?",Heather Graham,Heather Graham,1.0,1.0,1.0,8.11,Heather Graham Pozzessere,0.8,0.67,1.0,7.31,-0.1999999999999999,-0.7999999999999998,-0.7999999999999998,多余解释/冗余输出（Precision掉）
5a83172455429954d2e2ec14,5397,Whose brother was a king of the East-Saxons?,Sæward,Sæward,1.0,1.0,1.0,8.11,Sexred,0.0,0.0,0.0,7.67,-1.0,-0.4399999999999995,-0.4399999999999995,实体跑偏/证据跑偏
5abface75542990832d3a196,5400,"Por Baazar contains a cameo by an Indian film director, screenwriter, producer, actor, playback singer, and television host, who was born to Javed Akhtar and who?",Honey Irani,Honey Irani,1.0,1.0,1.0,7.61,Farhan Akhtar,0.0,0.0,0.0,7.71,-1.0,0.0999999999999996,0.09999999999999964,实体跑偏/证据跑偏
5abd882f55429924427fd045,5401,"When was the multinational group headquartered in the Netherlands adjacent to the Junction 27 Retail Park near Birstall, Batley, West Yorkshite, England, founded?",1943,1943,1.0,1.0,1.0,8.06,It has been the world's largest furniture retailer since at least 2008,0.0,0.0,0.0,7.86,-1.0,-0.2000000000000001,-0.20000000000000018,数字取值错误（值不同）
5ae1c3cd554299492dc91b87,5409,"In what English district is the town Digby, Victoria may be named after?","North Kesteven, Lincolnshire, England",Lincolnshire,0.4,1.0,0.25,9.42,"Digby, Lincolnshire",0.33,0.5,0.25,8.73,-0.07,-0.6899999999999995,-0.6899999999999995,实体跑偏/证据跑偏
5a8a1a975542992e4fca8505,5410,Deckers Creek begins west of an unincorporated area in what West Virginia county?,Preston County,Preston County,1.0,1.0,1.0,7.85,Arthurdale Preston County,0.8,0.67,1.0,7.4,-0.1999999999999999,-0.4499999999999993,-0.4499999999999993,多余解释/冗余输出（Precision掉）
5a75ac415542992d0ec05fdb,5412,The M104 155mm Projectile was specifically designed to carry about 11.7 pounds of what prototypical substance?,mustard gas,Sulfur mustard,0.5,0.5,0.5,8.4,sulfur mustard H or HD blister gas,0.44,0.29,1.0,7.6,-0.06,-0.8000000000000007,-0.8000000000000007,实体跑偏/证据跑偏
5ae5a63c5542992663a4f203,5413,What is the nickname of the regional dialect from the city from which the English Footballer Tomi Ameobi was born in?,Geordie,Geordie,1.0,1.0,1.0,7.61,The regional nickname and dialect for people from Newcastle and the surrounding area is Geordie,0.14,0.08,1.0,7.66,-0.86,0.0499999999999998,0.04999999999999982,多余解释/冗余输出（Precision掉）
5a77d5b855429949eeb29f77,5414,"Which nationality is the international footballer, born 20 March 1984, who made his breakthrough La Liga debut in the 2002–03 Atlético Madrid season, scoring 13 league goals as a teenager?",Spanish,Spanish,1.0,1.0,1.0,7.54,Spanish professional footballer,0.5,0.33,1.0,7.63,-0.5,0.0899999999999998,0.08999999999999986,多余解释/冗余输出（Precision掉）
5a728b1c5542992359bc30e0,5423,"Which member of the boy group Shinee released their first studio album ""She is""?",Jonghyun,Jonghyun,1.0,1.0,1.0,8.35,Kim Jong-hyun (singer),0.0,0.0,0.0,7.98,-1.0,-0.3699999999999992,-0.3699999999999992,同义词/别名未规范化
5abec8e45542997ec76fd364,5424,Which conflict was this person whose assassination led to Mark Fulton taking over command the Loyalist Volunteer Force involved in?,the Troubles,The Troubles,1.0,1.0,1.0,7.99,Billy Wright's assassination by members of the Irish National Liberation Army (INLA),0.0,0.0,0.0,7.72,-1.0,-0.2700000000000004,-0.27000000000000046,同义词/别名未规范化
5a8753c05542994846c1cd62,5425,"Before the 2004-2005 Minnesota Timberwovles season, what had Sam Cassell had been honored with what titles?",All-NBA Team,NBA All-Star Game,0.57,0.5,0.67,8.49,"He was selected for the NBA All-Star Game and All-NBA Team once, both in the 2003–04 season",0.29,0.17,1.0,8.0,-0.2799999999999999,-0.4900000000000002,-0.4900000000000002,实体跑偏/证据跑偏
5ac10832554299012d1db687,5429,"How many episodes were in the 23rd season of a Fox network show which, in it's twenty-second season, aired it's twenty-first episode which was written by John Frink and directed by Bob Anderson.",22 episodes.,22,0.67,1.0,0.5,8.57,"On November 11, 2010, the series was renewed for a 23rd season by Fox with 22 episodes",0.24,0.13,1.0,7.83,-0.43,-0.7400000000000002,-0.7400000000000002,数字取值错误（值不同）
5ab7a1f65542991d3222378f,5431,What is the middle name of the actress who played Lucy Baker in the TV series Lassie ?,Wanda,Wanda,1.0,1.0,1.0,8.05,Pamelyn Wanda,0.67,0.5,1.0,7.6,-0.3299999999999999,-0.450000000000001,-0.45000000000000107,多余解释/冗余输出（Precision掉）
5a7563a45542996c70cfaeec,5432,What university employed the psychologist that inspired David McClelland's thinking on power??,Harvard University,Harvard University,1.0,1.0,1.0,8.02,None mentioned,0.0,0.0,0.0,8.18,-1.0,0.1600000000000001,0.16000000000000014,实体跑偏/证据跑偏
5ab91e3255429916710eb117,5438,Where was the set for the winner of the WD Weatherford Award in 1998?,Coalwood,Coalwood,1.0,1.0,1.0,7.66,"Coalwood is an unincorporated community coal town in McDowell County, West Virginia, United States",0.14,0.08,1.0,7.82,-0.86,0.1600000000000001,0.16000000000000014,多余解释/冗余输出（Precision掉）
5abc1ca15542993a06baf88d,5441,Which acter/director is known for depicting the Russian working class life and directed a film that won an Academy Award in 1981?,Vladimir Menshov,Vladimir Menshov,1.0,1.0,1.0,7.74,Vladimir Valentinovich Menshov,0.8,0.67,1.0,7.29,-0.1999999999999999,-0.4500000000000002,-0.4500000000000002,实体跑偏/证据跑偏
5ab204795542993be8fa98ad,5442,Peter and the Wolf was originally released as a segment of an animated anthology released to theaters on which day ?,"April 20, 1946",April 20,0.8,1.0,0.67,8.11,"as a segment in ""Make Mine Music",0.0,0.0,0.0,7.95,-0.8,-0.1599999999999992,-0.15999999999999925,实体跑偏/证据跑偏
5ab7cc145542995dae37e9a1,5456,Taylor Momsen and Craig Mabbitt from Escape the Fate have what in common?,lead singer,Lead vocalists,0.5,0.5,0.5,8.59,He is the lead vocalist for American rock band Escape the Fate,0.17,0.1,0.5,8.11,-0.3299999999999999,-0.4800000000000004,-0.4800000000000004,实体跑偏/证据跑偏
5adfa97555429942ec259ae1,5470,What is the strongest focus of the Adelaide Fim Festical put on by CEO Amanda Duthie?,Australian,Local Australian content,0.5,0.33,1.0,8.26,The AFF has a strong focus on local South Australian and Australian produced content,0.15,0.08,1.0,7.57,-0.35,-0.6899999999999995,-0.6899999999999995,实体跑偏/证据跑偏
5a7b220855429931da12c9e5,5484,The Julian P. Kanter Political Commercial Archive has been designated an official project by an initiative to preserve and protect what?,"historic buildings, arts, and published works","historic buildings, arts, and published works",1.0,1.0,1.0,7.9,Save America's Treasures,0.0,0.0,0.0,7.67,-1.0,-0.2300000000000004,-0.23000000000000043,实体跑偏/证据跑偏
5ae6fee3554299572ea54670,5492,The player who defeated Johnny Majors for the Heisman Trophy in 1956 was born in what year?,1935,1935,1.0,1.0,1.0,8.16,Paul Hornung,0.0,0.0,0.0,7.8,-1.0,-0.3600000000000003,-0.3600000000000003,实体跑偏/证据跑偏
5ab97a315542996be2020517,5493,Which actor that has performed as Inspector Javert in a Les Misérables production Has won the Laurence Olivier Award for Best Actor in a musical three times?,Philip Quast,Philip Quast,1.0,1.0,1.0,8.03,Philip Mark Quast,0.8,0.67,1.0,7.44,-0.1999999999999999,-0.589999999999999,-0.589999999999999,实体跑偏/证据跑偏
5a714b645542994082a3e78b,5494,What year did Lindsey Broad star in the movie with Russell Brand and Jonah Hill?,2010,2010,1.0,1.0,1.0,8.04,"Her film credits include ""21 Jump Street"", ""Don Jon"", and ""Get Him to the Greek",0.0,0.0,0.0,7.93,-1.0,-0.1099999999999994,-0.10999999999999943,数字取值错误（值不同）
5add1d435542990d50227de8,5496,"Where is the company, which designed the Glomar Challenger, based?","Vernier, Switzerland",Switzerland,0.67,1.0,0.5,8.24,Global Marine Inc. (now Transocean Inc.),0.0,0.0,0.0,7.76,-0.67,-0.4800000000000004,-0.4800000000000004,实体跑偏/证据跑偏
5a76394c5542994ccc918725,5499,"When was the band who composited ""Discipline"" formed?",1968,1968,1.0,1.0,1.0,7.58,King Crimson are an English rock band formed in London in 1968,0.17,0.09,1.0,7.67,-0.83,0.0899999999999998,0.08999999999999986,多余解释/冗余输出（Precision掉）
5ae773eb5542997b22f6a777,5510,When did the HBO series that Alice Wetterlund star in premier?,"April 6, 2014","April 6, 2014",1.0,1.0,1.0,8.12,"She played the role of Carla Walton on the HBO sitcom ""Silicon Valley",0.0,0.0,0.0,7.63,-1.0,-0.4899999999999993,-0.4899999999999993,同义词/别名未规范化
5ae26c435542994d89d5b420,5515,Cagliostro-Walzer op.370 was composed by a man born in what year?,1825,1825,1.0,1.0,1.0,7.63,"October 25, 1825",0.5,0.33,1.0,7.75,-0.5,0.1200000000000001,0.1200000000000001,多余解释/冗余输出（Precision掉）
5ae5fc345542993aec5ec1f8,5536,Kiki Preston was the alleged mother of a child born out of wedlock with a prince born in which year ?,1902,"Prince George, Duke of Kent (1902)",0.29,0.17,1.0,8.58,"Prince George, Duke of Kent",0.0,0.0,0.0,7.75,-0.29,-0.8300000000000001,-0.8300000000000001,实体跑偏/证据跑偏
5abd578a5542993062266c5d,5543,The W. H. Shipman House is in what Hawaii county?,Hawaii County,Hawaii,0.67,1.0,0.5,8.48,"Hilo, Hawaii",0.5,0.5,0.5,7.65,-0.17,-0.8300000000000001,-0.8300000000000001,实体跑偏/证据跑偏
5ae46c9d5542996836b02c9d,5550,What prize was won in 1963by this physicist who was part of the Princeton Three?,Nobel Prize,Nobel Prize,1.0,1.0,1.0,8.1,Nobel Prize in Physics,0.67,0.5,1.0,7.43,-0.3299999999999999,-0.6699999999999999,-0.6699999999999999,多余解释/冗余输出（Precision掉）
5ab724b45542991d32223785,5566,Moss Side railway station is on Blackpool South railway station which is how far from Waterloo Road tram stop?,about 500 m,500 meters,0.4,0.5,0.33,8.24,It lies only a short walk from Blackpool Football Club's stadium at Bloomfield Road,0.0,0.0,0.0,7.64,-0.4,-0.6000000000000005,-0.6000000000000005,实体跑偏/证据跑偏
5a7c25895542997c3ec972e6,5567,Arena Bowl XII included what team coached by current head coach of the Washington Redskins?,Orlando Predators,Orlando Predators,1.0,1.0,1.0,7.88,"For the Predators, it was their fourth ArenaBowl appearance in their eight years of existence (having lost ArenaBowls VI, VIII and IX).  This year, they were under the command of first-year head coach (and former Tampa Bay Storm QB) Jay Gruden",0.05,0.03,0.5,8.05,-0.95,0.1700000000000008,0.17000000000000082,实体跑偏/证据跑偏
5ab3b50055429969a97a818c,5570,On which river is the shipyard established by Andrew Sprowle ?,the Elizabeth River,Elizabeth River,1.0,1.0,1.0,7.87,"Portsmouth, Virginia",0.0,0.0,0.0,7.66,-1.0,-0.2099999999999999,-0.20999999999999996,实体跑偏/证据跑偏
5ab82e195542992aa3b8c8a8,5577,The Russian-British physicist who shared the Nobel Prize in Physics in 2010 has established a reserach center dedicated to continuing the work with graphene in what country?,Singapore,Singapore,1.0,1.0,1.0,7.89,National University of Singapore (NUS),0.33,0.2,1.0,7.79,-0.6699999999999999,-0.0999999999999996,-0.09999999999999964,多余解释/冗余输出（Precision掉）
5ac514d05542994611c8b372,5584,What is the name of the person that named Moltke Nunatak after the Chief of the German General staff that served from 1906 to 1914?,Second German Antarctic Expedition of 1911–12 under Wilhelm Filchner.,Wilhelm Filchner,0.33,1.0,0.2,7.83,General Helmuth von Moltke,0.0,0.0,0.0,7.52,-0.33,-0.3100000000000005,-0.3100000000000005,实体跑偏/证据跑偏
5abd1b5e55429933744ab728,5596,The A5117 runs between Shotwick and a village with a 2011 population of what?,"4,972","4,972",1.0,1.0,1.0,9.0,Helsby,0.0,0.0,0.0,8.26,-1.0,-0.7400000000000002,-0.7400000000000002,实体跑偏/证据跑偏
5ae150ab55429901ffe4ae53,5605,How many seats does the jet airliner with which Boeing 777X was intended to compete have?,280 to 366,280 to 366,1.0,1.0,1.0,7.96,"The A350 is positioned to succeed the A340, and compete with the Boeing 787 and 777",0.12,0.08,0.33,7.34,-0.88,-0.6200000000000001,-0.6200000000000001,数字取值错误（值不同）
5a80f42b55429938b614226c,5619,When was the medieval fortress abandoned that is to the north of Yellowcraig?,end of the 17th century,End of 17th century,1.0,1.0,1.0,8.27,by the end of the 17th century,0.89,0.8,1.0,7.42,-0.1099999999999999,-0.8499999999999996,-0.8499999999999996,数字/单位格式不一致（值相同）
5ab94ade554299743d22eac7,5620,Persona Non Grata includes interviews by the political leader of what nationality?,Palestinian,Palestinian,1.0,1.0,1.0,8.07,Palestinian President Yasser Arafat,0.4,0.25,1.0,7.81,-0.6,-0.2600000000000007,-0.2600000000000007,多余解释/冗余输出（Precision掉）
5addd41b5542990dbb2f7e94,5628,"In what capacity did the author of the book,  An Inconvenient Truth,  serve in the United States government ?",Vice President,Vice President,1.0,1.0,1.0,8.08,,0.0,0.0,0.0,7.61,-1.0,-0.4699999999999997,-0.46999999999999975,空输出/解析失败
5adc294c5542996e685252cf,5631,Which university's teams with a mascot called Stomper began competing in the Northern Sun Intercollegiate Conference in 2008?,Minnesota State Mavericks,Minnesota State,0.8,1.0,0.67,7.32,"The athletic teams of Minnesota State University, Mankato are known as the Minnesota State Mavericks",0.38,0.23,1.0,7.55,-0.42,0.2299999999999995,0.22999999999999954,实体跑偏/证据跑偏
5ae0247955429925eb1afc22,5634,Where did the character  Xavin  changed into a black female just for the sake first appeared,"""Runaways"".",Runaways,1.0,1.0,1.0,8.61,to the Runaways,0.67,0.5,1.0,8.1,-0.3299999999999999,-0.5099999999999998,-0.5099999999999998,多余解释/冗余输出（Precision掉）
5ab9e2055542994dbf019884,5637,What kind of group does At the Drive-In and Muse have in common?,band,Band,1.0,1.0,1.0,8.23,Musicians United for Safe Energy,0.0,0.0,0.0,7.99,-1.0,-0.2400000000000002,-0.2400000000000002,实体跑偏/证据跑偏
5a7b116a554299042af8f6c4,5645,"What year did the prison where William Penn wrote No Cross, No Crown stop being used as a prison?",1952,1952,1.0,1.0,1.0,8.25,until 1952,0.67,0.5,1.0,7.75,-0.3299999999999999,-0.5,-0.5,多余解释/冗余输出（Precision掉）
5ab587f85542992aa134a34d,5647,Where did The Cure record their highest charting single?,Hookend Recording Studios,Hookend Recording Studios,1.0,1.0,1.0,7.97,"Hookend Recording Studios in Checkendon, Oxfordshire",0.67,0.5,1.0,7.29,-0.3299999999999999,-0.6799999999999997,-0.6799999999999997,多余解释/冗余输出（Precision掉）
5adbe27c55429947ff173854,5656,"Which university has more campuses, Dalhousie University or California State Polytechnic University, Pomona?",Dalhousie University,Dalhousie University,1.0,1.0,1.0,7.95,"California State Polytechnic University, Pomona",0.29,0.2,0.5,7.69,-0.71,-0.2599999999999998,-0.2599999999999998,实体跑偏/证据跑偏
5ab5e4e15542997d4ad1f229,5663,When was the football club founded in which Walter Otto Davisplayed at centre forward?,1885,Millwall Football Club (1885),0.4,0.25,1.0,8.69,Founded as Millwall Rovers in 1885,0.29,0.17,1.0,7.67,-0.11,-1.0199999999999996,-1.0199999999999996,数字/单位格式不一致（值相同）
5a8135eb55429938b61422fa,5672,The nightclub Playboy Club was located at this hotel and casino located near the Las Vegas Strip that has how many rooms?,703,703,1.0,1.0,1.0,7.82,It has 703 rooms and suites,0.29,0.17,1.0,7.59,-0.71,-0.2300000000000004,-0.23000000000000043,多余解释/冗余输出（Precision掉）
5a7e355055429934daa2fbf4,5673,whodesigned the first theoretical mechanism for the detonation of an atomic bomb and was part of the group of scientists who first discovered nuclear fission?,Otto Robert Frisch,Otto Robert Frisch,1.0,1.0,1.0,7.88,Otto Robert Frisch FRS with his collaborator Rudolf Peierls,0.5,0.33,1.0,7.72,-0.5,-0.1600000000000001,-0.16000000000000014,多余解释/冗余输出（Precision掉）
5ab6c65e554299710c8d1f58,5678,What was the population of the town as of 2000 where the historic tugboat Catawissa is located?,"8,515","8,515",1.0,1.0,1.0,8.26,"The population was 8,515 at the 2000 census",0.29,0.17,1.0,7.45,-0.71,-0.8099999999999996,-0.8099999999999996,多余解释/冗余输出（Precision掉）
5abbd3b4554299642a094b4f,5682,What sort of dog did the same man who cared for the living gift that Martin Bormann gave Hitler have?,dachshund,Dachshund,1.0,1.0,1.0,7.89,German shepherd,0.0,0.0,0.0,7.58,-1.0,-0.3099999999999996,-0.3099999999999996,实体跑偏/证据跑偏
5a89875655429938390d4047,5683,What profession does Kazuyuki Fujita and Gilbert Yvel have in common?,martial artist,Mixed Martial Artist,0.8,0.67,1.0,8.07,"professional wrestler, mixed martial artist",0.57,0.4,1.0,7.74,-0.2300000000000001,-0.33,-0.33000000000000007,实体跑偏/证据跑偏
5add64065542995b365fab25,5686,What do Lavinia Greenlaw and Nâzım Hikmet have in common?,poet and novelist,Poet,0.5,1.0,0.33,8.48,"He was acclaimed for the ""lyrical flow of his statements",0.0,0.0,0.0,7.56,-0.5,-0.9200000000000008,-0.9200000000000008,实体跑偏/证据跑偏
5ae0b4c15542993d6555ec21,5687,What are The Ready Set and Cell?,band,American singer-songwriter band,0.4,0.25,1.0,8.68,"The Ready Set, Cell",0.0,0.0,0.0,7.94,-0.4,-0.7399999999999993,-0.7399999999999993,实体跑偏/证据跑偏
5ae113de55429901ffe4ad51,5689,Berthold Louis Ullman died in a country that is approximately how many acres?,110,110,1.0,1.0,1.0,8.01,"With an area of approximately 110 acres,",0.29,0.17,1.0,7.63,-0.71,-0.3799999999999999,-0.3799999999999999,多余解释/冗余输出（Precision掉）
5ae4b8fc55429913cc2044e5,5700,When did the place in Canada where François Beaucourt (1740-1794) was mainly active acquired its present name?,1763,1763,1.0,1.0,1.0,7.95,1763–1791,0.67,0.5,1.0,7.37,-0.3299999999999999,-0.5800000000000001,-0.5800000000000001,多余解释/冗余输出（Precision掉）
5ac0aab35542992a796ded5c,5705,Meet Market is a 2004 film starring which son of a former prime minister?,Julian McMahon,Julian McMahon,1.0,1.0,1.0,7.99,Julian Dana William McMahon,0.67,0.5,1.0,7.61,-0.3299999999999999,-0.3799999999999999,-0.3799999999999999,实体跑偏/证据跑偏
5a83972f5542996488c2e46d,5723,Roy Holder appeared in a 1967 film which was based on a play of the same name written by who?,William Shakespeare,William Shakespeare,1.0,1.0,1.0,7.82,about a courtship between two strong-willed people,0.0,0.0,0.0,7.37,-1.0,-0.4500000000000002,-0.4500000000000002,实体跑偏/证据跑偏
5adfd0d655429942ec259b4e,5737,What is the name of the process used by a company that is located in New Jersey and invented Hexachrome?,CMYKOG process,CMYKOG,0.67,1.0,0.5,8.1,Pantone Inc,0.0,0.0,0.0,7.44,-0.67,-0.6599999999999993,-0.6599999999999993,实体跑偏/证据跑偏
5a8008b95542992097ad2fcf,5739,"The Light Princess was inspired by ""what"" literary tale published by Charles Perrault in 1697?",Sleeping Beauty,Sleeping Beauty,1.0,1.0,1.0,9.18,Histoires ou contes du temps passé,0.0,0.0,0.0,8.92,-1.0,-0.2599999999999998,-0.2599999999999998,实体跑偏/证据跑偏
5a8ac5595542992d82986f77,5743,"In 2001, Hampton Pirates men's basketball defeated a second seed team that was coached by who ?",by Larry Eustachy,Larry Eustachy,0.8,1.0,0.67,8.02,Iowa State,0.0,0.0,0.0,7.7,-0.8,-0.3199999999999994,-0.3199999999999994,实体跑偏/证据跑偏
5a87defa5542993e715abfec,5745,"Nicholas Scibetta's hit man brother-in-law, who confessed to being involved in the murder of 19 people, helped prosecutors convict what Gambino family boss?",John Gotti,John Gotti,1.0,1.0,1.0,7.93,Sammy the Bull Gravano,0.0,0.0,0.0,7.5,-1.0,-0.4299999999999997,-0.4299999999999997,实体跑偏/证据跑偏
5ade18df5542990dbb2f7f53,5748,"Which television network that aired Gameshow Marathon has been owned by the Bell Media division of BCE, Inc since 2000?",CTV,CTV,1.0,1.0,1.0,7.59,"Since 2000 it is owned by the Bell Media division of BCE, Inc",0.0,0.0,0.0,7.64,-1.0,0.0499999999999998,0.04999999999999982,同义词/别名未规范化
5ab874ba5542990e739ec904,5763,The Twelfth United States Army Group commander was the first chairman of what?,Joint Chiefs of Staff,Joint Chiefs of Staff,1.0,1.0,1.0,7.84,Chairman of the Joint Chiefs of Staff,0.8,0.67,1.0,7.53,-0.1999999999999999,-0.3099999999999996,-0.3099999999999996,多余解释/冗余输出（Precision掉）
5ab55e015542992aa134a2d3,5768,The Hong Kong Museum of Coastal Defence is located on an island with a population of what?,"1,289,500","1,289,500",1.0,1.0,1.0,7.81,Hong Kong Island,0.0,0.0,0.0,7.47,-1.0,-0.3399999999999998,-0.33999999999999986,实体跑偏/证据跑偏
5a7df25a5542990b8f503b02,5770,What did the screewriter for a 2013 psychological thriller film directed by Denis Villeneuve get a Goya Award nomination for Best Adapted Screenplay at the 27th Goya Awards for?,"""Invader (Invasor)""",Invader (Invasor),1.0,1.0,1.0,8.1,"Best Adapted Screenplay at the 27th Goya Awards for ""Invader (Invasor)",0.33,0.2,1.0,7.8,-0.6699999999999999,-0.2999999999999998,-0.2999999999999998,多余解释/冗余输出（Precision掉）
5a73984355429908901be307,5776,"What singer-songwriter performed the country pop sing ""Fifteen""?",Taylor Swift,Taylor Swift,1.0,1.0,1.0,7.89,American singer-songwriter Taylor Swift,0.57,0.4,1.0,7.71,-0.43,-0.1799999999999997,-0.17999999999999972,多余解释/冗余输出（Precision掉）
5a8db2105542994ba4e3dd04,5779,"The Government Digital Service is overseen by the Chief Secretary to the Treasury, who is from which party?",Conservative,Conservative,1.0,1.0,1.0,7.81,"Minister for the Cabinet Office, Ben Gummer and the Chief Secretary to the Treasury, David Gauke",0.0,0.0,0.0,7.68,-1.0,-0.1299999999999999,-0.1299999999999999,实体跑偏/证据跑偏
5ae48d1755429913cc204499,5781,Which actor in The Lieutenant Wears Skirts is named Samuel?,Tom Ewell,Tom Ewell,1.0,1.0,1.0,7.38,Tom Ewell (born Samuel Yewell Tompkins),0.5,0.33,1.0,7.23,-0.5,-0.1499999999999994,-0.14999999999999947,多余解释/冗余输出（Precision掉）
5ae5559c55429960a22e02ba,5783,John Roger Kirkpatrick Scott was a member of the U.S. House of Representatives from a Commonwealth that borders what to the east?,New Jersey,New Jersey,1.0,1.0,1.0,7.56,Pennsylvania,0.0,0.0,0.0,7.36,-1.0,-0.1999999999999993,-0.1999999999999993,实体跑偏/证据跑偏
5a8f51695542992414482a3e,5787,What space mission is the Rear Admiral astronuat born 1923 known for?,Mercury Seven,Mercury Seven,1.0,1.0,1.0,8.22,Moon Shot,0.0,0.0,0.0,7.66,-1.0,-0.5600000000000005,-0.5600000000000005,实体跑偏/证据跑偏
5adc0f8d55429947ff1738ef,5788,Between Parsifal and Saul og David which opera has more acts?,Saul og David,Saul og David,1.0,1.0,1.0,7.84,"The four-act libretto, by Einar Christiansen, tells the Biblical story of Saul's jealousy of the young David",0.11,0.07,0.33,7.77,-0.89,-0.0700000000000002,-0.07000000000000028,实体跑偏/证据跑偏
5a8da70a5542994ba4e3dcea,5789,Ashly Burch is known for voicing Aloy in a video game released in what year?,2017,2017,1.0,1.0,1.0,8.69,early 2017,0.67,0.5,1.0,8.12,-0.3299999999999999,-0.5700000000000003,-0.5700000000000003,多余解释/冗余输出（Precision掉）
5ae47fe255429913cc204482,5801,This Australian racing driver currently drives the No. 22 Holden VF Commodore produced by Holden Commodore which manufactures what other models?,sedan and station wagon,Holden Calais and Ute,0.25,0.25,0.25,8.56,the second and last significant restyled iteration of the final fourth generation of the Holden Commodore to be manufactured in Australia,0.09,0.06,0.25,7.99,-0.16,-0.5700000000000003,-0.5700000000000003,实体跑偏/证据跑偏
5a8b40b055429949d91db50c,5809,"John Michael Montgomery has had more than 30 singles on the ""Billboard"" country music charts, but what single from his fourth studio album What I Do the Best never reached the top ten on the Hot Country Songs charts?","""Ain't Got Nothin' on Us""",Ain't Got Nothin' on Us,1.0,1.0,1.0,8.16,How Was I to Know,0.0,0.0,0.0,7.68,-1.0,-0.4800000000000004,-0.4800000000000004,实体跑偏/证据跑偏
5a79ad485542994bb9457036,5810,What competitions does Lai Shiu Wing team compete participate in?,FIFA World Cup,FIFA World Cup,1.0,1.0,1.0,7.73,"represents Hong Kong in international association football competitions such as the FIFA World Cup, AFC Asian Cup and East Asian Football Championship",0.25,0.14,1.0,7.83,-0.75,0.0999999999999996,0.09999999999999964,多余解释/冗余输出（Precision掉）
5a84b5f05542991dd0999da5,5811,"In the muti-sport games usually held every four years between nations around the Mediterranean Sea, Fatma Lanouar is best known for winning gold in which event?",1500 metres,women's 1500 metres,0.8,0.67,1.0,7.94,twice (2001 and 2005) winning the gold medal at the Mediterranean Games in the women's 1500 metres,0.25,0.14,1.0,7.77,-0.55,-0.1700000000000008,-0.17000000000000082,数字取值错误（值不同）
5ae8161555429952e35eaa04,5812,Where was the match held where Chicharito scored goals along with Antonio Valencia and Dimitar Berbatov?,Wembley Stadium,Wembley Stadium,1.0,1.0,1.0,7.91,"Wembley Stadium, London",0.8,0.67,1.0,7.46,-0.1999999999999999,-0.4500000000000002,-0.4500000000000002,多余解释/冗余输出（Precision掉）
5abb17e75542996cc5e49fa2,5814,What city is the the Iranian Airlines involved in the 1993 Tehran mid-air collision based out of?,"Tehran, Iran",Tehran,0.67,1.0,0.5,8.01,"Iran Air Tours Tupolev Tu-154M, registered EP-ITD",0.18,0.11,0.5,7.54,-0.49,-0.4699999999999997,-0.46999999999999975,实体跑偏/证据跑偏
5a7bbee85542997c3ec97270,5829,Rafe Hernandez is a fictional character who played with Chrishell Stause's charachter on Days of our live?,Jordan Ridgeway,Jordan Ridgeway,1.0,1.0,1.0,7.94,"Rafe Hernandez is a fictional character on ""Days of Our Lives"", an American soap opera on the NBC network",0.0,0.0,0.0,7.77,-1.0,-0.1700000000000008,-0.17000000000000082,同义词/别名未规范化
5abbc7a055429931dba1451b,5834,In what order does Three Colours: Blue appear in the Three Colours trilogy?,first,First,1.0,1.0,1.0,8.35,first of three films,0.4,0.25,1.0,7.78,-0.6,-0.5699999999999994,-0.5699999999999994,多余解释/冗余输出（Precision掉）
5a81456855429938b614231e,5836,"Between Valparaiso University and Old Dominion University, which institution has higher student enrollment?",Old Dominion University,Old Dominion University,1.0,1.0,1.0,7.32,"It was established in 1930 as the Norfolk Division of the College of William & Mary and is now one of the largest universities in Virginia with an enrollment of 24,670 students for the 2014-2015 academic year",0.0,0.0,0.0,7.85,-1.0,0.5299999999999994,0.5299999999999994,实体跑偏/证据跑偏
5adf400a5542993a75d2644e,5846,What type of submarine was the non-nuclear U-32?,German Type 212 class,U-27 class,0.29,0.33,0.25,9.19,U-27 class U-boat or submarine,0.18,0.14,0.25,8.6,-0.1099999999999999,-0.5899999999999999,-0.5899999999999999,数字取值错误（值不同）
5a7653d25542992db9473765,5853,Nick Hexum of which American rock band helped produce Decomposer by The Matches?,311,311,1.0,1.0,1.0,7.91,Nick Hexum of 311,0.4,0.25,1.0,7.71,-0.6,-0.2000000000000001,-0.20000000000000018,多余解释/冗余输出（Precision掉）
5a7d1868554299452d57bae2,5870,The Shrewsbury & Newport Canals Trust promotes the restoration of what navigable canal in England?,Shropshire Union Canal,Shropshire Union Canal,1.0,1.0,1.0,8.0,Shrewsbury Canal,0.4,0.5,0.33,7.53,-0.6,-0.4699999999999997,-0.46999999999999975,实体跑偏/证据跑偏
5a87556d5542994846c1cd65,5871,"The Dalmatian parliamentary election, 1861 was held in what crown land of the Austrian Empire?",held in Kingdom of Dalmatia,Kingdom of Dalmatia,0.75,1.0,0.6,8.4,Kingdom of Galicia and Lodomeria,0.4,0.4,0.4,7.67,-0.35,-0.7300000000000004,-0.7300000000000004,实体跑偏/证据跑偏
5ae25c815542992decbdcccc,5875,"What trio was the songwriter of ""What Are We Doin' Lonesome"" from?",trio with his younger brothers Steve and Rudy,Larry Gatlin & the Gatlin Brothers,0.17,0.25,0.12,8.49,Larry Gatlin & the Gatlin Brothers Band,0.15,0.2,0.12,7.88,-0.02,-0.6100000000000003,-0.6100000000000003,实体跑偏/证据跑偏
5ac3a7ce554299391541388f,5877,"Dichroa and Lathyrus, both native to Europe?",no,No,1.0,1.0,1.0,8.42,There are 52 species in Europe,0.0,0.0,0.0,8.14,-1.0,-0.2799999999999993,-0.27999999999999936,实体跑偏/证据跑偏
5ae37d265542994393b9e6e7,5879,Which of the people featured on Wall of Fame is the daughter of Bernie Ecclestone?,Tamara Ecclestone,Tamara Ecclestone,1.0,1.0,1.0,7.91,Tamara Ecclestone Rutland,0.8,0.67,1.0,7.07,-0.1999999999999999,-0.8399999999999999,-0.8399999999999999,多余解释/冗余输出（Precision掉）
5ae66d785542996d980e7b67,5880,When was the company that produced rectangular crackers that have 18 holes in a 3x6 pattern founded?,1853,1853,1.0,1.0,1.0,7.83,Founded in 1853,0.5,0.33,1.0,7.9,-0.5,0.0700000000000002,0.07000000000000028,多余解释/冗余输出（Precision掉）
5a806aca5542996402f6a503,5886,Which characters are akin to goblins and were added to a Tilted Mill Entertainment video game in 2009?,Orc characters,Orc Lords,0.5,0.5,0.5,8.14,An orc (also spelled as ork) is a fictional humanoid creature that is part of a fantasy race akin to goblins,0.1,0.06,0.5,7.65,-0.4,-0.4900000000000002,-0.4900000000000002,实体跑偏/证据跑偏
5a8483b45542992a431d1a40,5891,What star of Two and a Half Men won two young artist and TV-land awards for his character?,Angus Turner Jones,Angus T. Jones,0.67,0.67,0.67,8.44,"Jones is best known for playing Jake Harper in the CBS sitcom ""Two and a Half Men"", for which he had won two Young Artist and a TV Land Award during his 10-year tenure as one of the show's main characters",0.05,0.03,0.33,8.41,-0.62,-0.0299999999999993,-0.02999999999999936,实体跑偏/证据跑偏
5ae12f16554299422ee9961f,5893,Who directed the film that Mads Mikkelsen won the award for Best Actor for his performance in at the 58th Bodil Awards?,Nicolas Winding Refn,Nicolas Winding Refn,1.0,1.0,1.0,7.77,Mads Mikkelsen,0.0,0.0,0.0,7.57,-1.0,-0.1999999999999993,-0.1999999999999993,实体跑偏/证据跑偏
5adc3aff5542996e685252eb,5894,What star in the film Up at the Villa has earned the title of knighthood?,Sir Derek George Jacobi,Derek Jacobi,0.67,1.0,0.5,8.61,James Fox,0.0,0.0,0.0,7.93,-0.67,-0.6799999999999997,-0.6799999999999997,实体跑偏/证据跑偏
5a8c493e554299653c1aa020,5896,John ruskin named his album due to a removal of what?,marker pen,Marker pen,1.0,1.0,1.0,7.91,the subsequent removal of which resulted in a rash,0.0,0.0,0.0,7.62,-1.0,-0.29,-0.29000000000000004,实体跑偏/证据跑偏
5ac31602554299741d48a1bf,5912,"Which of the actress starred in  Zombie Night appeared in the 1998 erotic thriller ""Wild Things""?",Jennifer Taylor,Jennifer Taylor,1.0,1.0,1.0,8.09,"She appeared in the 1998 erotic thriller ""Wild Things",0.0,0.0,0.0,7.85,-1.0,-0.2400000000000002,-0.2400000000000002,实体跑偏/证据跑偏
5ab51dbd5542996a3a96a023,5915,Along which river is the Kentucky Department of Corrections headquarted?,Kentucky River,Kentucky River,1.0,1.0,1.0,7.84,Located along the Kentucky River,0.67,0.5,1.0,7.51,-0.3299999999999999,-0.33,-0.33000000000000007,多余解释/冗余输出（Precision掉）
5a78e86f55429974737f78fb,5916,"What does the unique calendar system in Japan, who the first Emperor of Japan created, emphasize?",the long history of Japan,Long history of Japan,1.0,1.0,1.0,8.11,the long history of Japan and the Imperial dynasty,0.73,0.57,1.0,7.66,-0.27,-0.4499999999999993,-0.4499999999999993,实体跑偏/证据跑偏
5ae254565542992decbdccbb,5918,"In what year was the writer of the drama ""Ingenious"" born?",1959,1959,1.0,1.0,1.0,7.9,"Jeanette Winterson, OBE (born 27 August 1959)",0.25,0.14,1.0,7.59,-0.75,-0.3100000000000005,-0.3100000000000005,多余解释/冗余输出（Precision掉）
5a8ad6db55429950cd6afba7,5919,What field of study is related to Ovamir Anjum's work and is known as Islamic mysticism?,Sufism,Sufism,1.0,1.0,1.0,8.41,Islamic philosophy and Sufism,0.4,0.25,1.0,7.76,-0.6,-0.6500000000000004,-0.6500000000000004,多余解释/冗余输出（Precision掉）
5a89bb0b5542992e4fca83a0,5921,Who created the series broadcast on the WB that Leigh-Allyn Baker had a recurring role on?,Constance M. Burge,Constance M. Burge,1.0,1.0,1.0,8.02,None (Leigh-Allyn Baker did not have a recurring role on a series broadcast on the WB),0.0,0.0,0.0,7.86,-1.0,-0.1599999999999992,-0.15999999999999925,同义词/别名未规范化
5ab431e65542991751b4d6e2,5926,"Until when did this region exist as an organized incorporated territory of the United States, for which Samuel Thurston served as its first delegate?","February 14, 1859","February 14, 1859",1.0,1.0,1.0,8.61,"until February 14, 1859",0.86,0.75,1.0,7.67,-0.14,-0.9399999999999996,-0.9399999999999995,多余解释/冗余输出（Precision掉）
5a7ad6045542992d025e6706,5928,How many Academy Awards has the writer for the music of The Road to Hong Kong won?,four,Four,1.0,1.0,1.0,7.8,"He wrote songs for films, television and theater, and won an Emmy and four Academy Awards for Best Original Song",0.1,0.05,1.0,7.7,-0.9,-0.0999999999999996,-0.09999999999999964,多余解释/冗余输出（Precision掉）
5adcba885542994ed6169bd9,5939,"Performers that have played at the L.B. Amphitheatre include an American rock band that originally formed in Jacksonville, Florida, in 1964, as who?",My Backyard,My Backyard,1.0,1.0,1.0,7.94,Lynyrd Skynyrd,0.0,0.0,0.0,7.64,-1.0,-0.3000000000000007,-0.3000000000000007,实体跑偏/证据跑偏
5abd14c455429924427fceec,5942,Who will conduct the firing cannons in Victoria as part of a musical piece written to celebrate the defeat of Napoleon in Russia?,Tania Miller,Tania Miller,1.0,1.0,1.0,7.74,"Also included in the event is a very large fireworks display, as well as live cannon fire, during the 1812 Overture",0.0,0.0,0.0,7.85,-1.0,0.1099999999999994,0.10999999999999943,实体跑偏/证据跑偏
5a810221554299260e20a1f9,5944,Who wrote the 1970 international hit song Murray Head is most recognized for?,Andrew Lloyd Webber and Tim Rice,Andrew Lloyd Webber,0.67,1.0,0.5,8.19,Superstar,0.0,0.0,0.0,7.61,-0.67,-0.5799999999999992,-0.5799999999999992,实体跑偏/证据跑偏
5a8351fd55429954d2e2ec98,5948,What superhero is followed in the American comic book series that started as a horror comics anthology and introduced the fictional realm based on Norse mythology?,Thor,Thor,1.0,1.0,1.0,7.84,The Mighty Thor,0.67,0.5,1.0,7.71,-0.3299999999999999,-0.1299999999999999,-0.1299999999999999,多余解释/冗余输出（Precision掉）
5abaca935542996606241610,5951,"""Text Me Merry Christmas"" is a song performed by Kristen Bell and a group that originated at what univeristy?",Indiana University,Indiana University,1.0,1.0,1.0,7.93,Straight No Chaser (group),0.0,0.0,0.0,7.57,-1.0,-0.3599999999999994,-0.35999999999999943,同义词/别名未规范化
5a7369da55429901807db037,5954,In what group was the writer of Songs and Dances of Death in?,"""The Five""",The Five,1.0,1.0,1.0,7.95,"one of the group known as ""The Five",0.29,0.17,1.0,7.66,-0.71,-0.29,-0.29000000000000004,多余解释/冗余输出（Precision掉）
5a7cc59c55429909bec767fb,5966,"How many miles west of Phoenix, Arizona is the base where the 63d Fighter Squadron is assigned?",15,15,1.0,1.0,1.0,7.72,"also about 15 mi west of Phoenix, Arizona",0.22,0.12,1.0,7.57,-0.78,-0.1499999999999994,-0.14999999999999947,多余解释/冗余输出（Precision掉）
5a7c8a3b55429935c91b5204,5967,Town's first season in their new stadium was under the leadership of an English Football manager who was born when?,1 December 1948,1948,0.5,1.0,0.33,8.26,"After playing at Leeds Road for 86 years, Town moved to the new stadium with a then capacity of around 20,000",0.0,0.0,0.0,8.05,-0.5,-0.209999999999999,-0.20999999999999908,数字取值错误（值不同）
5abc41315542993a06baf8bb,5974,Mía Maestro had a role in the 2002 biopic directed by whom?,Julie Taymor,Julie Taymor,1.0,1.0,1.0,8.14,"It stars Salma Hayek in her Academy Award-nominated portrayal as Kahlo and Alfred Molina as her husband, Diego Rivera",0.0,0.0,0.0,8.06,-1.0,-0.08,-0.08000000000000007,实体跑偏/证据跑偏
5abba3cd554299642a094aee,5977,"How many different schools does the university, in which Andrew J. Elliot is a professor of psychology, have?",six,Six,1.0,1.0,1.0,7.77,The university has six schools,0.4,0.25,1.0,7.47,-0.6,-0.2999999999999998,-0.2999999999999998,多余解释/冗余输出（Precision掉）
5adbd1d25542994650320bf6,5979,What is the current job of the former partner in ice skating of Vladimir Fedorov?,She currently works as a coach and choreographer,Coach and choreographer,0.6,1.0,0.43,8.66,"With partner Oleg Ovsyannikov, she is the 1998 Olympic silver medalist and two-time (1998, 1999) World champion",0.17,0.12,0.29,7.91,-0.4299999999999999,-0.75,-0.75,实体跑偏/证据跑偏
5ab3ec51554299753aec59f1,5981,Sachin H. Jain served as Chief Medical Information and Innovation Officer for one of the largest pharmaceutical companies in the world called what?,Merck & Co.,Merck & Co,1.0,1.0,1.0,8.2,"Merck & Co., Inc",0.8,0.67,1.0,7.47,-0.1999999999999999,-0.7299999999999995,-0.7299999999999995,多余解释/冗余输出（Precision掉）
5a85a37d5542997175ce1fe5,5999,How many termini does the train that runs on the C&M subdivision and runs between Chicago and the Pacific Northwest serve?,two termini,Two,0.67,1.0,0.5,8.01,"The route has two segments west of Spokane that serve two termini, Seattle and Portland",0.25,0.14,1.0,7.7,-0.42,-0.3099999999999996,-0.3099999999999996,数字/单位格式不一致（值相同）
5ae0bf3a55429906c02dab21,6008,Which Democrat running for president in 2020 currently holds Maryland’s 6th district in the US House of Representatives?,John Delaney,John Delaney,1.0,1.0,1.0,7.34,He is a member of the Democratic Party,0.0,0.0,0.0,7.63,-1.0,0.29,0.29000000000000004,实体跑偏/证据跑偏
5ab43179554299233955004d,6014,What is the female star of Klepto best known for performing in?,The Secret World of Alex Mack,The Secret World,0.57,1.0,0.4,8.33,the debut film of director Thomas Trail and premiered at the 2003 CineVegas Film Festival,0.11,0.08,0.2,7.73,-0.4599999999999999,-0.5999999999999996,-0.5999999999999996,实体跑偏/证据跑偏
5a7cd280554299452d57ba7f,6015,What star of a Matthew Senreich and Zeb Wells comedy was born in July of 1983?,Heidi Lynn Gardner,Heidi Lynn Gardner,1.0,1.0,1.0,8.26,"Heidi Lynn Gardner (born July 27, 1983)",0.6,0.43,1.0,7.65,-0.4,-0.6099999999999994,-0.6099999999999994,多余解释/冗余输出（Precision掉）
5a712beb5542994082a3e61c,6017,What Golden Globe Award actor starred in the film Little Fugitive?,Peter Dinklage,Peter Dinklage,1.0,1.0,1.0,8.09,Peter Hayden Dinklage,0.8,0.67,1.0,7.32,-0.1999999999999999,-0.7699999999999996,-0.7699999999999996,实体跑偏/证据跑偏
5a8b2dc055429950cd6afc62,6020,What year was a film made that starred Michael Bean and was directed by Terry Gilliam?,2009,2009,1.0,1.0,1.0,8.09,None (Michael Bean is not mentioned in the context),0.0,0.0,0.0,7.44,-1.0,-0.6499999999999995,-0.6499999999999995,同义词/别名未规范化
5adfde09554299025d62a369,6025,"Robert Lewis ""Bob"" Pruett coached many high-profile National Football League players, including a wide reciver that holds what 2007 NFL record?",single-season touchdown reception,single-season touchdown reception,1.0,1.0,1.0,7.86,single-season touchdown reception record,0.89,0.8,1.0,7.42,-0.1099999999999999,-0.4400000000000004,-0.4400000000000004,多余解释/冗余输出（Precision掉）
5a8642045542991e771815e2,6030,What is the man who Hofstadter's law is named after's profession?,professor of cognitive science,Professor of cognitive science,1.0,1.0,1.0,7.85,American professor of cognitive science,0.89,0.8,1.0,7.5,-0.1099999999999999,-0.3499999999999996,-0.34999999999999964,多余解释/冗余输出（Precision掉）
5a88dc5a5542993b751ca890,6037,What Australian Electoral Division in New South Wales created in 1906 covers suburbs like Alexandria?,Division of Cook,Division of Cook,1.0,1.0,1.0,7.98,The Division of Cook (1906–55),0.75,0.6,1.0,7.73,-0.25,-0.25,-0.25,多余解释/冗余输出（Precision掉）
5ae5faf555429929b0807a4c,6040,What kind of political party that combined conservative policies with liberal stances were Pio Cabanillas Gallas and Jose Maria de Areilza the leaders of?,liberal conservative,Liberal Conservative,1.0,1.0,1.0,7.47,"People's Party (Spanish: ""Partido Popular"" ; PP) was a Spanish liberal conservative political party, founded in 1976",0.24,0.13,1.0,7.95,-0.76,0.4800000000000004,0.4800000000000004,多余解释/冗余输出（Precision掉）
5a834cea5542990548d0b1c6,6046,What college did the person who defeated Fedor Emelianenko play football at?,Purdue University,University of Nebraska,0.4,0.33,0.5,8.46,,0.0,0.0,0.0,7.77,-0.4,-0.6900000000000013,-0.6900000000000013,空输出/解析失败
5ae234e85542994d89d5b395,6048,Which  princess of French origin did Conrad IV of Germany married to,Isabella II,Isabella II,1.0,1.0,1.0,7.52,Queen Isabella II of Jerusalem,0.57,0.4,1.0,7.56,-0.43,0.04,0.040000000000000036,多余解释/冗余输出（Precision掉）
5a899b6455429946c8d6e955,6049,For what film was an actor in Alligator nominated for an Academy Award?,The Godfather Part II,The Godfather Part II,1.0,1.0,1.0,8.11,"He was nominated for an Academy Award for his role in ""The Godfather Part II"" (1974)",0.35,0.21,1.0,7.93,-0.65,-0.1799999999999997,-0.17999999999999972,多余解释/冗余输出（Precision掉）
5a81018755429938b6142287,6055,Who is the fictional head of a British Secret Service division and for which a one-time missionary was the inspiration for?,Q,Q,1.0,1.0,1.0,7.75,Quartermaster Q,0.67,0.5,1.0,7.56,-0.3299999999999999,-0.1900000000000004,-0.1900000000000004,多余解释/冗余输出（Precision掉）
5a7f8d755542992097ad2f9d,6057,How many visitors per year does the first stop of OC Transpo Route 97 attract each year?,about 7 million,7 million,0.8,1.0,0.67,7.98,The mall is one of the busiest in the National Capital Region as it attracts about 7 million visitors per year from across the city and the surrounding region,0.22,0.12,1.0,7.88,-0.5800000000000001,-0.1000000000000005,-0.10000000000000053,数字/单位格式不一致（值相同）
5a85b2ac5542991dd0999e90,6058,Brad Budde played professionally for a team in the NFL that was founded in 1960 as the Dallas Texans by who?,Lamar Hunt,Lamar Hunt,1.0,1.0,1.0,8.15,businessman Lamar Hunt,0.8,0.67,1.0,7.65,-0.1999999999999999,-0.5,-0.5,多余解释/冗余输出（Precision掉）
5a8701b3554299211dda2b9a,6073,Werner Christie served under the politician who was also Director-General of what other organization?,World Health Organization,World Health Organization,1.0,1.0,1.0,7.6,Gro Harlem Brundtland's cabinet,0.0,0.0,0.0,7.51,-1.0,-0.0899999999999998,-0.08999999999999986,实体跑偏/证据跑偏
5a87a47c5542994846c1cdbd,6074,What is the name of this French former footballer whom football fans refer the football player Wilfred Bamnjo to as?,Makélélé,Claude Makélélé,0.67,0.5,1.0,8.05,Hong Kong Makélélé,0.5,0.33,1.0,7.36,-0.17,-0.6900000000000004,-0.6900000000000004,实体跑偏/证据跑偏
5ae518655542993aec5ec139,6075,Ken Pruitt  was a Republican member of an upper house of the legislature with how many members ?,40 members,40,0.67,1.0,0.5,8.57,...the Florida Senate is the upper house of the legislature of the U.S. state of Florida... has 40 members,0.24,0.13,1.0,7.84,-0.43,-0.7300000000000004,-0.7300000000000004,数字/单位格式不一致（值相同）
5ae76d185542997ec2727641,6078,What is the occupation of the Miami Dolphins owner's wife?,jewelry designer,Jewelry designer,1.0,1.0,1.0,7.99,American jewelry designer,0.8,0.67,1.0,7.37,-0.1999999999999999,-0.6200000000000001,-0.6200000000000001,多余解释/冗余输出（Precision掉）
5a7ccc1e55429909bec7680e,6081,On what UHF channel is the station that Cindy Williams is on broadcast?,44,Channel 44,0.67,0.5,1.0,8.59,WCSH,0.0,0.0,0.0,7.88,-0.67,-0.71,-0.71,实体跑偏/证据跑偏
5ac1c4e85542994ab5c67e0c,6086,What cover for the main game of NBA 2K16 earned a gold medal playing with Team USA at the 2012 Summer Olympics?,Anthony Davis,Anthony Davis,1.0,1.0,1.0,7.69,"There are three different covers for the main game, one featuring Anthony Davis of the New Orleans Pelicans",0.22,0.12,1.0,7.57,-0.78,-0.1200000000000001,-0.1200000000000001,多余解释/冗余输出（Precision掉）
5ab487f55542990594ba9c4f,6096,The 2015 Cotton Bowl was played at the stadium that was the home of which NFL team?,Dallas Cowboys,Dallas Cowboys,1.0,1.0,1.0,7.5,"AT&T Stadium, formerly Cowboys Stadium, is a retractable roof stadium in Arlington, Texas, United States",0.12,0.07,0.5,7.8,-0.88,0.2999999999999998,0.2999999999999998,实体跑偏/证据跑偏
5ab8effd5542991b5579f062,6101,Bure Family Wines is named after former ice hockey player?,"Valeri Vladimirovich ""Val"" Bure",Valeri Bure,0.67,1.0,0.5,8.21,No,0.0,0.0,0.0,7.52,-0.67,-0.6900000000000013,-0.6900000000000013,实体跑偏/证据跑偏
5abc0ba05542996583600409,6108,"Of all the teams John Nyskohus played for, which team was known as ""the Black and Whites?""",Adelaide City,Adelaide City FC,0.8,0.67,1.0,7.73,Adelaide City Football Club,0.67,0.5,1.0,7.65,-0.13,-0.08,-0.08000000000000007,实体跑偏/证据跑偏
5ae12b6755429920d52342e4,6111,Valuair was acquired in 2005 by a low-cost airline based where?,in Singapore,Singapore,0.67,1.0,0.5,8.9,Jetstar Asia Airways,0.0,0.0,0.0,7.92,-0.67,-0.9800000000000004,-0.9800000000000004,实体跑偏/证据跑偏
5ac0c3275542992a796ded7d,6116,"The reporter who digs into the campaign of a former Marine Colonel, worked where in Cleveland?",Cleveland Press,Cleveland Press,1.0,1.0,1.0,8.06,with the Cleveland Press,0.8,0.67,1.0,7.37,-0.1999999999999999,-0.6900000000000004,-0.6900000000000004,多余解释/冗余输出（Precision掉）
5a776a7055429966f1a36d32,6117,What was the nationality and profession of the person responsible for the concept of a dimensionless number in physics and engineering?,French mathematician and physicist,French physicist,0.67,1.0,0.5,8.46,Russian physicist,0.33,0.5,0.25,7.64,-0.34,-0.8200000000000012,-0.8200000000000012,实体跑偏/证据跑偏
5ac313145542995ef918c0ed,6121,Chantal Thomas wrote a book that was turned into a 2012 film directed by whom?,Benoît Jacquot,Benoît Jacquot,1.0,1.0,1.0,7.88,"based on the novel of the same name by Chantal Thomas, who won the ""Prix Femina"" in 2002",0.0,0.0,0.0,7.73,-1.0,-0.1499999999999994,-0.14999999999999947,实体跑偏/证据跑偏
5adda7275542995b365fab57,6123,"Who was the last monarch of England to be overthrown before The English General Election, 1690?",King James II of England,King James II,0.75,1.0,0.6,9.07,King James II of England (James VII of Scotland),0.71,0.56,1.0,8.43,-0.04,-0.6400000000000006,-0.6400000000000006,实体跑偏/证据跑偏
5ae4094655429970de88d896,6137,Santa Bring My Baby Back was released on which fourth Elvis studio album in 1957?,Elvis' Christmas Album,Elvis' Christmas Album,1.0,1.0,1.0,8.05,"RCA Victor ""Elvis' Christmas Album",0.75,0.6,1.0,7.68,-0.25,-0.370000000000001,-0.370000000000001,多余解释/冗余输出（Precision掉）
5a83ef745542996488c2e4f8,6138,What novel about a murderer inspired Till Lindemann's music?,Perfume,Perfume,1.0,1.0,1.0,7.9,Perfume: The Story of a Murderer,0.4,0.25,1.0,7.62,-0.6,-0.2800000000000002,-0.28000000000000025,多余解释/冗余输出（Precision掉）
5a8d0c1b5542994ba4e3dbb3,6145,"In which language is the notable song by Suresh Peters from ""Gentleman ""?",Tamil,Tamil,1.0,1.0,1.0,8.06,sung in Tamil,0.5,0.33,1.0,7.6,-0.5,-0.4600000000000008,-0.46000000000000085,多余解释/冗余输出（Precision掉）
5abbd72d55429931dba1459e,6146,WrestleMania XXX took place at the home venue of which National Football League team?,New Orleans Saints,New Orleans Saints,1.0,1.0,1.0,8.19,Mercedes-Benz Superdome,0.0,0.0,0.0,7.84,-1.0,-0.3499999999999996,-0.34999999999999964,实体跑偏/证据跑偏
5a862f985542991e771815af,6154,"Who wrote and directed the American film, Elephant?","American film ""Elephant"" by Gus Van Sant",Gus Van Sant,0.6,1.0,0.43,8.15,written and directed by Gus Van Sant,0.57,0.57,0.57,7.66,-0.03,-0.4900000000000002,-0.4900000000000002,实体跑偏/证据跑偏
5a80ddc555429938b6142224,6160,The American actor Chip Zien is best known for this Broadway production by which American composer and lyricist who received an Academy Award and Tony Awards?,Stephen Sondheim,Stephen Sondheim,1.0,1.0,1.0,8.21,Into the Woods,0.0,0.0,0.0,7.94,-1.0,-0.2700000000000004,-0.27000000000000046,实体跑偏/证据跑偏
5ab3952e5542992ade7c6de8,6165,On what day of the week did the eleventh season's finale of American Dad air?,Sunday,Sunday,1.0,1.0,1.0,7.41,"September 21, 2014",0.0,0.0,0.0,7.34,-1.0,-0.0700000000000002,-0.07000000000000028,实体跑偏/证据跑偏
5a843f305542996488c2e51d,6166,"When will Flicker, created by a member of One Direction, be released?","October 20, 2017","October 20, 2017",1.0,1.0,1.0,8.18,"scheduled for release on October 20, 2017",0.6,0.43,1.0,8.0,-0.4,-0.1799999999999997,-0.17999999999999972,多余解释/冗余输出（Precision掉）
5ae73d415542991e8301cc2b,6168,Who co-wrote Taylor Swift's song that had its music video premiere during the pre-show of the 2015 MTV Video Music Awards?,Max Martin and Shellback,Max Martin,0.67,1.0,0.5,8.35,None (since there is no mention of a specific song or co-writer in the context),0.0,0.0,0.0,7.56,-0.67,-0.79,-0.79,实体跑偏/证据跑偏
5ae62c385542995703ce8b3e,6176,How many albums have been sold by the band who was supported by Iron Maiden on their World Wide Blitz Tour?,close to 50 million,Close to 50 million,1.0,1.0,1.0,8.01,close to 50 million albums,0.89,0.8,1.0,7.49,-0.1099999999999999,-0.5199999999999996,-0.5199999999999996,多余解释/冗余输出（Precision掉）
5ade8b2655429975fa854eff,6177,"What is the nickname of this American retired airline captain celebrated for his water landing with Jeffrey Skiles, after a bird strike and being unable to reach an airport?",Sully,Sully,1.0,1.0,1.0,8.09,"Chesley Burnett ""Sully"" Sullenberger III",0.33,0.2,1.0,7.87,-0.6699999999999999,-0.2199999999999997,-0.21999999999999975,多余解释/冗余输出（Precision掉）
5a860d09554299211dda2a53,6183,What was the address of the building on U.S. Route 3 that was the tallest building in New Hampshire when completed in 1972?,1000 Elm Street,1000 Elm Street,1.0,1.0,1.0,7.95,"Brady Sullivan Plaza, formerly known as the Hampshire Plaza, is a 259 ft , 20-story high-rise located at **1000 Elm Street**, Manchester, New Hampshire",0.23,0.13,1.0,7.91,-0.77,-0.04,-0.040000000000000036,多余解释/冗余输出（Precision掉）
5ae2eda355429928c4239570,6194,Who wrote the tragic play which also has a 1968 film with a soundtrack by Nino Rota?,William Shakespeare,William Shakespeare,1.0,1.0,1.0,8.7,Romeo and Juliet,0.0,0.0,0.0,8.25,-1.0,-0.4499999999999993,-0.4499999999999993,实体跑偏/证据跑偏
5addbf645542997dc7907014,6199,Who hosted the ITV show Celebrities Under Pressure and All Star Family Fortunes?,Vernon Kay,Vernon Kay,1.0,1.0,1.0,7.5,Melanie Sykes and Vernon Kay,0.57,0.4,1.0,7.47,-0.43,-0.0300000000000002,-0.03000000000000025,多余解释/冗余输出（Precision掉）
5a7929c8554299029c4b5f11,6201,"Which breed of dog has origins outside of the United States, Old German Shepherd Dog or Black Mouth Cur?",Old German Shepherd Dog,Old German Shepherd Dog,1.0,1.0,1.0,7.7,Black Mouth Cur,0.0,0.0,0.0,7.41,-1.0,-0.29,-0.29000000000000004,实体跑偏/证据跑偏
5a7fc41455429969796c1b51,6204,"The rapper whose debut album was titled ""Thug Misses"" has sold over how many records worldwide?",2 million,2 million,1.0,1.0,1.0,8.12,To date Khia has collectively sold over 2 million records worldwide,0.31,0.18,1.0,7.96,-0.69,-0.1599999999999992,-0.15999999999999925,多余解释/冗余输出（Precision掉）
5a72df8d5542992359bc31b4,6216,What East of Piccadilly star apperared in dozens of stage performances?,Sebastian Lewis Shaw,Sebastian Shaw,0.8,1.0,0.67,7.83,Sebastian Shaw (actor),0.67,0.67,0.67,7.67,-0.13,-0.1600000000000001,-0.16000000000000014,实体跑偏/证据跑偏
5adf51e05542995534e8c78a,6218,What is Diego Tonetto's Italian passport called?,Italian nationality law,Italian passport,0.4,0.5,0.33,8.47,He also holds an Italian passport,0.25,0.2,0.33,7.75,-0.15,-0.7200000000000006,-0.7200000000000006,实体跑偏/证据跑偏
5a7736ef55429972597f14a7,6221,Which of the 2017-18 Cheshire League divisions is Ashton Town Association Football Club currently a member?,Premier Division,Premier Division,1.0,1.0,1.0,7.86,The club are currently members of the Premier Division,0.44,0.29,1.0,7.46,-0.56,-0.4000000000000003,-0.40000000000000036,多余解释/冗余输出（Precision掉）
5ae52bc75542992663a4f12d,6222,Where was Nexon who was composed by Adam Gubman located at?,South Korea,South Korea,1.0,1.0,1.0,7.92,"Seoul, South Korea",0.8,0.67,1.0,7.54,-0.1999999999999999,-0.3799999999999999,-0.3799999999999999,多余解释/冗余输出（Precision掉）
5ab5c984554299488d4d9a21,6223,How many minutes outside of Carson City is the Moonlite BunnyRanch on Moonlight Road?,a few minutes,A few minutes,1.0,1.0,1.0,7.84,a few minutes outside,0.8,0.67,1.0,7.43,-0.1999999999999999,-0.4100000000000001,-0.41000000000000014,多余解释/冗余输出（Precision掉）
5ae241005542994d89d5b3a4,6226,What nationality was the pirate who along with Robert Culliford stole Jean Fantin's ship ?,Scottish,Scottish,1.0,1.0,1.0,7.81,French,0.0,0.0,0.0,7.6,-1.0,-0.2099999999999999,-0.20999999999999996,实体跑偏/证据跑偏
5a7b537555429927d897bf90,6227,The trophy given to the winner of the college football game between University of Idaho Vandals and University of Montana Grizzlies is derived from which European culture?,German,German,1.0,1.0,1.0,7.91,Little Brown Stein,0.0,0.0,0.0,7.8,-1.0,-0.1100000000000003,-0.11000000000000032,实体跑偏/证据跑偏
5ab928c255429934fafe6e6e,6235,"Die Nacht was composed by German composer, Richard Strauss. What other well known operas did he compose?",Der Rosenkavalier,"Der Rosenkavalier, Elektra, Salome",0.67,0.5,1.0,8.7,"Der Rosenkavalier"", ""Elektra"", ""Die Frau ohne Schatten"" and ""Salome"";",0.36,0.22,1.0,7.55,-0.31,-1.1499999999999997,-1.1499999999999995,实体跑偏/证据跑偏
5a7662745542992db9473786,6238,Who founded the collective which released the album Messe I.X-VI.X?,Kristoffer Rygg,Kristoffer Rygg,1.0,1.0,1.0,8.42,Ulver,0.0,0.0,0.0,7.6,-1.0,-0.8200000000000003,-0.8200000000000003,实体跑偏/证据跑偏
5a7b1c0a55429931da12c9c9,6245,This Experts Network sports analysts was inducted into the Pro Football Hall of Fame in 2000 and played in the NFL for how many seasons?,13 seasons,13,0.67,1.0,0.5,8.3,He played in the NFL for 13 seasons,0.44,0.29,1.0,7.6,-0.23,-0.7000000000000011,-0.7000000000000011,数字/单位格式不一致（值相同）
5a8a2e465542996c9b8d5e32,6249,In what county did Michael Ola attend high school?,"Clayton County, Georgia, United States",Clayton County,0.57,1.0,0.4,8.46,Georgia,0.33,1.0,0.2,7.82,-0.2399999999999999,-0.6400000000000006,-0.6400000000000006,实体跑偏/证据跑偏
5ade0fbb5542995b365fabfb,6263,"No Smoking is a film loosely based upon the short story Quitters, Inc., which of three stories that are connected by the presence of what animal?",cat,Cat,1.0,1.0,1.0,7.9,a traveling cat,0.67,0.5,1.0,7.71,-0.3299999999999999,-0.1900000000000004,-0.1900000000000004,多余解释/冗余输出（Precision掉）
5a85f8665542994775f606ce,6268,"Runaway Scrape events of the Texas Revolution, culminating in this Battle, was a fight that lasted how long?",18 minutes,18 minutes,1.0,1.0,1.0,7.8,It was a fight that lasted just 18 minutes,0.4,0.25,1.0,7.73,-0.6,-0.0699999999999994,-0.0699999999999994,多余解释/冗余输出（Precision掉）
5a89a13c55429946c8d6e97a,6281,Of what county is the city 7 miles east of Trace State Park the seat?,"Lee County, Mississippi",Lee County,0.8,1.0,0.67,7.7,"Tupelo is the county seat and the largest city of Lee County, Mississippi",0.43,0.27,1.0,7.94,-0.37,0.2400000000000002,0.2400000000000002,实体跑偏/证据跑偏
5ae40b2b55429970de88d8b3,6285,In between  Polytechnic University of the Philippines and California Polytechnic State University which was founded as a vocational high school?,California Polytechnic State University,California Polytechnic State University,1.0,1.0,1.0,7.46,Founded in 1901 as a vocational high school,0.0,0.0,0.0,7.66,-1.0,0.2000000000000001,0.20000000000000018,实体跑偏/证据跑偏
5ae68a065542991bbc97611e,6289,How many newspapers are in the group that Hills Valley Weekly is a part of?,11,11,1.0,1.0,1.0,8.02,11 free suburban weekly newspapers,0.33,0.2,1.0,7.65,-0.6699999999999999,-0.3699999999999992,-0.3699999999999992,多余解释/冗余输出（Precision掉）
5ac44b47554299194317396c,6291,"Which became a Cathedral first St Chad's Cathedral, Birmingham or Chelmsford Cathedral?",Metropolitan Cathedral Church and Basilica of Saint Chad,Chelmsford Cathedral,0.2,0.5,0.12,8.83,"St Chad's Cathedral, Birmingham",0.17,0.25,0.12,7.91,-0.03,-0.92,-0.9199999999999999,实体跑偏/证据跑偏
5ade9c2155429939a52fe8fe,6294,The Walkley Heights suburb is located on land that was the home of a prison built in what year?,1854,1854,1.0,1.0,1.0,7.92,It was built in 1854,0.33,0.2,1.0,7.62,-0.6699999999999999,-0.2999999999999998,-0.2999999999999998,多余解释/冗余输出（Precision掉）
5a80afcf554299485f5986b9,6301,Who else beside the  American university administrator and politician from the state of Oklahoma was part of the  Boren-McCurdy proposals?,David McCurdy,David McCurdy,1.0,1.0,1.0,7.79,Representative David McCurdy,0.8,0.67,1.0,7.47,-0.1999999999999999,-0.3200000000000003,-0.3200000000000003,多余解释/冗余输出（Precision掉）
5a77414155429972597f14d7,6305,Who starred in Umm-e-Kulsoom whose mother was Afshan Qureshi?,Faisal Qureshi,Faysal Qureshi,0.5,0.5,0.5,8.91,Faysal Qureshi (actor),0.4,0.33,0.5,8.32,-0.0999999999999999,-0.5899999999999999,-0.5899999999999999,实体跑偏/证据跑偏
5a81cf64554299676cceb0ed,6314,An english lawyer had Christopher Mont as an agent and was awarded denization where?,England,England,1.0,1.0,1.0,8.15,in England,0.67,0.5,1.0,7.29,-0.3299999999999999,-0.8600000000000003,-0.8600000000000003,多余解释/冗余输出（Precision掉）
5abbb64455429931dba144b4,6315,The Trans-Tasman Challenge winning car was based off which second generation North american Ford compact car?,Ford Falcon,Falcon,0.67,1.0,0.5,8.29,The original 1962 Ford Mustang,0.33,0.25,0.5,7.87,-0.34,-0.419999999999999,-0.41999999999999904,实体跑偏/证据跑偏
5a7e279d5542995ed0d166b5,6317,What is the population of the birth city of Daniela Scalia?,"265,000","265,000",1.0,1.0,1.0,7.86,"approximately 265,000 inhabitants",0.5,0.33,1.0,7.61,-0.5,-0.25,-0.25,多余解释/冗余输出（Precision掉）
5a7dbb605542997cc2c47486,6318,Many jack-in-the-boxes use an English nursery rhyme with a Roud Folk Song Index number of what?,5249,5249,1.0,1.0,1.0,7.93,Pop! Goes the Weasel,0.0,0.0,0.0,7.65,-1.0,-0.2799999999999993,-0.27999999999999936,实体跑偏/证据跑偏
5ae5f9b355429929b0807a4b,6327,"Which of the writers of ""The Telltale Head""  was born on February 15, 1954?",Matt Groening,Matt Groening,1.0,1.0,1.0,9.3,"Matthew Abraham ""Matt"" Groening ( ; born February 15, 1954)",0.4,0.25,1.0,7.93,-0.6,-1.370000000000001,-1.370000000000001,多余解释/冗余输出（Precision掉）
5ac3e68b5542997ea680c98b,6338,What do Susan Stafford and Vanna White have in common?,"""Wheel of Fortune""",Hosted Wheel of Fortune,0.86,0.75,1.0,7.8,"She was the original hostess of the American game show ""Wheel of Fortune",0.43,0.27,1.0,7.23,-0.43,-0.5699999999999994,-0.5699999999999994,实体跑偏/证据跑偏
5ac3bff15542995ef918c213,6340,Alexander S. Wadsworth served during the war that was faught between which two countries?,"United States, the United Kingdom, and their respective allies",United States and United Kingdom,0.77,1.0,0.62,8.49,"United States, the United Kingdom",0.67,1.0,0.5,7.7,-0.0999999999999999,-0.79,-0.79,实体跑偏/证据跑偏
5ab283d9554299449642c8d8,6341,How close to Louisville was Randal Malone born?,107 mi southwest of Louisville,107 miles,0.29,0.5,0.2,8.56,the principal city of the Owensboro metropolitan area,0.18,0.17,0.2,7.86,-0.1099999999999999,-0.7000000000000002,-0.7000000000000002,实体跑偏/证据跑偏
5ae47cab5542996836b02cb9,6352,In what league does the team play that has Marko Dmitrović as a player ?,La Liga,La Liga,1.0,1.0,1.0,8.06,SD Eibar plays in La Liga,0.5,0.33,1.0,7.8,-0.5,-0.2600000000000007,-0.2600000000000007,多余解释/冗余输出（Precision掉）
5ac3b40a554299741d48a2e5,6356,Pajottenland has historically provided beers that include are fermented through yeasts native to what valley?,Zenne,Zenne,1.0,1.0,1.0,8.14,Zenne / Senne,0.67,0.5,1.0,7.71,-0.3299999999999999,-0.4300000000000006,-0.4300000000000006,多余解释/冗余输出（Precision掉）
5a76244c554299109176e65d,6360,What was the album by Coldplay after the one with a song referencing Chris Martin's unrequited love?,A Rush of Blood to the Head,A Rush of Blood to the Head,1.0,1.0,1.0,8.04,Parachutes,0.0,0.0,0.0,7.84,-1.0,-0.1999999999999993,-0.1999999999999993,实体跑偏/证据跑偏
5adbfa38554299438c868d00,6363,"What is the birthdate of this Australian dramatic coloratura soprano, who taught Simon Gilbert?",7 November 192610,7 November 1926,0.67,0.67,0.67,8.73,born 7 November 1926,0.57,0.5,0.67,7.91,-0.1,-0.8200000000000003,-0.8200000000000003,数字/单位格式不一致（值相同）
5a75b7475542992d0ec05feb,6365,Carlo Buccirosso had a role in a movie that premiered at what film festival?,Cannes Film Festival,Cannes Film Festival,1.0,1.0,1.0,8.09,It was screened in competition for the Palme d'Or,0.0,0.0,0.0,7.68,-1.0,-0.4100000000000001,-0.41000000000000014,实体跑偏/证据跑偏
5a7183575542994082a3e85e,6369,"Who was the architect of a Dutch museum dedicated to the arts and history in Amsterdam, located at the Museum Square?",Petrus Josephus Hubertus (Pierre) Cuypers,Pierre Cuypers,0.57,1.0,0.4,8.37,The Rijksmuseum,0.0,0.0,0.0,7.71,-0.57,-0.6599999999999993,-0.6599999999999993,实体跑偏/证据跑偏
5ae4a1ef55429970de88d9e7,6379,When was the  Argentine former footballer which  Dutch manager Ronald Koeman replaced in  2014–15 Southampton F.C. season born,2 March 1972,2 March 1972,1.0,1.0,1.0,8.01,"Mauricio Pochettino, born 2 March 1972",0.67,0.5,1.0,7.88,-0.3299999999999999,-0.1299999999999999,-0.1299999999999999,多余解释/冗余输出（Precision掉）
5a7770f855429966f1a36d4e,6383,Which Indian cricketer was the penultimate holder of the title Nawab of Pataudi?,Iftikhar Ali Khan,Iftikhar Ali Khan,1.0,1.0,1.0,7.95,He was the titular Nawab of Pataudi from 1952 until 1971,0.0,0.0,0.0,7.71,-1.0,-0.2400000000000002,-0.2400000000000002,实体跑偏/证据跑偏
5a7fc6645542992e7d278d6e,6385,What type of tours does the host of Tosh.0 conduct?,stand-up comedy,Stand-up comedy tours,0.86,0.75,1.0,7.97,stand-up comedy tours and specials,0.67,0.5,1.0,7.79,-0.1899999999999999,-0.1799999999999997,-0.17999999999999972,实体跑偏/证据跑偏
5ab85c8d55429934fafe6d84,6387,What is the name of this Austrian association football club from Vienna for which Raphael Holzhauser was a player?,Austria Wien,Austria Wien,1.0,1.0,1.0,7.59,FK Austria Wien,0.8,0.67,1.0,7.6,-0.1999999999999999,0.0099999999999997,0.009999999999999787,多余解释/冗余输出（Precision掉）
5adcde475542994d58a2f709,6391,Ganjam district is located in an indian state located in which part of India ?,eastern India,Eastern Coast,0.5,0.5,0.5,8.59,Indian state of Odisha,0.0,0.0,0.0,7.78,-0.5,-0.8099999999999996,-0.8099999999999996,实体跑偏/证据跑偏
5adc99cf554299438c868e0d,6396,What is the middle name of the singer who recorded Would You Like to Take a Walk? with Louis Armstrong in 1951,Jane,Jane,1.0,1.0,1.0,8.13,Ella Jane,0.67,0.5,1.0,7.77,-0.3299999999999999,-0.3600000000000012,-0.3600000000000012,多余解释/冗余输出（Precision掉）
5ac3a8525542993915413895,6398,LJM was one of what type of company Andrew Fastow used in the Enron scandal?,independent ghost-entities,Special purpose entities,0.33,0.33,0.33,9.5,company created,0.0,0.0,0.0,8.8,-0.33,-0.6999999999999993,-0.6999999999999993,实体跑偏/证据跑偏
5a8f60175542992414482a90,6401,"When was the game, in which Drew Gehling voices Gord, released for PlayStation 2?",17 October 2006,17 October 2006,1.0,1.0,1.0,8.48,It was released on 17 October 2006,0.6,0.43,1.0,7.69,-0.4,-0.79,-0.79,多余解释/冗余输出（Precision掉）
5ab529b8554299637185c4e7,6413,"Who commanded the Anglo-Canadian 21st Army Group and was nicknamed ""Monty""?",Bernard Montgomery,Bernard Montgomery,1.0,1.0,1.0,8.05,"Field Marshal Bernard Law Montgomery, 1st Viscount Montgomery of Alamein",0.33,0.2,1.0,7.85,-0.6699999999999999,-0.200000000000001,-0.20000000000000107,实体跑偏/证据跑偏
5a8abcab5542996c9b8d5f67,6422,Which was the last of four Alien films to feature Sigourney Weaver?,Alien Resurrection,Alien Resurrection,1.0,1.0,1.0,7.92,"Alien Resurrection"" (1997)",0.8,0.67,1.0,7.42,-0.1999999999999999,-0.5,-0.5,多余解释/冗余输出（Precision掉）
5ae622495542995703ce8b20,6423,Which Genre of Television did Charles Quinton Murphy act for?,Comedy,Comedy,1.0,1.0,1.0,7.79,comedy television series,0.5,0.33,1.0,7.57,-0.5,-0.2199999999999997,-0.21999999999999975,多余解释/冗余输出（Precision掉）
5ac3def75542997ea680c95f,6426,Where was the Danger Mouse produced U2 album exclusively released?,iTunes,iTunes Store,0.67,0.5,1.0,8.25,"iTunes, iTunes Radio, and Beats Music",0.29,0.17,1.0,7.41,-0.38,-0.8399999999999999,-0.8399999999999999,实体跑偏/证据跑偏
5abd8bf95542996e802b47ba,6440,Stamford Baron St Martin was a parish that has a church south of what river?,Welland,River Welland,0.67,0.5,1.0,8.32,south of the River Welland,0.4,0.25,1.0,7.78,-0.27,-0.54,-0.54,实体跑偏/证据跑偏
5a84ad3a5542992a431d1a8b,6443,What notable work from French music video director Yoann Lemoine features an apology and plea for forgiveness?,Back to December,"Taylor Swift's ""Back to December",0.75,0.6,1.0,8.84,"Taylor Swift's single ""Back to December",0.67,0.5,1.0,7.93,-0.0799999999999999,-0.91,-0.9100000000000001,实体跑偏/证据跑偏
5a7f5da85542992097ad2f3e,6449,"In addition to Hyerim and the individual who left the group in January 2010 to pursue her academic career, who were the other two final members of the group Wonder Girls?","Yubin, Yeeun","Yubin, Yeeun",1.0,1.0,1.0,8.07,"Yubin, Yeeun, Sunmi",0.8,0.67,1.0,7.76,-0.1999999999999999,-0.3100000000000005,-0.3100000000000005,多余解释/冗余输出（Precision掉）
5a732ca45542992359bc325d,6457,Which conflict involving the Mende ethnic group lasted for eleven years?,Sierra Leone Civil War,Sierra Leone Civil War,1.0,1.0,1.0,7.93,Sierra Leone Civil War (1991–2002),0.8,0.67,1.0,7.5,-0.1999999999999999,-0.4299999999999997,-0.4299999999999997,多余解释/冗余输出（Precision掉）
5abfa18f5542990832d3a176,6460,The mother of  Megan Phelps-Roper is best known as the former spokesperson of a church located in what city?,Topeka,Topeka,1.0,1.0,1.0,8.08,"Westboro Baptist Church of Topeka, Kansas",0.29,0.17,1.0,7.61,-0.71,-0.4699999999999997,-0.46999999999999975,多余解释/冗余输出（Precision掉）
5a7cdc54554299683c1c63a5,6463,"What is the name of the 1988 film starring Gene Bervoets that was based on the Dutch to English translated novel, ""The Vanishing""?",The Vanishing,The Vanishing,1.0,1.0,1.0,7.96,"The Vanishing (Dutch: Spoorloos , literally ""Traceless"" or ""Without a Trace"")",0.22,0.12,1.0,8.0,-0.78,0.04,0.040000000000000036,多余解释/冗余输出（Precision掉）
5ab3ddbc55429969a97a81dc,6467,The 2017 European Short Course Swimming Championships will be held in an Arena which began construction when?,26 June 2013,"June 26, 2013",1.0,1.0,1.0,7.98,The ground was broken for construction on 26 June 2013,0.5,0.33,1.0,7.74,-0.5,-0.2400000000000002,-0.2400000000000002,数字/单位格式不一致（值相同）
5a7943c655429970f5fffe89,6471,Which of the teams that Sun-woo Kim played on never won a division title?,Colorado Rockies,Colorado Rockies,1.0,1.0,1.0,7.69,The Miami Marlins and the Colorado Rockies,0.57,0.4,1.0,7.69,-0.43,0.0,0.0,多余解释/冗余输出（Precision掉）
5ab953a45542996be202047f,6474,When was the first stud book created for the breed of horse that came from Rotrou introducing Arabian horses to Perche?,1883,1883,1.0,1.0,1.0,8.77,In 1883,0.67,0.5,1.0,8.49,-0.3299999999999999,-0.2799999999999993,-0.27999999999999936,多余解释/冗余输出（Precision掉）
5a75e67f55429976ec32bc8b,6478,"Robert Jan van Pelt testified for the defense in this ""Churchill's War"" author's civil libel suit?",David Irving,David Irving,1.0,1.0,1.0,8.14,He was an expert witness in Deborah Lipstadt's successful defence in the civil libel suit brought against her by David Irving,0.19,0.11,1.0,7.94,-0.81,-0.2000000000000001,-0.20000000000000018,多余解释/冗余输出（Precision掉）
5ae0fd9655429920d5234264,6480,"Which show aired first, ""Rudolph the Red-Nosed Reindeer"" or, ""A Charlie Brown Christmas""?",Rudolph the Red-Nosed Reindeer,Rudolph the Red-Nosed Reindeer,1.0,1.0,1.0,8.2,Rudolph the Red-Nosed Reindeer (TV special),0.8,0.67,1.0,7.91,-0.1999999999999999,-0.2899999999999991,-0.28999999999999915,多余解释/冗余输出（Precision掉）
5a73471a5542991f9a20c6d7,6485,Who was an American senior operations officer for the Central Intelligence Agency for 30 years and worked for Eclipse Group?,"Duane ""Dewy"" Clarridge",Duane Clarridge,0.8,1.0,0.67,7.97,"Duane Ramsdell ""Dewey"" Clarridge",0.57,0.5,0.67,7.68,-0.2300000000000001,-0.29,-0.29000000000000004,实体跑偏/证据跑偏
5ae7247b5542992ae0d163c1,6489,...Ready for It? is a Taylor Swift song from the album scheduled to be released on what date?,"November 10, 2017","November 10, 2017",1.0,1.0,1.0,8.07,"September 3, 2017",0.33,0.33,0.33,7.86,-0.6699999999999999,-0.2099999999999999,-0.20999999999999996,数字取值错误（值不同）
5ae6c7b35542992ae0d1639c,6491,"What is the magazine that listed ""Jump Around"" by House of Pain at 325 out of ""500 greatest songs since you were born"", known for?",steamy pictorials of celebrities,Steamy pictorials,0.67,1.0,0.5,8.24,It was also known for sometimes steamy pictorials of celebrities,0.57,0.4,1.0,7.64,-0.1,-0.6000000000000005,-0.6000000000000005,实体跑偏/证据跑偏
5adf03765542995534e8c72b,6494,"What's the function of Axess, an IT company spun out of Japan Airlines, the national flag carrying airline?",Computer reservations,Computer reservations system,0.8,0.67,1.0,7.96,provides its services in the Japanese market,0.0,0.0,0.0,7.74,-0.8,-0.2199999999999997,-0.21999999999999975,实体跑偏/证据跑偏
5adffd4755429906c02daa9b,6504,"The actress that plays Charity in the drama series ""Greenleaf"" is a member of a musical family from what city and state?","Detroit, Michigan",Detroit Michigan,1.0,1.0,1.0,8.08,"American actress and singer, and member of the musical Winans family",0.0,0.0,0.0,7.7,-1.0,-0.3799999999999999,-0.3799999999999999,实体跑偏/证据跑偏
5ab29caa554299545a2cf9d3,6509,Which gaming console was both Yakuza Kiwami and Yakuza 0 released on?,PlayStation 4,PlayStation 4,1.0,1.0,1.0,8.21,PlayStation 3 and PlayStation 4,0.57,0.4,1.0,7.98,-0.43,-0.2300000000000004,-0.23000000000000043,多余解释/冗余输出（Precision掉）
5ab2c0de5542992953946870,6513,"Football at the 2006 Asian Games with Wisoon Wichaya as its coach was played how many days prior to the opening ceromony in Doha, Qatar in 2006?",14,14,1.0,1.0,1.0,8.19,The opening match was played 14 days prior to the opening ceremony,0.18,0.1,1.0,8.19,-0.8200000000000001,0.0,0.0,多余解释/冗余输出（Precision掉）
5a7c9ead5542990527d554e4,6518,"As of 2010, what was the population of the county that was named after the 13th Speaker of the House of Representatives?","16,825","16,825",1.0,1.0,1.0,7.68,"As of the 2010 census, the population was 16,825",0.25,0.14,1.0,7.42,-0.75,-0.2599999999999998,-0.2599999999999998,多余解释/冗余输出（Precision掉）
5abdb4a755429965af743df0,6533,"What was the country which has border with the village where an Austrian forest caretaker, naturalist, pseudoscientistref>Ronald Engert: ""Die Forellenturbine als Prinzip der kostenlosen Energiegewinnung born?",Czech Republic,Czech Republic,1.0,1.0,1.0,8.53,Austria's border with the Czech Republic,0.57,0.4,1.0,7.93,-0.43,-0.5999999999999996,-0.5999999999999996,多余解释/冗余输出（Precision掉）
5a8a367a55429930ff3c0d03,6539,Where is the company that came out with VisionPLUS headquartered?,"Atlanta, Georgia, United States","Atlanta, Georgia",0.67,1.0,0.5,8.12,First Data Corporation,0.0,0.0,0.0,7.51,-0.67,-0.6099999999999994,-0.6099999999999994,实体跑偏/证据跑偏
5adf41a45542993a75d26456,6540,In what year did Australian-born comedian Peter Helliar write I Love you Too?,2010,2010,1.0,1.0,1.0,8.37,"It stars Brendan Cowell, Peter Dinklage, Yvonne Strahovski, Peter Helliar and Megan Gale,",0.0,0.0,0.0,8.11,-1.0,-0.2599999999999998,-0.2599999999999998,实体跑偏/证据跑偏
5abae1725542996cc5e49ece,6544,Creolized forms of which language are found in traditional African religions of Africa with some influence from Christianity?,Kongo,Kongo,1.0,1.0,1.0,8.03,creolized forms of the [Kongo language],0.33,0.2,1.0,7.74,-0.6699999999999999,-0.2899999999999991,-0.28999999999999915,多余解释/冗余输出（Precision掉）
5a7ca74c55429907fabeefe9,6545,Who was born first Edward Keonjian or Aram Saroyan?,Dr. Edward Keonjian,Edward Keonjian,0.8,1.0,0.67,7.78,Aram Saroyan,0.0,0.0,0.0,7.68,-0.8,-0.1000000000000005,-0.10000000000000053,实体跑偏/证据跑偏
5a82ffef55429954d2e2ebf2,6546,How many United States House of Representatives does Maine's congressional districts have?,2,2,1.0,1.0,1.0,7.75,Maine is divided into 2 congressional districts,0.25,0.14,1.0,7.61,-0.75,-0.1399999999999996,-0.13999999999999968,多余解释/冗余输出（Precision掉）
5a86458b5542991e771815ec,6555,What is the population of the city where the Akademisches Kunstmuseum is?,"300,000","Over 300,000",0.67,0.5,1.0,8.04,"with a population of over 300,000",0.33,0.2,1.0,7.43,-0.34,-0.6099999999999994,-0.6099999999999994,数字/单位格式不一致（值相同）
5a843cf35542996488c2e51b,6574,What industry did both William Todd Field and Zoltan Korda work in?,film,Film,1.0,1.0,1.0,8.15,American film industry,0.5,0.33,1.0,8.08,-0.5,-0.0700000000000002,-0.07000000000000028,多余解释/冗余输出（Precision掉）
5ab2fccb5542991669774176,6578,Which rapper released the album Big Fish Theory featuring a number of styles of music including Detroit techno?,Vince Staples,Vince Staples,1.0,1.0,1.0,7.91,American rapper Vince Staples,0.67,0.5,1.0,7.51,-0.3299999999999999,-0.4000000000000003,-0.40000000000000036,多余解释/冗余输出（Precision掉）
5a7790ed5542992a6e59defb,6581,Name three common things that are used in playing Monopoly and King of Tokyo?,"dice, cards, and boards","Dice, Cards, Boards",0.86,1.0,0.75,8.06,dice,0.4,1.0,0.25,7.54,-0.4599999999999999,-0.5200000000000005,-0.5200000000000005,实体跑偏/证据跑偏
5a8c7623554299653c1aa07a,6582,"when the Marlins are the home team, games are played at this park which was LEED certified as the greenest MLB park in what year?",2012,Marlins Park 2012,0.5,0.33,1.0,8.6,Marlins Park was also LEED certified as the greenest MLB park in 2012,0.15,0.08,1.0,7.99,-0.35,-0.6099999999999994,-0.6099999999999994,数字/单位格式不一致（值相同）
5ac298805542990b17b15429,6588,This sister company  of Líneas Aéreas Privadas Argentinas is most commonly known by its shortened name Austral?,Austral Líneas Aéreas,Austral,0.5,1.0,0.33,8.09,"the second largest domestic scheduled airline in the country, after Aerolíneas Argentinas itself",0.0,0.0,0.0,7.53,-0.5,-0.5599999999999996,-0.5599999999999996,实体跑偏/证据跑偏
5add352b5542990dbb2f7dc4,6605,"Who were the lead members of the group of actors who were in the film which was remade as the first film of ""Ocean's Trilogy""?","Frank Sinatra, Dean Martin, Sammy Davis Jr.","Frank Sinatra, Dean Martin, Sammy Davis Jr",1.0,1.0,1.0,7.79,"Frank Sinatra, Dean Martin, and Sammy Davis Jr",0.93,0.88,1.0,7.38,-0.0699999999999999,-0.4100000000000001,-0.41000000000000014,实体跑偏/证据跑偏
5a7fc5c25542992e7d278d6a,6609,How large is the lake that is near Wyee Point?,110 km2,110 km2,1.0,1.0,1.0,8.35,Australia's largest coastal salt water lagoon,0.0,0.0,0.0,8.12,-1.0,-0.2300000000000004,-0.23000000000000043,实体跑偏/证据跑偏
5a82ffe755429940e5e1a949,6614,Lou Pai is a former executive of an energy company that went bankrupt in what year?,2001,2001,1.0,1.0,1.0,7.94,"December 2, 2001",0.5,0.33,1.0,7.78,-0.5,-0.1600000000000001,-0.16000000000000014,多余解释/冗余输出（Precision掉）
5a78e49855429974737f78f3,6616,"How many small-box format stores are there for one of Newell Brands' brand that sells scented candles, candleholders, accessories, and dinnerware?",560,560,1.0,1.0,1.0,8.42,The company operates about 560 small-box format stores,0.22,0.12,1.0,8.09,-0.78,-0.33,-0.33000000000000007,多余解释/冗余输出（Precision掉）
5a7bcc0f554299042af8f7e2,6617,"How many top 20 singles did the singer that released the 1990 album ""Reputation"" have?",six,six,1.0,1.0,1.0,7.64,"With six top 20 singles on the US ""Billboard"" Hot 100 and sixteen on the UK Singles Chart from 1963 to 1989",0.1,0.05,1.0,7.72,-0.9,0.08,0.08000000000000007,多余解释/冗余输出（Precision掉）
5a74994a55429974ef308c2e,6621,Who was the American congressman whose actions led to a CIA program to arm Jihadi warriors in Afghanistan in the 1980's?,Charlie Wilson,Charlie Wilson,1.0,1.0,1.0,8.27,U.S. Congressman Charlie Wilson,0.67,0.5,1.0,7.77,-0.3299999999999999,-0.5,-0.5,多余解释/冗余输出（Precision掉）
5a90b7f355429916514e752d,6622,"In which city did he painter and printmaker associated with ""Les Nabis"" found Salon d'Automne?",Paris,Paris,1.0,1.0,1.0,7.61,None (no mention of the artist's association with Salon d'Automne in the context),0.0,0.0,0.0,7.68,-1.0,0.0699999999999994,0.0699999999999994,同义词/别名未规范化
5a73cf5e55429978a71e909f,6630,"After coaching the red raiders to several winning seasons, where does Mike Leach currently coach at?",Washington State,Washington State Cougars,0.8,0.67,1.0,8.08,He is the head coach of the Washington State Cougars football team,0.33,0.2,1.0,7.64,-0.47,-0.4400000000000004,-0.4400000000000004,实体跑偏/证据跑偏
5a7ee0d05542994959419a88,6642,"What was the first role in television for the actress who played Lindsay Lohan's best  friend in the Disney Channel's  original movie ""Get a Clue""?","""Fudge""",Fudge,1.0,1.0,1.0,8.31,"Her early television work included roles in the television shows ""Fudge"" (1995) and ""100 Deeds for Eddie McDowd"" (1999)",0.11,0.06,1.0,8.24,-0.89,-0.0700000000000002,-0.07000000000000028,多余解释/冗余输出（Precision掉）
5a7b57155542992d025e680f,6646,What type of industry does Tony Bill and Flyboys have in common?,film,Film,1.0,1.0,1.0,8.27,aviation,0.0,0.0,0.0,7.56,-1.0,-0.71,-0.71,实体跑偏/证据跑偏
5a7f3c8f55429930675136c9,6647,Buck Rogers XXVC is a published campaign setting or a homebrew campaign setting?,published campaign settings,Published,0.5,1.0,0.33,9.42,There are numerous campaign settings available both in print and online,0.29,0.18,0.67,9.05,-0.21,-0.3699999999999992,-0.3699999999999992,实体跑偏/证据跑偏
5adcf37e5542994ed6169c37,6651,"BMW X5 is a mid-size version that was produced alongside which newer model, produced in 2009?",BMW X6,X6,0.67,1.0,0.5,8.65,"BMW's facility in Toluca, Mexico",0.0,0.0,0.0,8.24,-0.67,-0.4100000000000001,-0.41000000000000014,实体跑偏/证据跑偏
5abd605155429924427fcfc9,6656,The person who established the Human Biology journal had released how many publications at his death?,841,841,1.0,1.0,1.0,8.13,"At his death, 841 publications were listed against his name",0.18,0.1,1.0,7.68,-0.8200000000000001,-0.450000000000001,-0.45000000000000107,多余解释/冗余输出（Precision掉）
5a7eb9f355429934daa2fc53,6659,The St. Louis Bay Bridge runs between Bay St. Louis and a city in what county?,"Harrison County, Mississippi",Harrison County,0.8,1.0,0.67,7.93,Pass Christian,0.0,0.0,0.0,7.5,-0.8,-0.4299999999999997,-0.4299999999999997,实体跑偏/证据跑偏
5adc7f4a5542994650320d28,6663,How many cards can a player choose from to be part of their hand in the card game that was the culmination game of the United States Poker Championship?,seven,Seven,1.0,1.0,1.0,7.77,Each player seeks the best five-card poker hand from any combination of the seven cards,0.13,0.07,1.0,7.49,-0.87,-0.2799999999999993,-0.27999999999999936,多余解释/冗余输出（Precision掉）
5ae083e855429924de1b70fb,6664,"By how many points did Dion Lewis' team trail by, in the third quarter, of the Super Bowl that they won ?",25 points,25 points,1.0,1.0,1.0,8.05,28-3,0.0,0.0,0.0,7.73,-1.0,-0.3200000000000003,-0.3200000000000003,数字取值错误（值不同）
5a7755c65542993569682d54,6665,What is the name of a Sri Lankan political party associated with the aim of developing a national identity based on shared characteristics and preserving the nation's culture?,The Sri Lanka Freedom Party,Sri Lanka Freedom Party,1.0,1.0,1.0,8.1,Nationalism seeks to preserve the nation's culture,0.0,0.0,0.0,7.71,-1.0,-0.3899999999999997,-0.3899999999999997,实体跑偏/证据跑偏
5a8dab16554299068b959d89,6671,"What type of elevation does Aldgate railway station, Adelaide and Aldgate, South Australia have in common?",Hills,Hills,1.0,1.0,1.0,7.78,South Australia,0.0,0.0,0.0,7.59,-1.0,-0.1900000000000004,-0.1900000000000004,实体跑偏/证据跑偏
5abc089b5542993f40c73c57,6682,MacBook offers what brand-type of displays that are higher-resolution than other portable computers?,Retina,Retina Display,0.67,0.5,1.0,8.21,high-resolution Retina Display,0.4,0.25,1.0,7.47,-0.27,-0.7400000000000011,-0.7400000000000011,实体跑偏/证据跑偏
5ade4da055429939a52fe878,6692,My Neighbor Totoro was produced by a Japanese animation film studio founded in what year?,1985,Studio Ghibli (1985),0.5,0.33,1.0,8.71,Studio Ghibli,0.0,0.0,0.0,7.73,-0.5,-0.9800000000000004,-0.9800000000000004,实体跑偏/证据跑偏
5a7518cb55429916b0164259,6695,What Was the name of Juan Manuel Márquez's  WBO champion holding younger brother?,Rafael Márquez,Rafael Márquez,1.0,1.0,1.0,8.37,Rafael Márquez (boxer),0.8,0.67,1.0,7.63,-0.1999999999999999,-0.7399999999999993,-0.7399999999999993,多余解释/冗余输出（Precision掉）
5ab5cedf554299488d4d9a34,6697,Cudjoe Kazoola Lewis was brought illegally to the United States on board a ship that was how many feet long?,86 ft,86 ft,1.0,1.0,1.0,7.54,"The vessel was a two-masted schooner, 86 ft long with a beam of 23 ft",0.27,0.15,1.0,7.66,-0.73,0.1200000000000001,0.1200000000000001,多余解释/冗余输出（Precision掉）
5ac45cfd554299076e296db5,6721,How many years in prison did the Norfolk farmer defended by Anthony Scrivener serve?,three,Three,1.0,1.0,1.0,8.16,three years,0.67,0.5,1.0,7.72,-0.3299999999999999,-0.4400000000000004,-0.4400000000000004,多余解释/冗余输出（Precision掉）
5a8ba07d5542996e8ac88985,6726,"What event in 1920 was established by the director of the play ""The Miracle?""",Salzburg Festival,Salzburg Festival,1.0,1.0,1.0,8.14,"With his innovative stage productions, he is regarded as one of the most prominent directors of German-language theatre in the early 20th century. In 1920, he established the Salzburg Festival with the performance of Hofmannsthal's ""Jedermann",0.11,0.06,1.0,8.1,-0.89,-0.0400000000000009,-0.040000000000000924,多余解释/冗余输出（Precision掉）
5a845b2d5542996488c2e520,6729,Back Up n da Chevy was an album by the rap group from what city?,"Atlanta, Georgia",Atlanta,0.67,1.0,0.5,8.38,Boyz N Da Hood,0.0,0.0,0.0,7.78,-0.67,-0.6000000000000005,-0.6000000000000005,实体跑偏/证据跑偏
5a74c1c05542996c70cfadd8,6730,"What flag features 13 stars, and has a creator who also has a memorial bridge named after her connecting Pennsylvania and New Jersey?",Betsy Ross,Betsy Ross flag,0.8,0.67,1.0,8.12,"The Betsy Ross flag is an early design of the flag of the United States, popularly but very likely incorrectly attributed to Betsy Ross, using the common motifs of alternating red-and-white striped field with five-pointed stars in a blue canton",0.1,0.05,1.0,8.05,-0.7000000000000001,-0.0699999999999985,-0.06999999999999851,实体跑偏/证据跑偏
5ab430f655429942dd415eca,6732,"""The Chance of a Lunchtime"" is an episode of a BBC sitcom writtem by who?",John Sullivan,John Sullivan,1.0,1.0,1.0,7.92,Only Fools and Horses,0.0,0.0,0.0,7.57,-1.0,-0.3499999999999996,-0.34999999999999964,实体跑偏/证据跑偏
5a7bc0755542995eb53be9a5,6734,The series of novels that reference numerous locations and incorporates themes from multiple genres is titled what?,The Dark Tower,The Dark Tower,1.0,1.0,1.0,7.87,"The Dark Tower"" series",0.8,0.67,1.0,7.3,-0.1999999999999999,-0.5700000000000003,-0.5700000000000003,多余解释/冗余输出（Precision掉）
5ab5895f554299637185c5c2,6741,The Schumann–Runge bands are named for at least one German what?,mathematician,mathematician,1.0,1.0,1.0,7.97,Carl David Tolmé Runge,0.0,0.0,0.0,7.28,-1.0,-0.6899999999999995,-0.6899999999999995,实体跑偏/证据跑偏
5a829fab55429954d2e2eb83,6743,"Between Joe Orton and Henry James, which author is the adjective ""Ortonesque"" used to refer to his work?","John Kingsley ""Joe"" Orton",Joe Orton,0.67,1.0,0.5,8.44,"His public career was short but prolific, lasting from 1964 until his death three years later",0.0,0.0,0.0,8.03,-0.67,-0.4100000000000001,-0.41000000000000014,实体跑偏/证据跑偏
5a90970d5542995651fb51a5,6744,Rainforest Ecological Train runs through a national park with an area of how many Kilometers ?,672 km2,672 km2,1.0,1.0,1.0,7.75,The forest inside Iguazú National Park in the north of the province of Misiones of Argentina,0.0,0.0,0.0,7.26,-1.0,-0.4900000000000002,-0.4900000000000002,实体跑偏/证据跑偏
5ab5fddb554299110f2199af,6747,Where was one of Sergei Prokofiev's most well-known operas first performed in 1921?,"Chicago, Illinois",Chicago,0.67,1.0,0.5,8.71,"Auditorium Theatre in Chicago, Illinois",0.57,0.4,1.0,7.86,-0.1,-0.8500000000000005,-0.8500000000000005,实体跑偏/证据跑偏
5ab3f6b9554299753aec5a03,6748,How many films were directed by the director of Wise Blood?,37,37,1.0,1.0,1.0,8.2,He wrote the screenplays for most of the 37 feature films he directed,0.17,0.09,1.0,7.86,-0.83,-0.3399999999999989,-0.33999999999999897,多余解释/冗余输出（Precision掉）
5a826d2f5542995ce29dcd05,6753,What did the person in which the Toronto Pearson International Airport is named in honour of organize to win the Nobel Peace Prize?,United Nations Emergency Force,United Nations Emergency Force,1.0,1.0,1.0,8.02,organizing the United Nations Emergency Force,0.89,0.8,1.0,7.03,-0.1099999999999999,-0.9899999999999992,-0.9899999999999993,多余解释/冗余输出（Precision掉）
5ac3e1075542995c82c4ac78,6757,The Hip Hop Republican was credited with giving blacks emphasizing traditionalism and capitalism a sense of community during which presidential election?,2008,2008,1.0,1.0,1.0,8.23,during the 2008 presidential election,0.4,0.25,1.0,7.63,-0.6,-0.6000000000000005,-0.6000000000000005,多余解释/冗余输出（Precision掉）
5a78ce79554299029c4b5ea1,6760,Jacques Coghen is a direct ancestor to the spouse of which Belgian Queen?,Queen Mathilde,Queen Mathilde,1.0,1.0,1.0,8.11,Countess Mathilde d'Udekem d'Acoz,0.33,0.25,0.5,7.73,-0.6699999999999999,-0.379999999999999,-0.379999999999999,实体跑偏/证据跑偏
5a7dbf4e5542990b8f503a68,6763,"The actress known for her role in ""Lost in Translation"" also appears in Untitled Avenger film with which male actor who plays the character Thor?",Chris Hemsworth,Chris Hemsworth,1.0,1.0,1.0,8.07,Dave Bautista,0.0,0.0,0.0,7.85,-1.0,-0.2200000000000006,-0.22000000000000064,实体跑偏/证据跑偏
5abc3f725542993a06baf8b3,6767,"Electoral district of Bragg currently includes which suburb in the city of Burnside, Adelaide?",Dulwich,Dulwich,1.0,1.0,1.0,8.32,Beaumont,0.0,0.0,0.0,7.73,-1.0,-0.5899999999999999,-0.5899999999999999,实体跑偏/证据跑偏
5ae71d2d554299572ea546f7,6776,Gül Train is a project of which Eurasian political and economic intergovernmental organization?,Economic Cooperation Organisation,Economic Cooperation Organisation,1.0,1.0,1.0,7.96,Gül Train is a project of Economic Cooperation Organisation,0.55,0.38,1.0,7.67,-0.4499999999999999,-0.29,-0.29000000000000004,多余解释/冗余输出（Precision掉）
5ac2ca84554299218029db55,6781,Choi Jun-hong  is best known as a member of a group formed in which year ?,2012,B.A.P (2012),0.67,0.5,1.0,8.74,South Korean boy group B.A.P,0.0,0.0,0.0,7.5,-0.67,-1.2400000000000002,-1.2400000000000002,实体跑偏/证据跑偏
5ae71c4c554299572ea546ee,6783,Toyota Innova is part of the IMV program along with which light commercial vehicle?,Hilux,Hilux,1.0,1.0,1.0,8.26,The Hilux pickup truck and the Fortuner SUV,0.29,0.17,1.0,7.92,-0.71,-0.3399999999999998,-0.33999999999999986,多余解释/冗余输出（Precision掉）
5a7f66f155429969796c1a33,6795,What 3 countries are part of the legal name of the airline that merged with Braathens in 2004?,Denmark–Norway–Sweden,Norway Denmark Sweden,1.0,1.0,1.0,7.82,Scandinavian Airlines Norway (SAS),0.29,0.25,0.33,7.42,-0.71,-0.4000000000000003,-0.40000000000000036,实体跑偏/证据跑偏
5ac0a18a5542992a796ded41,6799,"What genre did the writer whose novel was based on ""I'll Take Manhattan"" writes?",romance genre,Romance,0.67,1.0,0.5,8.16,Judith Krantz's novel of the same name,0.0,0.0,0.0,7.49,-0.67,-0.6699999999999999,-0.6699999999999999,实体跑偏/证据跑偏
5a7b88b45542997c3ec97201,6800,Which of Damon Stoudamire's cousins once played college basketball for the University of Kentucky?,Terrence Jones,Terrence Jones,1.0,1.0,1.0,7.96,Salim Stoudamire,0.0,0.0,0.0,7.54,-1.0,-0.4199999999999999,-0.41999999999999993,实体跑偏/证据跑偏
5ae5f82a554299546bf82feb,6825,Who wrote the 2009 American home invasion horror film which Andrea Roth was known for her role in,Marcus Dunstan,Marcus Dunstan,1.0,1.0,1.0,7.94,Marcus Dunstan and Patrick Melton,0.57,0.4,1.0,7.45,-0.43,-0.4900000000000002,-0.4900000000000002,多余解释/冗余输出（Precision掉）
5ac3e5de554299204fd21ebc,6838,"How many records did the boy band who released ""Said and Done"" sell worldwide as of 2013?",25 million,25 million,1.0,1.0,1.0,7.82,Boyzone had 25 million records sold by 2013 worldwide,0.36,0.22,1.0,7.68,-0.64,-0.1400000000000005,-0.14000000000000057,多余解释/冗余输出（Precision掉）
5a8b3e985542995d1e6f131c,6849,"Where is the brand ""Moe's Southwest Grill"" owned based?","It is based in Sandy Springs, Georgia",Sandy Springs,0.44,1.0,0.29,8.36,Atlanta-based,0.22,0.5,0.14,7.52,-0.22,-0.8399999999999999,-0.8399999999999999,实体跑偏/证据跑偏
5a9087ac5542990a98493668,6854,"How many movies did the ""Comic Book Villains"" star born on march 20,1970 apprear in since the early 1990s?",over sixty films,Over sixty,0.8,1.0,0.67,7.8,He has appeared in over sixty films since the early 1990s,0.46,0.3,1.0,7.66,-0.34,-0.1399999999999996,-0.13999999999999968,数字取值错误（值不同）
5a823b355542990a1d231f6e,6858,"Orson Scott Card first published his short story ""Killing Children"" in this American science-fiction magazine whose first issue was published when?",1930,January 1930,0.67,0.5,1.0,8.77,November 1978,0.0,0.0,0.0,7.69,-0.67,-1.0799999999999992,-1.0799999999999992,数字取值错误（值不同）
5a7effeb5542994959419aa0,6859,Which crop first domesticated in Mexico has its price regulated by a Mexican parastatal created in 1962?,Maize,Maize,1.0,1.0,1.0,7.87,corn,0.0,0.0,0.0,7.63,-1.0,-0.2400000000000002,-0.2400000000000002,实体跑偏/证据跑偏
5a81a2055542990a1d231e2d,6860,Whose father is the name of the son of the chief counsellor to the king in Hamlet taken from?,Odysseus,Odysseus,1.0,1.0,1.0,7.78,His name is taken from the father of Odysseus in Homer's Odyssey,0.17,0.09,1.0,7.77,-0.83,-0.0100000000000006,-0.010000000000000675,多余解释/冗余输出（Precision掉）
5ade6eb65542992fa25da782,6861,What two singers who worked together on the song I Would Like to See You Again also performed as part of a country music group which was active between 1985 and 1995?,"Johnny Cash, Waylon Jennings","Johnny Cash, Waylon Jennings",1.0,1.0,1.0,7.83,"Cash, Waylon Jennings",0.86,1.0,0.75,7.31,-0.14,-0.5200000000000005,-0.5200000000000005,实体跑偏/证据跑偏
5ae320f855429928c4239620,6864,In which year was the coach of the 1917 Pittsburgh Panthers football team inducted into the College Football Hall of Fame?,1951,1951,1.0,1.0,1.0,7.98,as part of its inaugural class in 1951,0.22,0.12,1.0,7.58,-0.78,-0.4000000000000003,-0.40000000000000036,多余解释/冗余输出（Precision掉）
5ac39d22554299391541381f,6874,The Patriotic front promotes the interests of what nation particularly with the aim of gaining and mainting self governance.,Bulgaria,Bulgaria,1.0,1.0,1.0,7.94,a particular nation,0.0,0.0,0.0,7.56,-1.0,-0.3800000000000008,-0.3800000000000008,实体跑偏/证据跑偏
5a7912f655429974737f796c,6878,What is the birthday of the man who played Lex Luthor in Superman IV: The Quest for Peace?,"January 30, 1930","June 30, 1936",0.33,0.33,0.33,9.03,Gene Hackman,0.0,0.0,0.0,7.74,-0.33,-1.2899999999999991,-1.2899999999999991,实体跑偏/证据跑偏
5ae0aaf35542993d6555ec02,6885,"What was the former name of the stadium, from 1997-2017, where the Aztecs play?",Qualcomm,Qualcomm Stadium,0.67,0.5,1.0,8.42,SDCCU Stadium,0.0,0.0,0.0,7.79,-0.67,-0.6299999999999999,-0.6299999999999999,实体跑偏/证据跑偏
5ab56555554299494045ef97,6886,"As a Nazi hunter, Simon Wiesenthal, was apart of a fued in what time frame?",1970s,1970s,1.0,1.0,1.0,9.4,"The Kreisky–Peter–Wiesenthal affair was a political and personal feud in the 1970s fought between the then Austrian chancellor Bruno Kreisky and the Nazi hunter Simon Wiesenthal arising from Kreisky's ministerial appointments and the SS past of Freedom Party leader Friedrich Peter, which had been revealed by Wiesenthal",0.05,0.02,1.0,9.75,-0.95,0.3499999999999996,0.34999999999999964,多余解释/冗余输出（Precision掉）
5a7b2a2255429927d897bf4c,6890,"A 2005 computer animated short film by Pixar, and directed by an American director that was born in 1957, is based on what film?",The Incredibles,The Incredibles,1.0,1.0,1.0,7.82,Jack-Jack Attack,0.0,0.0,0.0,7.59,-1.0,-0.2300000000000004,-0.23000000000000043,实体跑偏/证据跑偏
5a8f979255429918e830d288,6891,What park is just south of the location where the New York Jets played prior to moving to Shea Stadium?,Central Park,Central Park,1.0,1.0,1.0,8.1,Flushing Meadows–Corona Park,0.33,0.25,0.5,7.59,-0.6699999999999999,-0.5099999999999998,-0.5099999999999998,实体跑偏/证据跑偏
5a810006554299260e20a1f6,6892,George Lucas created what character to raise Boba Fett?,Jango Fett,Jango Fett,1.0,1.0,1.0,7.92,an unaltered clone of the bounty hunter Jango Fett,0.44,0.29,1.0,7.74,-0.56,-0.1799999999999997,-0.17999999999999972,多余解释/冗余输出（Precision掉）
5a7a562355429941d65f25ba,6898,With what team did the player who eclipsed Bill Madlock's batting title record for a third baseman win the World Series?,New York Yankees,New York Yankees,1.0,1.0,1.0,8.02,with whom he won the 1996 World Series against the Atlanta Braves,0.0,0.0,0.0,7.74,-1.0,-0.2799999999999993,-0.27999999999999936,实体跑偏/证据跑偏
5a7720d05542993569682cde,6901,What American actor amd director is the son of Debbie Reynolds and Eddie Fisher?,Todd Fisher,Todd Fisher,1.0,1.0,1.0,7.92,Todd Emmanuel Fisher,0.8,0.67,1.0,7.34,-0.1999999999999999,-0.5800000000000001,-0.5800000000000001,实体跑偏/证据跑偏
5a7cb2ed5542990527d55505,6902,When was the stadium that held the 2015 Magyar Kupa demolished?,2017,2017,1.0,1.0,1.0,7.95,It was used mainly for football matches,0.0,0.0,0.0,7.72,-1.0,-0.2300000000000004,-0.23000000000000043,实体跑偏/证据跑偏
5a75e06155429976ec32bc60,6907,Who was the running mate of the man about whose candidacy the 2016 book Insane Clown President: Dispatches from the 2016 Circus documents?,Mike Pence,Mike Pence,1.0,1.0,1.0,7.73,None mentioned,0.0,0.0,0.0,7.46,-1.0,-0.2700000000000004,-0.27000000000000046,实体跑偏/证据跑偏
5ae3a3835542990afbd1e19c,6909,The driver know for doing backflips off his car lost to which driver in the 2009 NASCAR Nationwide Series?,Kyle Busch,Kyle Busch,1.0,1.0,1.0,7.71,He is the driver of the No. 18 Toyota Camry in the Monster Energy NASCAR Cup Series and the No. 18 Camry in the NASCAR Xfinity Series for Joe Gibbs Racing,0.0,0.0,0.0,7.73,-1.0,0.0200000000000004,0.020000000000000462,同义词/别名未规范化
5ab524595542996a3a96a034,6930,What is the name of the US battleship best know for the setting of the film Under Siege and the site of the surrender of the Empire of Japan to end World War II?,"U.S. Navy battleship USS ""Missouri""",USS Missouri,0.57,1.0,0.4,8.68,USS Missouri (BB-63),0.44,0.5,0.4,7.6,-0.1299999999999999,-1.08,-1.08,实体跑偏/证据跑偏
5a7f18a35542994959419aa6,6936,On which coast can the California Aqueduct and the Lake Washington Ship Canal be found?,west,West Coast,0.67,0.5,1.0,7.97,None (since the question asks about a specific combination of entities that are not mentioned in the context),0.0,0.0,0.0,7.63,-0.67,-0.3399999999999998,-0.33999999999999986,实体跑偏/证据跑偏
5a7e72dd55429949594199bf,6941,Among the prominent members of the Walla Walla expeditions was member of tribe whose reservation is how many square miles in total?,237,237,1.0,1.0,1.0,8.17,The Spokane Indian Reservation is about 237 square miles,0.22,0.12,1.0,7.76,-0.78,-0.4100000000000001,-0.41000000000000014,多余解释/冗余输出（Precision掉）
5a8f608d5542992414482a94,6948,The Pollution Prevention Act of 1990 expanded a publicly available or private database?,publicly available,publicly available,1.0,1.0,1.0,7.74,It also expanded the Toxics Release Inventory,0.0,0.0,0.0,7.67,-1.0,-0.0700000000000002,-0.07000000000000028,同义词/别名未规范化
5a7137dc5542994082a3e68a,6953,Kevin Wayne Durant was named what ?(An Award initiated following 1952-53 NBA Season?,The National Basketball Association's Rookie of the Year,NBA Rookie of the Year,0.6,0.75,0.5,8.34,NBA Rookie of the Year Award,0.55,0.6,0.5,7.45,-0.0499999999999999,-0.8899999999999997,-0.8899999999999997,实体跑偏/证据跑偏
5ab84de95542990e739ec8b4,6960,Yau Ma Tei North is a district of a city with how many citizens?,7.2 million,7.2 million,1.0,1.0,1.0,7.9,With around 7.2 million,0.67,0.5,1.0,7.54,-0.3299999999999999,-0.3600000000000003,-0.3600000000000003,多余解释/冗余输出（Precision掉）
5adbdc8a55429944faac238e,6961,What nationality is the sport club that the current coach of Werder Bremen played professionally for?,German,German,1.0,1.0,1.0,7.71,German sports club,0.5,0.33,1.0,7.55,-0.5,-0.1600000000000001,-0.16000000000000014,多余解释/冗余输出（Precision掉）
5adfb4b8554299603e418381,6966,What do Káťa Kabanovát and Der ferne Klang have in common?,an opera,Opera,1.0,1.0,1.0,8.08,Der ferne Klang,0.0,0.0,0.0,7.53,-1.0,-0.5499999999999998,-0.5499999999999998,实体跑偏/证据跑偏
5a804032554299485f5985a0,6969,"Which magazine ran for only one year, Kilobaud Microcomputing or Humbug?",Humbug,Humbug,1.0,1.0,1.0,8.06,Kilobaud Microcomputing,0.0,0.0,0.0,7.85,-1.0,-0.2100000000000008,-0.21000000000000085,实体跑偏/证据跑偏
5adea61155429939a52fe922,6972,What was the Canadian movie called in Italy that stared a professional American football defensive end of the National Football League along with Michael Ironside?,Anno 2053,Anno 2053,1.0,1.0,1.0,8.13,"Neon City (also known as Anno 2053 in Italy, Neonski Grad in Serbia)",0.27,0.15,1.0,7.76,-0.73,-0.370000000000001,-0.370000000000001,多余解释/冗余输出（Precision掉）
5a76f22055429972597f13fa,6978,What position in their bands did both Christopher Amott and Johnny Edwards have in common?,vocalist,Vocalist,1.0,1.0,1.0,7.92,founding member,0.0,0.0,0.0,7.18,-1.0,-0.7400000000000002,-0.7400000000000002,实体跑偏/证据跑偏
5abdd0f15542991f6610604d,6980,The Rome Protocols were signed by three Prime Ministers one of which was assassinated as part of what?,a failed coup attempt,failed coup attempt,1.0,1.0,1.0,7.89,a failed coup attempt by Nazi agents,0.67,0.5,1.0,7.56,-0.3299999999999999,-0.33,-0.33000000000000007,实体跑偏/证据跑偏
5a72a6d855429901807daf27,6991,"Of four Harry S. Truman Supreme Court candidates, who was the 53rd United States Secretary of the Treasury and the 13th Chief Justice of the United States?",Fred M. Vinson,Fred M. Vinson,1.0,1.0,1.0,7.95,"Frederick ""Fred"" Moore Vinson",0.57,0.5,0.67,7.52,-0.43,-0.4300000000000006,-0.4300000000000006,实体跑偏/证据跑偏
5adc0644554299438c868d08,6993,"The actress that played  Pearl Gallagher on the tv sitcom ""Diff'rent Strokes"" is also the voice of an animated character that debuted in what year?",1999,Mary Jo Catlett 1999,0.4,0.25,1.0,8.53,"She is voiced by actress Mary Jo Catlett and debuted in the season one episode ""Boating School"" on August 7, 1999",0.1,0.05,1.0,7.79,-0.3,-0.7399999999999993,-0.7399999999999993,数字取值错误（值不同）
5ac0d732554299294b219030,7001,The Lang Labor Party was the group that aligned with the policies of the government that followed what system?,Westminster,Westminster system,0.67,0.5,1.0,8.31,Premier of New South Wales,0.0,0.0,0.0,7.24,-0.67,-1.0700000000000005,-1.0700000000000003,实体跑偏/证据跑偏
5ab870ee5542990e739ec8f6,7007,A Wind in the Door is part of a series written by who?,Madeleine L'Engle,Madeleine L'Engle,1.0,1.0,1.0,7.73,"a companion book to ""A Wrinkle in Time"", and part of the Time Quintet",0.0,0.0,0.0,7.51,-1.0,-0.2200000000000006,-0.22000000000000064,实体跑偏/证据跑偏
5aba7fd055429955dce3ee5e,7011,Ladislav Matejka's Michigan Slavic Publications has published volumes by which historian considered to be the founder of morphophonology?,Nikolai Trubetzkoy,Nikolai Trubetzkoy,1.0,1.0,1.0,8.03,Nikolai Sergeyevich Trubetzkoy,0.8,0.67,1.0,7.55,-0.1999999999999999,-0.4799999999999995,-0.47999999999999954,实体跑偏/证据跑偏
5abd573c55429924427fcfb7,7019,Zach Parise's father played in which league?,NHL,NHL,1.0,1.0,1.0,7.77,Team Canada at the 1972 Summit Series,0.0,0.0,0.0,7.7,-1.0,-0.0699999999999994,-0.0699999999999994,同义词/别名未规范化
5a904b0c5542995651fb510e,7023,"""Up There Down There"" is a rock song written by an american guitarist who married a fellow rock musician by the name of what?",Patti Smith,Patti Smith,1.0,1.0,1.0,7.78,"Fred ""Sonic"" Smith",0.4,0.33,0.5,7.55,-0.6,-0.2300000000000004,-0.23000000000000043,实体跑偏/证据跑偏
5a8484495542997175ce1ee8,7026,Jamie Campbell Bower was a cast member of the TNT show that was canceled after how many seasons?,one,one,1.0,1.0,1.0,7.77,After one season,0.5,0.33,1.0,7.78,-0.5,0.0100000000000006,0.010000000000000675,多余解释/冗余输出（Precision掉）
5a7f40055542992e7d278cc0,7042,What did an English former footballer purchase in march 2009?,50 JJB Sports Fitness Clubs,JJB Sports Fitness Clubs,0.89,1.0,0.8,7.65,Dave Whelan purchased the 50 JJB Sports Fitness Clubs and the attached retail stores for £83.4 million,0.5,0.33,1.0,7.64,-0.39,-0.0100000000000006,-0.010000000000000675,数字/单位格式不一致（值相同）
5ae0b82855429906c02daaff,7047,Which 2010 Norwegian documentary miniseries featured an expert who is the Director of the University of Cambridge's Autism Research Centre?,Hjernevask,Hjernevask,1.0,1.0,1.0,7.94,"Hjernevask (""Brainwash"")",0.67,0.5,1.0,7.52,-0.3299999999999999,-0.4200000000000008,-0.4200000000000008,多余解释/冗余输出（Precision掉）
5abecdf45542997719eab5d4,7055,Lake Wales Ridge National Wildlife Refuge is on the US route that runs between a city in what Florida county?,Polk,Polk County,0.67,0.5,1.0,8.36,Davenport,0.0,0.0,0.0,7.47,-0.67,-0.8899999999999997,-0.8899999999999997,实体跑偏/证据跑偏
5abce1fa5542993a06baf993,7063,What nationality was the lover of Lord Alfred Douglas ?,Irish,Irish,1.0,1.0,1.0,7.85,Indo-Canadian,0.0,0.0,0.0,7.58,-1.0,-0.2699999999999996,-0.2699999999999996,实体跑偏/证据跑偏
5ae69cfe55429908198fa65f,7066,Reeves Plains Power Station is a proposal from a company owned by who?,Chow Tai Fook Enterprises,Chow Tai Fook Enterprises,1.0,1.0,1.0,7.97,Alinta Energy,0.0,0.0,0.0,7.14,-1.0,-0.8300000000000001,-0.8300000000000001,实体跑偏/证据跑偏
5a78b3f7554299148911f94c,7071,"Joan Bennett Kennedy, who had three children including Kara Kennedy, was known for pursuing which career?",former model,Former model,1.0,1.0,1.0,8.22,"former model, and was the first wife of U.S. Senator Edward (""Ted"") M. Kennedy (1932-2009) of Massachusetts",0.21,0.12,1.0,7.94,-0.79,-0.2800000000000002,-0.28000000000000025,多余解释/冗余输出（Precision掉）
5ab28156554299449642c8ce,7075,What league did was the team that played home games at Holman Stadium belong to?,Canadian-American Association of Professional Baseball,Futures Collegiate Baseball League,0.2,0.25,0.17,8.5,"The Vero Beach Devil Rays, originally the Vero Beach Dodgers, were a minor league baseball team based in Vero Beach, Florida",0.08,0.06,0.17,7.72,-0.12,-0.7800000000000002,-0.7800000000000002,实体跑偏/证据跑偏
5a810506554299260e20a202,7077,"What is the birth date of this American composer, who composed the Ghost Quartet?","January 4, 1976","January 4, 1976",1.0,1.0,1.0,8.03,"born January 4, 1976",0.86,0.75,1.0,7.22,-0.14,-0.8099999999999996,-0.8099999999999996,多余解释/冗余输出（Precision掉）
5ae1cb04554299234fd042fd,7079,What other things did  blind Arab philosopher who is also  Abd Allah ibn al-Fadl teacher do,"poet, and writer","Poet, writer",0.8,1.0,0.67,8.14,"received an excellent education in both Arabic and Greek, having studied Arabic grammar with the famous poet Abul ʿAla Al-Maʿarri",0.18,0.11,0.67,7.88,-0.6200000000000001,-0.2600000000000007,-0.2600000000000007,实体跑偏/证据跑偏
5ab3fa095542992ade7c6f0a,7082,Louis XVI style sought to evoke the artistic styles that were just then being rediscovered in  Pompeii and this ancient Roman town that was destroyed in what year,79 AD,79 AD,1.0,1.0,1.0,8.61,Herculaneum,0.0,0.0,0.0,7.77,-1.0,-0.8399999999999999,-0.8399999999999999,同义词/别名未规范化
5ae0036a55429942ec259bdf,7092,What other two divisions of Argentine forces were involved in the war with Britain that incurred losses in aircraft?,"Army, Navy",Army and Navy,0.8,0.67,1.0,8.0,"The numbers in bold are the number of aircraft used in the war, the numbers in brackets are the number of lost aircraft",0.0,0.0,0.0,7.73,-0.8,-0.2699999999999996,-0.2699999999999996,实体跑偏/证据跑偏
5ab87fa255429934fafe6e00,7094,Sand Lake Baptist Church is located in a hamlet with a population of what at the 2010 census?,"1,693","Averill Park, 1,693",0.5,0.33,1.0,8.5,"Averill Park, Rensselaer County, New York, 1,693",0.25,0.14,1.0,7.38,-0.25,-1.12,-1.12,数字/单位格式不一致（值相同）
5a793f505542994bb9456fd1,7096,Who was born first out of Leopold Lummerstorfer and Laurent Touil-Tartour?,Leopold Lummerstorfer,Leopold Lummerstorfer,1.0,1.0,1.0,7.97,Leopold Lummerstorfer (born 1968),0.67,0.5,1.0,7.54,-0.3299999999999999,-0.4299999999999997,-0.4299999999999997,多余解释/冗余输出（Precision掉）
5a7d1d825542995ed0d165f5,7097,In what city did Charlie Spiller play college football?,Lorman,Lorman,1.0,1.0,1.0,8.0,Alcorn State University,0.0,0.0,0.0,7.56,-1.0,-0.4400000000000004,-0.4400000000000004,实体跑偏/证据跑偏
5ae5be86554299546bf82f40,7098,"The actor of Professor Sprout in ""Harry Potter"" acted as a mother in a sitcom. In that sitcom, what was the daughter's name?",Fran,Fran,1.0,1.0,1.0,7.84,Mim,0.0,0.0,0.0,7.5,-1.0,-0.3399999999999998,-0.33999999999999986,实体跑偏/证据跑偏
5a8208ee5542990a1d231f1e,7099,"The town of Sinclair, West Virginia, is named after the founder of the local oil drilling company. What is on Sinclair Oil's famous logo?",dinosaur,Large green dinosaur,0.5,0.33,1.0,8.54,the silhouette of a large green dinosaur,0.33,0.2,1.0,7.69,-0.1699999999999999,-0.8499999999999988,-0.8499999999999988,实体跑偏/证据跑偏
5adc8d4f554299473435373d,7101,Edwyn Collins and Ian Gillan both have which profession in common?,singer,Singer,1.0,1.0,1.0,7.91,singer and songwriter,0.5,0.33,1.0,7.99,-0.5,0.08,0.08000000000000007,多余解释/冗余输出（Precision掉）
5ac02835554299294b218f2e,7114,Frank Lamson-Scribner was adopted by a family near which town in Kennebec County?,Manchester,Manchester,1.0,1.0,1.0,7.93,"Manchester, Maine",0.67,0.5,1.0,7.61,-0.3299999999999999,-0.3199999999999994,-0.3199999999999994,多余解释/冗余输出（Precision掉）
5a7c827e55429907fabeefa7,7117,The 2011 Tennessee Tech Golden Eagles football team competed in a conference with how many members competing in football?,9,9,1.0,1.0,1.0,7.83,The OVC has 9 of which compete in football in the conference,0.18,0.1,1.0,7.41,-0.8200000000000001,-0.4199999999999999,-0.41999999999999993,多余解释/冗余输出（Precision掉）
5ac017945542997d642959bc,7119,What film did the sound editor for a 2013 Hong Kong-Chinese martial arts drama film based on the life story of the Wing Chun grandmaster Ip Man win two Academy Awards for?,"""Hacksaw Ridge""",Hacksaw Ridge,1.0,1.0,1.0,8.38,The Grandmaster,0.0,0.0,0.0,8.01,-1.0,-0.370000000000001,-0.370000000000001,实体跑偏/证据跑偏
5a829a7055429966c78a6a66,7127,"What is unique about the forum an American poet, memoirist, and civil rights activist spoke at?",oldest free public lecture series,Oldest free public lecture series,1.0,1.0,1.0,8.27,The Ford Hall Forum is the oldest free public lecture series in the United States,0.59,0.42,1.0,7.84,-0.41,-0.4299999999999997,-0.4299999999999997,多余解释/冗余输出（Precision掉）
5a8a57fe55429930ff3c0da0,7135,When did the Cartoon Network series that starred Jessie Usher as Lyle premiere?,"January 24, 2012","January 24, 2012",1.0,1.0,1.0,8.13,"Tuesday, January 24, 2012",0.86,0.75,1.0,7.4,-0.14,-0.7300000000000004,-0.7300000000000004,多余解释/冗余输出（Precision掉）
5ac3ade05542995ef918c1e3,7136,Sylvia Cecil performed musicals by the playwright and composer of what nationality?,English,English,1.0,1.0,1.0,8.05,Ivor Novello and Noël Coward,0.0,0.0,0.0,7.85,-1.0,-0.200000000000001,-0.20000000000000107,实体跑偏/证据跑偏
5a74872655429979e2882978,7146,"What singer song writer born on December 13, 1989 wears jewelry from Porter Lyons?",Taylor Swift,Taylor Swift,1.0,1.0,1.0,7.93,Taylor Alison Swift,0.8,0.67,1.0,7.32,-0.1999999999999999,-0.6099999999999994,-0.6099999999999994,实体跑偏/证据跑偏
5a79b525554299029c4b5f67,7147,"What performing traditionally from the longest continental mountain range in the world, are Grupo Aymara famous for?",traditional music,Andean music,0.5,0.5,0.5,8.53,inspiring interpretations of traditional music of pre-Hispanic and contemporary music of the Andes,0.27,0.15,1.0,7.71,-0.2299999999999999,-0.8199999999999994,-0.8199999999999994,实体跑偏/证据跑偏
5a8712095542991e771816af,7149,Marwan Hage played for a college team that sponsors how many varsity sports teams?,17,17,1.0,1.0,1.0,8.2,The Colorado Buffaloes are the athletic teams that represent the University of Colorado Boulder,0.0,0.0,0.0,8.03,-1.0,-0.1699999999999999,-0.16999999999999993,实体跑偏/证据跑偏
5ab736a65542992aa3b8c7db,7162,"""She's a Mystery to Me"" is a song on an album released in 1989 by what label?",Virgin,Virgin,1.0,1.0,1.0,7.77,posthumously released on the Virgin label,0.33,0.2,1.0,7.48,-0.6699999999999999,-0.2899999999999991,-0.28999999999999915,多余解释/冗余输出（Precision掉）
5a7322165542994cef4bc470,7166,"What memeber of the artistic gymanstic team known as the ""Final Five"" who won a team gold medal at the Rio games was born on May 25, 1994?",Aly Raisman,Aly Raisman,1.0,1.0,1.0,7.87,"Alexandra Rose ""Aly"" Raisman",0.67,0.5,1.0,7.64,-0.3299999999999999,-0.2300000000000004,-0.23000000000000043,多余解释/冗余输出（Precision掉）
5a828a7b55429954d2e2eb69,7167,The retired American professional basketball player Walt Williams attended this institution in 1988 that is in which conference today?,Big Ten Conference,Big Ten Conference,1.0,1.0,1.0,7.58,University of Maryland from the ACC to join the Big Ten Conference,0.46,0.3,1.0,7.62,-0.54,0.04,0.040000000000000036,多余解释/冗余输出（Precision掉）
5ab28a87554299449642c8ec,7169,"This expansion of the 2008 magazine article ""Is Google Making Us Stoopid?"" was a finalist for what award?",Pulitzer Prize,Pulitzer Prize,1.0,1.0,1.0,7.81,The 2011 Pulitzer Prize in General Nonfiction,0.5,0.33,1.0,7.45,-0.5,-0.3599999999999994,-0.35999999999999943,多余解释/冗余输出（Precision掉）
5a85f5115542991dd0999ed9,7170,What kind of ships have been named after the King of Norway who ascended the throne in 1991?,motor ships,Motor ships,1.0,1.0,1.0,7.64,"Several motor ships have borne the name Kronprins Harald, after Harald V of Norway:",0.27,0.15,1.0,7.57,-0.73,-0.0699999999999994,-0.0699999999999994,多余解释/冗余输出（Precision掉）
5ae3368b5542991a06ce995b,7177,What relationship did the inventors of the technique through which plywood can be bent in three dimensions have?,husband and wife,Charles and Ray Eames,0.29,0.25,0.33,8.62,previously invented,0.0,0.0,0.0,8.0,-0.29,-0.6199999999999992,-0.6199999999999992,实体跑偏/证据跑偏
5ab915ad55429919ba4e239c,7188,"Who did Muhummad Ali fight next, in Houston, after the so-called Fight of the Century with Joe Frazier?",Jimmy Ellis,Jimmy Ellis,1.0,1.0,1.0,7.67,Muhammad Ali vs. Jimmy Ellis,0.57,0.4,1.0,7.5,-0.43,-0.1699999999999999,-0.16999999999999993,多余解释/冗余输出（Precision掉）
5a9080275542995651fb5175,7189,"What year was the Leeds football club, which Arthur Hydes played, formed?",1919,1919,1.0,1.0,1.0,7.96,The club was formed in 1919,0.33,0.2,1.0,7.79,-0.6699999999999999,-0.1699999999999999,-0.16999999999999993,多余解释/冗余输出（Precision掉）
5ae1e8ab5542997283cd22ca,7205,Anna Camp had a recurring role in the Fox series created by whom?,Mindy Kaling,The Mindy Project,0.5,0.5,0.5,8.45,Mad Men,0.0,0.0,0.0,7.44,-0.5,-1.009999999999999,-1.009999999999999,实体跑偏/证据跑偏
5a8fa20555429918e830d298,7210,"In 1967, there were how many active members in the organization whose first Grand Wizard was convicted for the 1966 murder of Vernon Dahmer?",around four hundred,Four hundred,0.8,1.0,0.67,8.23,"By 1967, the number of active members had shrunk to around four hundred",0.4,0.25,1.0,7.8,-0.4,-0.4300000000000006,-0.4300000000000006,数字取值错误（值不同）
5add3acb5542990dbb2f7ddc,7218,"Whose real-life story was the inspiration of the film which included the song ""We All Die Young""?","Tim ""Ripper"" Owens","Tim ""Ripper"" Owens",1.0,1.0,1.0,8.13,"For the movie, Matijevic performed the vocals for Mark Wahlberg's character, Chris ""Izzy"" Cole",0.0,0.0,0.0,7.84,-1.0,-0.2900000000000009,-0.2900000000000009,实体跑偏/证据跑偏
5a7fc5875542992e7d278d67,7227,What Theo Avgerinos movie did the actor known for the role as Matt McNamara appear in?,Fifty Pills,Fifty Pills,1.0,1.0,1.0,7.92,John Hensley,0.0,0.0,0.0,7.43,-1.0,-0.4900000000000002,-0.4900000000000002,实体跑偏/证据跑偏
5ae12aa6554299422ee99617,7230,The ghetto that George Kadish documented held how many people at its peak?,"29,000","29,000",1.0,1.0,1.0,7.94,"At its peak, the Ghetto held 29,000 people",0.25,0.14,1.0,7.73,-0.75,-0.2099999999999999,-0.20999999999999996,多余解释/冗余输出（Precision掉）
5a829c1d55429966c78a6a67,7232,What did  the man who  led Sweden to military supremacy during the Thirty Years' War found in 1623?,court in Åbo,Court in Åbo,1.0,1.0,1.0,8.17,"In Finland, then a part of Sweden, the court in Åbo was founded in 1623 by Gustavus Adolphus",0.32,0.19,1.0,8.21,-0.6799999999999999,0.0400000000000009,0.040000000000000924,多余解释/冗余输出（Precision掉）
5a8edb5c55429917b4a5bde9,7235,"How many years was the politician coauthor of Common Sense, subtitled A new constitution for Britain an MP for?",47 years,47,0.67,1.0,0.5,8.2,He was a member of parliament (MP) for 47 years,0.36,0.22,1.0,7.51,-0.31,-0.6899999999999995,-0.6899999999999995,数字/单位格式不一致（值相同）
5abcffc2554299700f9d7951,7237,"What is the name of the company in Independent Hill, Virginia that is also headquartered in Houston Texas?",Citgo,Citgo,1.0,1.0,1.0,7.86,Samsky's Market (also a Citgo gas station),0.29,0.17,1.0,7.43,-0.71,-0.4300000000000006,-0.4300000000000006,多余解释/冗余输出（Precision掉）
5a832ad55542990548d0b1b5,7239,What city hosts an annual convention devoted to a line of toys manufactured by a company based in Denmark?,Seattle,Seattle,1.0,1.0,1.0,8.18,Billund,0.0,0.0,0.0,7.64,-1.0,-0.54,-0.54,实体跑偏/证据跑偏
5ac3aa3655429939154138a2,7242,What Albanian department is reasonbile for an international integration effort first started in 2014?,Ministry of European Integration,Ministry of European Integration,1.0,1.0,1.0,7.84,Ministry of European Integration (Albania),0.89,0.8,1.0,7.37,-0.1099999999999999,-0.4699999999999997,-0.46999999999999975,多余解释/冗余输出（Precision掉）
5a7471f655429979e2882955,7243,Which American main title designer designed sequences for the founder of the Sundance Film Festival?,Wayne Fitzgerald,Wayne Fitzgerald,1.0,1.0,1.0,8.11,Robert Redford,0.0,0.0,0.0,7.73,-1.0,-0.379999999999999,-0.379999999999999,实体跑偏/证据跑偏
5ae200655542994d89d5b2f4,7252,How many students were enrolled in American professional bowler Chris Barnes' high school in the 2010-2011 school year?,"1,840 students",1840,0.67,1.0,0.5,8.44,"In the 2010-2011 school year, there were 1,840 students enrolled",0.33,0.2,1.0,7.63,-0.34,-0.8099999999999996,-0.8099999999999996,数字取值错误（值不同）
5a86ea445542994775f60780,7261,"When was the female character that on June 9, 2015 was promoted to a series regular first introduced on ""Once Upon a Time""?",the second half of the third season,Second half of the third season,1.0,1.0,1.0,8.25,She is portrayed by Rebecca Mader and was first introduced in the second half of the third season,0.48,0.31,1.0,7.36,-0.52,-0.8899999999999997,-0.8899999999999997,实体跑偏/证据跑偏
5a7e6df35542997cc2c47544,7272,What was the other name of the textile mill on which The Mill was based on?,Styal Mill,Styal Mill,1.0,1.0,1.0,7.99,Quarry Bank Mill (also known as Styal Mill),0.4,0.25,1.0,7.55,-0.6,-0.4400000000000004,-0.4400000000000004,多余解释/冗余输出（Precision掉）
5a8c78a8554299585d9e36bc,7281,Who coined the phrase that marked the period which included Sir Alexander Woodford's command of the 2nd battalion of the coldstream guards at the battle of waterloo?,"the prefect of Paris, Gaspard","Gaspard, comte de Chabrol",0.25,0.25,0.25,8.83,Field Marshal K. M. Cariappa,0.0,0.0,0.0,7.5,-0.25,-1.33,-1.33,实体跑偏/证据跑偏
5a77769e5542997042120a65,7282,"When Budweiser created a dog mascot to promote Bud Light in the 1980s, which rival brewer (with its own character Alex the Dog) were they competing with?",Stroh's,Stroh's,1.0,1.0,1.0,8.01,Stroh's beer,0.67,0.5,1.0,7.71,-0.3299999999999999,-0.2999999999999998,-0.2999999999999998,多余解释/冗余输出（Precision掉）
5a86f204554299211dda2b60,7286,James Cromwell stars in which movie that chronicles the life of Thoroughbred race horse?,Secretariat,Secretariat,1.0,1.0,1.0,8.34,Secretariat (film),0.67,0.5,1.0,7.76,-0.3299999999999999,-0.5800000000000001,-0.5800000000000001,多余解释/冗余输出（Precision掉）
5a8591715542994c784ddb27,7289,What was the breakthrough role of the actor starring in Good Boy! and was a native of Atlanta?,"Tai Frasier in ""Clueless""",Tai Frasier,0.67,1.0,0.5,8.25,"Her breakthrough role was as Tai Frasier in ""Clueless"" (1995)",0.57,0.4,1.0,7.62,-0.1,-0.6299999999999999,-0.6299999999999999,实体跑偏/证据跑偏
5abdb9775542993f32c2a01b,7291,Kim English was selected by the Pistons during the draft held at what location?,Prudential Center,Prudential Center,1.0,1.0,1.0,8.06,The Detroit Pistons with the 44th overall pick in the 2012 NBA draft,0.0,0.0,0.0,8.14,-1.0,0.08,0.08000000000000007,同义词/别名未规范化
5a7a73e45542996c55b2ddb6,7295,Evan Buliung played the character Aragon who is based on a character in a book series written by which author?,J. R. R. Tolkien,J.R.R. Tolkien,0.33,0.5,0.25,8.53,Lord of the Rings,0.0,0.0,0.0,7.69,-0.33,-0.839999999999999,-0.839999999999999,实体跑偏/证据跑偏
5ae657d55542995703ce8b5b,7298,"This stadium, the largest in eastern Europe, was home to the 1998 IAAF Grand Prix Final.  How many seats does it have?","81,000 seats","81,000",0.67,1.0,0.5,8.35,"Its total seating capacity is 81,000 seats, all covered",0.36,0.22,1.0,7.83,-0.31,-0.5199999999999996,-0.5199999999999996,数字/单位格式不一致（值相同）
5a82a1ae55429954d2e2eb89,7300,"Between Aspidistra and Cyrtanthus, which genus of plant belongs to the Subfamily Amaryllidoideae?",Cyrtanthus,Cyrtanthus,1.0,1.0,1.0,7.76,"The family Amaryllidaceae, subfamily Amaryllidoideae",0.0,0.0,0.0,7.56,-1.0,-0.2000000000000001,-0.20000000000000018,实体跑偏/证据跑偏
5ac213805542992f1f2b37e7,7304,"When did the animated series Kent Scott wrote end after beginning in September of 2002 on ""Nick on CBS""?",November,November,1.0,1.0,1.0,8.14,November of that year,0.4,0.25,1.0,7.73,-0.6,-0.4100000000000001,-0.41000000000000014,多余解释/冗余输出（Precision掉）
5ae684925542995703ce8b71,7307,Actor David Lee Stenstrom played the character Waldo the inventor in a TV show that ran on Nickelodeon during what yeras?,1984 to 1985,1984-1985,0.8,1.0,0.67,8.0,Out of Control,0.0,0.0,0.0,7.69,-0.8,-0.3099999999999996,-0.3099999999999996,实体跑偏/证据跑偏
5ae43d7f5542996836b02c59,7314,"Which director, John Schlesinger or Barbara Albert, was also a writer and film producer?",Barbara Albert,Barbara Albert,1.0,1.0,1.0,7.88,John Schlesinger,0.0,0.0,0.0,7.66,-1.0,-0.2199999999999997,-0.21999999999999975,实体跑偏/证据跑偏
5a8ea03e5542990e94052b81,7322,Atlanta Zero Mile Post is located within a historic area opened in what year ?,1969,1969,1.0,1.0,1.0,8.14,Underground Atlanta,0.0,0.0,0.0,7.7,-1.0,-0.4400000000000004,-0.4400000000000004,实体跑偏/证据跑偏
5ae1e22a5542997f29b3c160,7323,"The role of ""Celene"" in the film ""Walk All over Me"" was played by an actress that voices what role in the ""Starcraft 2"" triolgy?",Sarah Kerrigan,Sarah Kerrigan,1.0,1.0,1.0,8.67,"voicing Sarah Kerrigan, the Queen of Blades",0.5,0.33,1.0,8.42,-0.5,-0.25,-0.25,多余解释/冗余输出（Precision掉）
5a86e6f65542994775f6077c,7330,"How many Indians were killed in the massacre that ""kyáiyótokan"" was a survivor of?",About 200,About 200,1.0,1.0,1.0,8.07,About 200 Indians were killed,0.57,0.4,1.0,7.93,-0.43,-0.1400000000000005,-0.14000000000000057,多余解释/冗余输出（Precision掉）
5a77d4eb55429949eeb29f74,7331,"Who was born first, Yanka Dyagileva or Alexander Bashlachev?",Alexander Nickolaevich Bashlachev,Alexander Bashlachev,0.8,1.0,0.67,8.18,Yanka Dyagileva,0.0,0.0,0.0,7.76,-0.8,-0.4199999999999999,-0.41999999999999993,实体跑偏/证据跑偏
5ae09d6155429945ae9593d4,7347,Lee Sung-jae stars in the film Barking Dogs Never Bite which is what film genre?,comedy-drama,Dark comedy-drama,0.8,0.67,1.0,7.95,dark comedy-drama film,0.67,0.5,1.0,7.57,-0.13,-0.3799999999999999,-0.3799999999999999,实体跑偏/证据跑偏
5ae2c6bf554299492dc91c6c,7348,"Which Austrian writer and journalist introduced the term ""Journaille """,Karl Kraus,Karl Kraus,1.0,1.0,1.0,8.24,Karl Kraus (writer),0.8,0.67,1.0,7.75,-0.1999999999999999,-0.4900000000000002,-0.4900000000000002,多余解释/冗余输出（Precision掉）
5a7c220b5542990527d5545c,7352,"In 2014, the Co-operative Bank planned to launch a train service in Wiltshire called Go-op. Where is the bank headquartered",Manchester,Manchester,1.0,1.0,1.0,8.05,"Balloon Street, Manchester",0.5,0.33,1.0,7.77,-0.5,-0.2800000000000011,-0.28000000000000114,多余解释/冗余输出（Precision掉）
5a90bb4e55429916514e7536,7365,When was the town Emma Gramatica given its current name?,1927,1927,1.0,1.0,1.0,7.85,"It has around 24,000 inhabitants",0.0,0.0,0.0,7.3,-1.0,-0.5499999999999998,-0.5499999999999998,数字取值错误（值不同）
5a70f6425542994082a3e44c,7379,"Renamed in 2014, what was the vehicle offered as a prize to contestants on the first season of The Amazing Race Canada?",Chevrolet Corvette Stingrays,Chevrolet Corvette Stingrays,1.0,1.0,1.0,7.74,two Chevrolet Corvette Stingrays,0.86,0.75,1.0,7.57,-0.14,-0.1699999999999999,-0.16999999999999993,多余解释/冗余输出（Precision掉）
5a81ca0d5542990a1d231ebb,7382,"Which of the office buildings used to staff the White House used to be known as the State, War, and Navy Building?",Eisenhower Executive Office Building,Eisenhower Executive Office Building,1.0,1.0,1.0,7.72,"formerly known as the State, War, and Navy Building",0.17,0.12,0.25,7.51,-0.83,-0.2099999999999999,-0.20999999999999996,实体跑偏/证据跑偏
5ab97cd0554299753720f81a,7386,Elizabeth Austin wrote for a fitness magazine founded by who?,Christine MacIntyre,Christine MacIntyre,1.0,1.0,1.0,8.02,Weider Publications,0.0,0.0,0.0,7.06,-1.0,-0.96,-0.96,实体跑偏/证据跑偏
5ab84bab55429934fafe6d49,7389,"Terence Richard ""Terry"" Norris starred in a 2007 Australian drama film that was directed by Richard Roxburgh, and was based on a memoir by who?",Raimond Gaita,Raimond Gaita,1.0,1.0,1.0,8.31,Based on the memoir by Raimond Gaita,0.5,0.33,1.0,7.69,-0.5,-0.6200000000000001,-0.6200000000000001,多余解释/冗余输出（Precision掉）
5ae6793e5542991bbc9760e2,7390,Until what year did the Chief of Justice of the Supreme Court that administered the presidential oath of office to Abraham Lincoln on his first inauguration as the 16th President of the United States hold that office?,1864,1864,1.0,1.0,1.0,8.14,until his death in 1864,0.33,0.2,1.0,7.85,-0.6699999999999999,-0.2900000000000009,-0.2900000000000009,多余解释/冗余输出（Precision掉）
5a7e910a554299306751357f,7394,Who was the artist that recorded a duet in 1985 for the CBS TV series 'Dallas' with an artist that was born in 1951 and has twenty #1 hits?,Gary Morris,Gary Morris,1.0,1.0,1.0,7.95,Crystal Gayle,0.0,0.0,0.0,7.58,-1.0,-0.3700000000000001,-0.3700000000000001,实体跑偏/证据跑偏
5ac132a755429964131be17c,7405,Blackfin is a family of processors developed by the company that is headquartered in what city?,"Norwood, Massachusetts","Analog Devices, Wilmington, Massachusetts",0.33,0.25,0.5,8.5,Analog Devices,0.0,0.0,0.0,7.6,-0.33,-0.9000000000000004,-0.9000000000000004,实体跑偏/证据跑偏
